-- phpMyAdmin SQL Dump
-- version 4.8.5
-- https://www.phpmyadmin.net/
--
-- Host: 127.0.0.1
-- Generation Time: Nov 25, 2020 at 06:26 AM
-- Server version: 10.1.38-MariaDB
-- PHP Version: 5.6.40

SET SQL_MODE = "NO_AUTO_VALUE_ON_ZERO";
SET AUTOCOMMIT = 0;
START TRANSACTION;
SET time_zone = "+00:00";


/*!40101 SET @OLD_CHARACTER_SET_CLIENT=@@CHARACTER_SET_CLIENT */;
/*!40101 SET @OLD_CHARACTER_SET_RESULTS=@@CHARACTER_SET_RESULTS */;
/*!40101 SET @OLD_COLLATION_CONNECTION=@@COLLATION_CONNECTION */;
/*!40101 SET NAMES utf8mb4 */;

--
-- Database: `escalade`
--

-- --------------------------------------------------------

--
-- Table structure for table `antrian`
--

CREATE TABLE `antrian` (
  `no_antrian` int(11) NOT NULL,
  `id_booking` varchar(15) NOT NULL,
  `id_pasien` int(11) NOT NULL,
  `id_dokter` int(11) NOT NULL,
  `id_rekam_medis` varchar(15) NOT NULL
) ENGINE=InnoDB DEFAULT CHARSET=latin1;

--
-- Dumping data for table `antrian`
--

INSERT INTO `antrian` (`no_antrian`, `id_booking`, `id_pasien`, `id_dokter`, `id_rekam_medis`) VALUES
(62, 'MzMyM2ZlMTFl', 24, 1, 'NGEyZGRmMTQ4'),
(63, 'YjQwNjdmOGFh', 26, 1, 'OGE3MDFiMTc2'),
(64, 'YWRjNGI1MWI0', 24, 1, 'YWI2NGM3ZWY4'),
(65, 'MTExM2Q3YTc2', 27, 2, 'ZDQwNjExYWI4'),
(68, 'ZDU2MWQyMTMw', 41, 2, 'ODA3MTRiMmUx'),
(69, 'ZmM5OGQ3MmE2', 43, 3, 'Y2I5YzEwY2Mx'),
(70, 'OGNmZWRmZjg2', 39, 2, 'NjJkYjhmNjFl'),
(71, 'ZGM5ZmU3ZWVk', 45, 1, 'NjM3NjgwMGNj'),
(72, 'Mjg4NTQ5NDEy', 24, 1, 'ZjcxMmMxMjAz'),
(73, 'ZGM5ZmU3ZWVk', 45, 1, 'NjM3NjgwMGNj'),
(74, 'MTY5NmE3ZThh', 45, 3, 'OGRlYzM1Zjk0'),
(75, 'YTliZDc4ZDJm', 30, 3, 'ZGIxZWFhMjYw'),
(76, 'NmFhNzA0ZWNj', 44, 3, 'YzAxN2RlNGE1'),
(77, 'ZmM5OGQ3MmE2', 43, 3, 'Y2I5YzEwY2Mx'),
(78, 'NTk0MmIwNTk4', 41, 1, 'ODRhZWVhMjli'),
(79, 'NzMxNTdmY2Ew', 40, 2, 'ODJmYTEyOTQ1'),
(80, 'MTBmYzY3YTM0', 41, 1, 'Mzc1OWJmZGU4'),
(81, 'YjY3ZDAyYmEx', 42, 3, 'ZmJkOWU3ZDYw'),
(82, 'MTMwZGUyN2Uz', 41, 1, 'ZDhhZmJlM2Yw'),
(83, 'OGQ3MjM3YzY4', 45, 2, 'ZGUyYTFhMzQ5'),
(84, 'YTgzNDVjM2Ji', 24, 2, 'Njc2ZTc2ODU2'),
(85, 'N2ZjYmZmMzJi', 39, 2, 'M2NiNzgyMGYz'),
(86, 'MzJiZDQwMzYy', 40, 3, 'MjJlOWQ2YjEy'),
(87, 'OWY4MjBhZGY4', 41, 1, 'OTc3ZjhiMzNk'),
(88, 'NzI1MjE1ZWQ4', 42, 1, 'Y2RkYWE2ZTFh'),
(89, 'MzMwMjhlMzQz', 24, 2, 'NDVlNzIwMGJk'),
(90, 'MGZmMzliYmJm', 25, 3, 'MGU0NWE4N2Q2'),
(91, 'MDEwZTQwNmRm', 26, 3, 'Y2NlYTE2MzUz'),
(92, 'YzhmN2U4Y2Y0', 27, 1, 'MTFkODY3Nzk2'),
(93, 'YWE0NzU2MDQ2', 27, 2, 'ZmY3MGVhNDFi');

-- --------------------------------------------------------

--
-- Table structure for table `apotik`
--

CREATE TABLE `apotik` (
  `id` int(11) NOT NULL,
  `waktu` datetime NOT NULL
) ENGINE=InnoDB DEFAULT CHARSET=latin1;

--
-- Dumping data for table `apotik`
--

INSERT INTO `apotik` (`id`, `waktu`) VALUES
(1, '2017-01-01 22:21:53'),
(2, '2017-01-02 22:22:12'),
(3, '2017-01-03 22:22:36'),
(4, '2017-01-04 22:23:00'),
(5, '2017-01-05 22:23:28'),
(6, '2017-01-06 22:24:09'),
(7, '2017-01-09 22:24:35'),
(8, '2017-01-10 22:24:57'),
(9, '2017-01-11 22:25:26'),
(10, '2017-01-12 22:25:55'),
(11, '2017-01-13 22:26:19'),
(12, '2017-01-14 22:26:42'),
(13, '2017-01-16 22:27:03'),
(14, '2017-01-17 22:27:27'),
(15, '2017-01-18 22:27:50'),
(16, '2017-01-19 22:28:14'),
(17, '2017-01-20 22:28:44'),
(18, '2017-01-23 22:29:11'),
(19, '2017-01-24 22:29:31'),
(20, '2017-01-25 22:29:52'),
(21, '2017-01-26 22:30:15'),
(22, '2017-01-27 22:30:38'),
(23, '2017-01-28 22:31:02'),
(24, '2017-01-30 22:31:26'),
(25, '2017-01-31 22:31:48'),
(26, '2017-02-01 23:33:53'),
(27, '2017-02-02 23:34:09'),
(28, '2017-02-03 23:34:26'),
(29, '2017-02-04 23:34:46'),
(30, '2017-02-06 23:35:04'),
(31, '2017-02-07 23:35:19'),
(32, '2017-02-08 23:35:36'),
(33, '2017-02-09 23:35:52'),
(34, '2017-02-10 23:36:06'),
(35, '2017-02-13 23:36:22'),
(36, '2017-02-14 23:36:38'),
(37, '2017-02-15 23:36:54'),
(38, '2017-02-16 23:37:12'),
(39, '2017-02-17 23:37:34'),
(40, '2017-02-18 23:37:57'),
(41, '2017-02-20 23:38:14'),
(42, '2017-02-21 23:38:37'),
(43, '2017-02-22 23:38:56'),
(44, '2017-02-23 23:39:18'),
(45, '2017-02-24 23:39:36'),
(46, '2017-02-27 23:39:55'),
(47, '2017-02-28 23:40:12'),
(48, '2017-03-01 09:08:11'),
(49, '2017-03-02 09:08:29'),
(50, '2017-03-03 09:08:48'),
(51, '2017-03-04 09:09:07'),
(52, '2017-03-06 09:09:29'),
(53, '2017-03-07 09:10:02'),
(54, '2017-03-08 09:10:27'),
(55, '2017-03-09 09:10:49'),
(56, '2017-03-10 09:11:11'),
(57, '2017-03-13 09:11:31'),
(58, '2017-03-14 09:11:52'),
(59, '2017-03-15 09:12:41'),
(60, '2017-03-16 09:13:05'),
(61, '2017-03-17 09:13:30'),
(62, '2017-03-19 09:13:57'),
(63, '2017-03-20 09:14:16'),
(64, '2017-03-21 09:14:37'),
(65, '2017-03-22 09:15:02'),
(66, '2017-03-23 09:15:30'),
(67, '2017-03-24 09:16:01'),
(68, '2017-03-25 09:16:32'),
(69, '2017-03-26 09:17:00'),
(70, '2017-03-27 09:17:21'),
(71, '2017-03-28 09:17:44'),
(72, '2017-03-29 09:18:12'),
(73, '2017-03-30 09:18:39'),
(74, '2017-03-31 09:19:05'),
(75, '2017-04-01 10:41:03'),
(76, '2017-04-02 10:42:39'),
(77, '2017-04-03 10:42:57'),
(78, '2017-04-04 10:43:17'),
(79, '2017-04-05 10:43:37'),
(80, '2017-04-06 10:43:54'),
(81, '2017-04-07 10:44:11'),
(82, '2017-04-08 10:44:30'),
(83, '2017-04-10 10:44:47'),
(84, '2017-04-11 10:45:23'),
(85, '2017-04-12 10:45:40'),
(86, '2017-04-13 10:46:13'),
(87, '2017-04-15 10:46:32'),
(88, '2017-04-17 10:47:00'),
(89, '2017-04-18 10:47:16'),
(90, '2017-04-19 10:47:34'),
(91, '2017-04-20 10:47:56'),
(92, '2017-04-21 10:48:17'),
(93, '2017-04-22 10:48:35'),
(94, '2017-04-24 10:48:55'),
(95, '2017-04-25 11:43:48'),
(96, '2017-04-26 12:13:28'),
(97, '2017-04-27 12:56:18'),
(98, '2017-04-28 12:59:14'),
(99, '2017-04-29 13:13:02'),
(100, '2017-05-02 13:23:28'),
(101, '2017-05-03 13:44:00'),
(102, '2017-05-04 13:55:51'),
(103, '2017-05-05 14:05:42'),
(104, '2017-05-06 11:38:22'),
(105, '2017-05-08 11:49:54'),
(106, '2017-05-09 11:55:38'),
(107, '2017-05-10 12:01:35'),
(108, '2017-05-12 12:13:03'),
(109, '2017-05-13 12:27:53'),
(110, '2017-05-15 12:32:56'),
(111, '2017-05-16 12:43:02'),
(112, '2017-05-17 13:16:31'),
(113, '2017-05-18 13:23:38'),
(114, '2017-05-19 13:26:25'),
(115, '2017-05-20 13:28:50'),
(116, '2017-05-22 10:22:28'),
(117, '2017-05-23 13:42:24'),
(118, '2017-05-24 14:38:18'),
(119, '2017-05-26 13:59:24'),
(120, '2017-05-27 12:33:01'),
(121, '2017-05-28 12:42:37'),
(122, '2017-05-29 12:52:27'),
(123, '2017-05-30 12:01:06'),
(124, '2017-05-31 09:58:16'),
(125, '2010-02-27 00:00:00'),
(126, '2017-06-01 10:31:07'),
(127, '2017-06-02 10:21:50'),
(128, '2017-06-03 10:39:47'),
(129, '2017-06-04 11:17:48'),
(130, '2017-06-04 11:28:45'),
(131, '2017-06-05 11:03:11'),
(132, '2017-06-06 11:07:59'),
(133, '2017-06-07 10:09:05'),
(134, '2017-06-08 13:14:16'),
(135, '2017-06-08 13:02:37'),
(136, '2017-06-09 10:36:51'),
(137, '2017-06-10 11:45:41'),
(138, '2017-06-11 11:53:57'),
(139, '2017-06-12 11:37:49'),
(140, '2017-06-13 13:47:04'),
(141, '2017-06-14 10:19:09'),
(142, '2017-06-15 10:19:37'),
(143, '2017-06-16 11:55:34'),
(144, '2017-06-16 11:56:03'),
(146, '2017-06-17 12:01:34'),
(147, '2017-06-17 09:48:43'),
(148, '2017-06-19 11:41:46'),
(149, '2017-06-20 10:38:29'),
(150, '2017-06-21 13:31:57'),
(151, '2017-06-22 10:55:06'),
(152, '2017-06-23 13:47:54'),
(153, '2017-07-24 13:54:32'),
(154, '2017-06-27 14:23:28'),
(155, '2017-06-28 14:27:57'),
(156, '2017-06-29 14:31:12'),
(157, '2017-06-30 14:34:42'),
(158, '2017-06-30 15:10:30'),
(159, '2017-07-01 10:40:28'),
(160, '2017-07-02 10:45:59'),
(161, '2017-07-03 15:05:37'),
(162, '2017-07-04 12:09:54'),
(163, '2017-07-05 13:09:38'),
(164, '2017-07-06 11:43:25'),
(165, '2017-07-07 10:33:10'),
(166, '2017-07-08 10:38:39'),
(167, '2017-07-10 11:30:30'),
(168, '2017-07-11 09:48:28'),
(169, '2017-07-12 10:45:50'),
(170, '2017-07-13 13:40:49'),
(171, '2017-07-14 11:46:29'),
(172, '2017-07-17 11:15:41'),
(173, '2017-07-15 12:15:53'),
(174, '2017-07-17 14:43:38'),
(175, '2017-07-18 15:07:24'),
(176, '2017-07-18 17:31:23'),
(177, '2017-07-19 18:06:40'),
(178, '2017-07-19 15:55:36'),
(179, '2017-07-20 15:57:27'),
(180, '2017-07-20 16:08:54'),
(181, '2017-07-20 17:02:24'),
(182, '2017-07-20 17:15:07'),
(183, '2017-07-20 12:34:45'),
(184, '2017-07-21 18:03:20'),
(185, '2017-07-21 09:54:14'),
(186, '2017-07-23 16:17:32'),
(187, '2017-07-25 17:49:19'),
(188, '2016-07-04 10:21:12'),
(189, '2017-07-11 10:27:11'),
(190, '2017-07-18 10:36:02'),
(191, '2017-07-21 10:45:15'),
(192, '2017-07-26 10:47:49'),
(193, '2017-07-27 10:50:05'),
(194, '2017-07-26 17:14:46'),
(195, '2017-07-27 18:13:23'),
(196, '2017-07-28 18:11:50'),
(197, '2017-07-27 09:15:10'),
(198, '2017-07-29 10:01:18'),
(199, '2017-07-30 10:18:05'),
(200, '2017-07-31 18:03:03'),
(201, '2017-07-31 12:14:49'),
(202, '2017-08-01 16:04:01'),
(203, '2017-08-01 16:08:21'),
(204, '2017-08-01 16:56:56'),
(205, '2017-08-01 17:30:04'),
(206, '2017-08-01 18:46:24'),
(207, '2017-08-02 11:44:18'),
(208, '2017-08-02 16:45:14'),
(209, '2017-08-02 17:02:16'),
(210, '2017-08-02 17:56:10'),
(211, '2017-08-02 10:44:17'),
(212, '2017-07-29 11:02:33'),
(213, '2017-08-03 11:04:07'),
(214, '2017-08-03 15:48:00'),
(215, '2017-08-03 17:22:51'),
(216, '2017-08-03 17:49:38'),
(217, '2017-08-04 10:37:39'),
(218, '2017-08-04 11:46:42'),
(219, '2017-08-04 18:01:40'),
(220, '2017-08-05 10:29:43'),
(221, '2017-08-07 10:33:06'),
(222, '2017-08-07 16:15:37'),
(223, '2017-08-07 16:31:57'),
(224, '2017-08-07 16:34:16'),
(225, '2017-08-07 18:14:37'),
(226, '2017-08-07 09:30:20'),
(227, '2017-08-07 09:31:13'),
(228, '2017-08-08 10:27:34'),
(229, '2017-08-08 13:20:46'),
(230, '2017-08-08 15:37:11'),
(231, '2017-08-08 16:44:32'),
(232, '2017-08-08 17:12:23'),
(233, '2017-08-08 17:50:17'),
(234, '2017-08-08 18:19:45'),
(235, '2017-08-09 17:02:08'),
(236, '2017-08-09 17:14:12'),
(237, '2017-08-09 17:58:05'),
(238, '2017-08-09 18:16:56'),
(239, '2017-08-10 12:23:25'),
(240, '2017-08-10 12:56:41'),
(241, '2017-08-10 16:05:46'),
(242, '2017-08-10 17:50:23'),
(243, '2017-08-11 12:35:28'),
(244, '2017-08-11 09:08:29'),
(245, '2017-08-14 18:48:04'),
(246, '2017-08-15 10:16:08'),
(247, '2017-08-14 10:45:12'),
(248, '2017-08-15 13:56:31'),
(249, '2017-08-15 18:53:59'),
(250, '2017-08-16 17:35:32'),
(251, '2017-08-18 18:05:17'),
(252, '2017-08-21 16:40:56'),
(253, '2017-08-21 17:15:08'),
(254, '2017-08-21 17:51:43'),
(255, '2017-08-23 14:50:27'),
(256, '2017-08-24 15:17:06'),
(257, '2017-08-25 10:43:57'),
(258, '2017-08-26 11:23:58'),
(259, '2017-08-27 11:32:19'),
(260, '2017-08-28 15:33:34'),
(261, '2017-08-29 16:59:08'),
(262, '2017-08-30 17:08:30'),
(263, '2017-08-31 14:25:10'),
(264, '2017-09-02 14:29:35'),
(265, '2017-09-04 18:29:47'),
(266, '2017-09-04 13:25:06'),
(267, '2017-09-05 17:27:36'),
(268, '2017-09-05 18:04:54'),
(269, '2018-07-24 00:00:00'),
(270, '0000-00-00 00:00:00'),
(271, '0000-00-00 00:00:00'),
(272, '0000-00-00 00:00:00'),
(273, '2017-09-07 18:00:17'),
(274, '2017-09-08 18:23:14'),
(275, '2017-09-09 16:32:10'),
(276, '2017-09-11 17:57:25'),
(277, '2017-09-12 18:16:09'),
(278, '2017-09-14 18:09:33'),
(279, '2017-09-11 10:09:07'),
(280, '2017-09-15 10:18:00'),
(281, '2017-09-15 17:54:20'),
(282, '2017-09-15 17:56:26'),
(283, '2017-09-15 18:16:53'),
(284, '2017-09-18 16:04:07'),
(285, '2017-09-18 16:47:07'),
(286, '2017-09-18 16:49:19'),
(287, '2017-09-19 17:51:59'),
(288, '2017-09-19 15:26:15'),
(289, '2017-09-20 15:28:33'),
(290, '2017-09-23 11:01:31'),
(291, '2017-09-27 16:43:02'),
(292, '2017-09-27 16:56:20'),
(293, '2017-09-27 17:24:04'),
(294, '2017-09-28 13:15:22'),
(295, '2017-09-29 10:39:36'),
(296, '2017-09-28 11:03:35'),
(297, '2017-09-29 12:37:10'),
(298, '2017-09-29 16:32:02'),
(299, '2017-09-30 11:32:56'),
(300, '2017-10-02 11:55:26'),
(301, '2017-10-02 16:49:14'),
(302, '2017-10-02 17:31:48'),
(303, '2017-10-02 17:36:38'),
(304, '2017-10-03 17:27:15'),
(305, '2017-10-04 18:27:34'),
(306, '2017-10-04 10:13:47'),
(307, '2017-10-04 10:21:52'),
(308, '2017-10-05 11:09:02'),
(309, '2017-10-05 14:55:45'),
(310, '2017-10-09 15:48:11'),
(311, '2017-10-11 17:29:37'),
(312, '2017-10-11 17:57:02'),
(313, '2017-10-12 10:02:16'),
(314, '2017-10-12 13:28:48'),
(315, '2017-10-12 14:36:20'),
(316, '2017-10-13 17:50:06'),
(317, '2017-10-16 11:15:53'),
(318, '2017-10-17 13:07:22'),
(319, '2017-10-14 13:44:56'),
(320, '2017-10-19 16:58:15'),
(321, '2017-10-20 16:30:19'),
(322, '2017-10-20 16:45:25'),
(323, '2017-10-20 17:33:14'),
(324, '2017-10-20 17:58:02'),
(325, '2017-10-23 18:00:23'),
(326, '2017-10-24 12:47:30'),
(327, '2017-10-24 15:49:14'),
(328, '2017-10-25 17:47:21'),
(329, '2017-10-26 10:12:41'),
(330, '2017-10-25 10:41:44'),
(331, '2017-10-26 17:07:31'),
(332, '2017-10-27 09:45:56'),
(333, '2017-10-27 13:05:47'),
(334, '2017-10-28 11:00:35'),
(335, '2017-10-30 11:18:55'),
(336, '2017-10-31 09:48:52'),
(337, '2017-10-31 13:15:41'),
(338, '2017-11-01 15:02:37'),
(339, '2017-11-01 16:14:34'),
(340, '2017-11-01 16:46:14'),
(341, '2017-11-02 12:01:57'),
(342, '2017-11-02 12:46:46'),
(343, '2017-11-02 14:43:05'),
(344, '2017-11-02 14:45:13'),
(345, '2017-11-02 17:42:47'),
(346, '2017-11-03 12:52:13'),
(347, '2017-11-03 13:04:47'),
(348, '2017-11-04 10:22:16'),
(349, '2017-11-06 10:42:25'),
(350, '2017-11-06 17:01:09'),
(351, '2017-11-07 11:30:04'),
(352, '2017-11-07 11:31:47'),
(353, '2017-11-07 11:37:14'),
(354, '2017-11-07 16:53:59'),
(355, '2017-11-08 13:55:25'),
(356, '2017-11-08 14:07:20'),
(357, '2017-11-08 15:18:21'),
(358, '2017-11-08 15:23:14'),
(359, '2017-11-08 16:03:57'),
(360, '2017-11-09 10:00:43'),
(361, '2017-11-09 10:52:05'),
(362, '2017-11-09 15:08:50'),
(363, '2017-11-09 15:59:20'),
(364, '2017-11-09 16:31:17'),
(365, '2017-11-09 16:32:30'),
(366, '2017-11-10 20:06:22'),
(367, '2017-11-10 20:07:21'),
(368, '2017-11-10 20:08:49'),
(369, '2017-11-11 10:18:19'),
(370, '2017-11-13 10:25:26'),
(371, '2017-11-13 10:34:53'),
(372, '2017-11-13 10:58:25'),
(373, '2017-11-13 11:01:37'),
(374, '2017-11-13 12:01:42'),
(375, '2017-11-13 12:05:22'),
(376, '2017-11-13 14:55:23'),
(377, '2017-11-13 14:59:18'),
(378, '2017-11-13 15:01:19'),
(379, '2017-11-13 15:02:06'),
(380, '2017-11-13 15:05:45'),
(381, '2017-11-13 18:50:13'),
(382, '2017-11-14 09:48:56'),
(383, '2017-11-14 09:56:04'),
(384, '2017-11-14 17:49:02'),
(385, '2017-11-15 11:43:24'),
(386, '2017-11-15 11:53:16'),
(387, '2017-11-15 11:54:05'),
(388, '2017-11-15 12:23:54'),
(389, '2017-11-16 17:42:12'),
(390, '2017-11-16 17:43:09'),
(391, '2017-11-17 14:23:49'),
(392, '2017-11-17 14:30:00'),
(393, '2017-11-17 14:31:41'),
(394, '2017-11-18 11:58:51'),
(395, '2017-11-18 11:59:48'),
(396, '2017-11-18 12:07:35'),
(397, '2017-11-20 11:37:35'),
(398, '2017-11-20 14:12:45'),
(399, '2017-11-20 14:34:44'),
(400, '2017-11-20 15:43:30'),
(401, '2017-11-20 16:30:25'),
(402, '2017-11-20 16:43:47'),
(403, '2017-11-20 16:57:31'),
(404, '2017-11-20 17:00:19'),
(405, '2017-11-20 17:58:21'),
(406, '2017-11-20 17:59:33'),
(407, '2017-11-20 18:01:38'),
(408, '2017-11-20 18:04:52'),
(409, '2017-11-21 17:12:27'),
(410, '2017-11-22 14:38:55'),
(411, '2017-11-22 17:37:49'),
(412, '2017-11-23 12:27:41'),
(413, '2017-11-23 14:15:53'),
(414, '2017-11-23 16:20:39'),
(415, '2017-11-23 16:23:09'),
(416, '2017-11-23 17:08:31'),
(417, '2017-11-23 18:24:20'),
(418, '2017-11-24 10:21:23'),
(419, '2017-11-24 11:42:36'),
(420, '2017-11-24 18:13:54'),
(421, '2017-11-25 10:44:13'),
(422, '2017-11-25 10:45:22'),
(423, '2017-11-25 10:47:13'),
(424, '2017-11-27 10:54:08'),
(425, '2017-11-27 14:24:59'),
(426, '2017-11-27 15:54:24'),
(427, '2017-11-27 17:50:54'),
(428, '2017-11-28 12:17:00'),
(429, '2017-11-28 17:40:52'),
(430, '2017-11-28 11:41:37'),
(431, '2017-11-29 12:13:17'),
(432, '2017-11-29 12:17:42'),
(433, '2017-11-29 17:46:35'),
(434, '2017-11-30 11:34:29'),
(435, '2017-11-30 11:37:50'),
(436, '2017-11-29 13:59:39'),
(437, '2017-12-02 11:51:15'),
(438, '2017-12-02 12:00:18'),
(439, '2017-12-04 11:39:50'),
(440, '2017-12-04 17:14:42'),
(441, '2017-12-04 17:17:08'),
(442, '2017-12-04 09:35:38'),
(443, '2017-12-05 09:54:05'),
(444, '2017-12-05 14:10:36'),
(445, '2017-12-05 16:22:10'),
(446, '2017-12-05 17:33:50'),
(447, '2017-12-05 17:43:55'),
(448, '2017-12-05 17:55:31'),
(449, '2017-12-05 17:57:19'),
(450, '2017-12-06 11:51:16'),
(451, '2017-12-06 11:33:07'),
(452, '2017-12-06 11:35:09'),
(453, '2017-12-06 11:35:56'),
(454, '2017-12-07 13:14:09'),
(455, '2017-12-07 13:20:27'),
(456, '2017-12-07 16:25:54'),
(457, '2017-12-07 17:44:13'),
(458, '2017-12-07 17:47:57'),
(459, '2017-12-08 12:15:35'),
(460, '2017-12-08 12:57:13'),
(461, '2017-12-08 14:30:23'),
(462, '2017-12-08 14:34:05'),
(463, '2017-12-08 14:37:55'),
(464, '2017-12-08 14:57:31'),
(465, '2017-12-08 15:43:03'),
(466, '2017-12-08 17:02:21'),
(467, '2017-12-08 17:49:43'),
(468, '2017-12-10 10:31:51'),
(469, '2017-12-10 10:33:21'),
(470, '2017-12-10 10:41:14'),
(471, '2017-12-10 10:45:18'),
(472, '2017-12-10 10:56:19'),
(473, '2017-12-10 11:27:48'),
(474, '2017-12-10 11:31:38'),
(475, '2017-12-10 11:39:20'),
(476, '2017-12-10 12:17:37'),
(477, '2017-12-10 12:33:02'),
(478, '2017-12-09 10:09:31'),
(479, '2017-12-09 10:10:30'),
(480, '2017-12-09 10:11:30'),
(481, '2017-12-09 10:12:26'),
(482, '2017-12-09 10:28:09'),
(483, '2017-12-11 10:30:24'),
(484, '2017-12-11 10:31:06'),
(485, '2017-12-11 10:32:15'),
(486, '2017-12-11 13:45:17'),
(487, '2017-12-11 13:47:00'),
(488, '2017-12-11 13:48:24'),
(489, '2017-12-11 13:49:22'),
(490, '2017-12-11 18:13:40'),
(491, '2017-12-12 10:55:39'),
(492, '2017-12-12 13:23:03'),
(493, '2017-12-12 14:37:17'),
(494, '2017-12-12 15:11:16'),
(495, '2017-12-12 16:17:42'),
(496, '2017-12-12 16:18:57'),
(497, '2017-12-12 16:34:58'),
(498, '2017-12-12 16:45:01'),
(499, '2017-12-13 10:06:30'),
(500, '2017-12-13 11:14:46'),
(501, '2017-12-13 13:21:00'),
(502, '2017-12-13 17:42:28'),
(503, '2017-12-13 17:43:28'),
(504, '2017-12-13 17:44:14'),
(505, '2017-12-13 09:56:06'),
(506, '2017-12-14 11:56:03'),
(507, '2017-12-14 12:04:10'),
(508, '2017-12-14 12:04:59'),
(509, '2017-12-14 12:06:31'),
(510, '2017-12-14 14:15:29'),
(511, '2017-12-14 17:09:10'),
(512, '2017-12-15 09:53:45'),
(513, '2017-12-15 17:32:11'),
(514, '2017-12-16 11:19:58'),
(515, '2017-12-16 11:23:10'),
(516, '2017-12-16 11:28:28'),
(517, '2017-12-16 12:18:26'),
(518, '2017-12-16 12:25:18'),
(519, '2017-12-16 12:39:21'),
(520, '2017-12-16 12:51:27'),
(521, '2017-12-18 10:16:58'),
(522, '2017-12-18 11:23:37'),
(523, '2017-12-18 14:47:16'),
(524, '2017-12-18 14:51:59'),
(525, '2017-12-18 15:39:31'),
(526, '2017-12-19 14:45:00'),
(527, '2017-12-19 14:50:08'),
(528, '2017-12-19 14:51:22'),
(529, '2017-12-19 15:08:53'),
(530, '2017-12-19 15:53:11'),
(531, '2017-12-19 16:02:18'),
(532, '2017-12-19 16:04:42'),
(533, '2017-12-19 17:11:42'),
(534, '2017-12-19 17:38:32'),
(535, '0000-00-00 00:00:00'),
(536, '0000-00-00 00:00:00'),
(537, '0000-00-00 00:00:00'),
(538, '2017-12-19 18:05:52'),
(539, '2017-12-20 13:32:04'),
(540, '2017-12-20 13:32:40'),
(541, '2017-12-20 13:35:55'),
(542, '2017-12-20 13:37:55'),
(543, '2017-12-20 14:28:26'),
(544, '2017-12-20 15:36:56'),
(545, '2017-12-20 15:46:32'),
(546, '2017-12-20 15:48:33'),
(547, '2017-12-20 15:49:20'),
(548, '2017-12-20 18:26:20'),
(549, '2017-12-20 18:32:14'),
(550, '2017-12-21 10:25:50'),
(551, '2017-12-21 12:31:15'),
(552, '2017-12-21 12:33:36'),
(553, '2017-12-21 12:35:55'),
(554, '2017-12-21 12:37:36'),
(555, '2017-12-21 13:22:23'),
(556, '2017-12-21 14:32:58'),
(557, '2017-12-21 14:35:54'),
(558, '2017-12-21 14:41:23'),
(559, '2017-12-21 16:01:23'),
(560, '2017-12-21 16:39:08'),
(561, '2017-12-21 16:41:42'),
(562, '2017-12-21 17:36:09'),
(563, '2017-12-22 11:08:52'),
(564, '2017-12-22 11:10:53'),
(565, '2017-12-22 17:21:22'),
(566, '2017-12-22 17:22:14'),
(567, '2017-12-22 17:23:31'),
(568, '2017-12-22 18:03:03'),
(569, '2017-12-23 12:22:26'),
(570, '2017-12-23 12:25:12'),
(571, '2017-12-23 12:26:51'),
(572, '2017-12-23 12:27:51'),
(573, '2017-12-23 12:29:14'),
(574, '2017-12-26 15:18:11'),
(575, '2017-12-27 15:24:27'),
(576, '2017-12-27 16:02:48'),
(577, '2017-12-27 18:07:11'),
(578, '2017-12-28 10:16:09'),
(579, '2017-12-28 15:30:05'),
(580, '2017-12-28 17:59:58'),
(581, '2017-12-28 18:01:12'),
(582, '2017-12-28 18:02:56'),
(583, '2017-12-28 18:12:34'),
(584, '2017-12-28 18:13:36'),
(585, '2017-12-28 18:14:38'),
(586, '2017-12-28 12:58:54'),
(587, '2017-12-28 12:59:35'),
(588, '2017-12-30 13:20:12'),
(589, '2017-12-30 13:21:39'),
(590, '2017-12-30 13:25:01'),
(591, '2017-12-30 13:26:58'),
(592, '2017-12-30 13:28:14'),
(593, '2017-12-30 13:29:09'),
(594, '2017-12-30 13:30:10'),
(595, '2017-12-30 13:30:54'),
(596, '2018-01-02 10:02:13'),
(597, '2018-01-02 15:57:00'),
(598, '2018-01-02 17:53:32'),
(599, '2018-01-03 11:21:36'),
(600, '2018-01-03 18:21:22'),
(601, '2018-01-04 12:33:56'),
(602, '2018-01-04 13:15:21'),
(603, '2018-01-04 14:17:32'),
(604, '2018-01-04 14:22:39'),
(605, '2018-01-04 15:54:28'),
(606, '2018-01-04 16:39:58'),
(607, '2018-01-04 17:25:50'),
(608, '2018-01-05 10:04:46'),
(609, '2018-01-05 12:55:05'),
(610, '2018-01-05 12:56:23'),
(611, '2018-01-05 14:49:20'),
(612, '2018-01-05 14:51:12'),
(613, '2018-01-05 17:04:33'),
(614, '2018-01-06 10:21:38'),
(615, '2018-01-06 10:23:33'),
(616, '2018-01-06 10:26:04'),
(617, '2018-01-06 10:27:59'),
(618, '2018-01-06 10:30:48'),
(619, '2018-01-06 11:59:00'),
(620, '2018-01-06 12:04:08'),
(621, '2018-01-06 12:06:57'),
(622, '2018-01-06 12:19:30'),
(623, '2018-01-06 12:21:40'),
(624, '2018-01-06 12:26:58'),
(625, '2018-01-06 14:09:08'),
(626, '2018-01-06 14:11:20'),
(627, '2018-01-08 11:13:20'),
(628, '2018-01-08 11:17:46'),
(629, '2018-01-08 13:24:38'),
(630, '2018-01-08 13:25:34'),
(631, '2018-01-08 13:32:09'),
(632, '2018-01-08 17:42:48'),
(633, '2018-01-08 17:43:23'),
(634, '2018-01-08 10:30:07'),
(635, '2018-01-08 10:31:15'),
(636, '2018-01-08 10:31:20'),
(637, '2018-01-08 10:32:05'),
(638, '2018-01-09 10:43:55'),
(639, '2018-01-09 15:26:15'),
(640, '2018-01-09 09:56:09'),
(641, '2018-01-11 11:56:42'),
(642, '2018-01-11 13:20:46'),
(643, '2018-01-11 16:08:53'),
(644, '2018-01-11 16:22:56'),
(645, '2018-01-11 16:42:55'),
(646, '2018-01-11 17:56:47'),
(647, '2018-01-12 10:27:38'),
(648, '2018-01-12 11:57:20'),
(649, '2018-01-11 15:20:57'),
(650, '2018-01-11 15:22:51'),
(651, '2018-01-11 17:38:22'),
(652, '2018-01-11 17:46:29'),
(653, '2018-01-12 08:59:26'),
(654, '2018-01-12 10:19:47'),
(655, '2018-01-12 11:02:54'),
(656, '2018-01-12 11:18:32'),
(657, '2018-01-12 13:09:19'),
(658, '2018-01-12 13:10:28'),
(659, '2018-01-15 12:54:58'),
(660, '2018-01-15 13:58:04'),
(661, '2018-01-15 17:04:17'),
(662, '2018-01-15 15:05:52'),
(663, '2018-01-15 17:31:51'),
(664, '2018-01-16 17:40:12'),
(665, '2018-01-16 18:30:32'),
(666, '2020-05-26 13:07:33');

-- --------------------------------------------------------

--
-- Table structure for table `asuransi`
--

CREATE TABLE `asuransi` (
  `id_asuransi` int(11) NOT NULL,
  `id_user` int(11) NOT NULL,
  `id_metode` int(11) NOT NULL,
  `provider` varchar(50) NOT NULL,
  `kategori` varchar(50) NOT NULL,
  `no_asuransi` int(11) NOT NULL,
  `foto` varchar(50) NOT NULL
) ENGINE=InnoDB DEFAULT CHARSET=latin1;

-- --------------------------------------------------------

--
-- Table structure for table `booking`
--

CREATE TABLE `booking` (
  `id_booking` varchar(15) NOT NULL,
  `id_user` int(11) NOT NULL,
  `id_pasien` int(11) NOT NULL,
  `id_cabang` int(11) NOT NULL,
  `id_dokter` int(11) NOT NULL,
  `konfirmasi` int(4) NOT NULL,
  `alasan_tolak` varchar(100) DEFAULT NULL,
  `status` int(5) NOT NULL
) ENGINE=InnoDB DEFAULT CHARSET=latin1;

--
-- Dumping data for table `booking`
--

INSERT INTO `booking` (`id_booking`, `id_user`, `id_pasien`, `id_cabang`, `id_dokter`, `konfirmasi`, `alasan_tolak`, `status`) VALUES
('M2Q4NGRiZjE3', 22, 28, 2, 3, 0, NULL, 0),
('MDEwZTQwNmRm', 16, 26, 2, 3, 1, NULL, 1),
('MDQ3YTRhNzU5', 44, 45, 1, 1, 0, NULL, 0),
('MGMwM2NlNGNi', 16, 24, 0, 0, 0, NULL, 0),
('MGMwMTg3ZTRh', 22, 28, 1, 3, 1, NULL, 0),
('MGZmMzliYmJm', 16, 25, 1, 3, 1, NULL, 1),
('Mjg4NTQ5NDEy', 16, 24, 2, 1, 1, NULL, 3),
('MTBmYzY3YTM0', 35, 41, 1, 1, 1, NULL, 3),
('MTExM2Q3YTc2', 16, 27, 2, 2, 1, '', 3),
('MTMwZGUyN2Uz', 35, 41, 2, 1, 1, NULL, 1),
('MTY5NmE3ZThh', 44, 45, 1, 3, 1, NULL, 3),
('MTZjYmEwMWUw', 34, 40, 1, 3, 0, NULL, 0),
('MzcxM2JkZGE3', 16, 26, 2, 3, 0, NULL, 0),
('MzJiZDQwMzYy', 34, 40, 2, 3, 1, NULL, 1),
('MzMwMjhlMzQz', 16, 24, 2, 2, 1, NULL, 1),
('MzMyM2ZlMTFl', 16, 24, 1, 1, 1, '', 3),
('MzNmZDgyZDNk', 35, 42, 1, 1, 0, NULL, 0),
('MzQ1OGE5MGUy', 34, 39, 1, 2, 0, NULL, 0),
('N2ZjYmZmMzJi', 34, 39, 1, 2, 1, NULL, 1),
('NDcxYzk2YWZi', 16, 25, 0, 0, 0, NULL, 0),
('NDE2NGY4NDFi', 16, 24, 0, 2, 0, NULL, 0),
('NDgxMjYzODU0', 16, 26, 0, 0, 0, NULL, 0),
('NDQ5NmJkOTI5', 35, 41, 0, 0, 0, NULL, 0),
('NmFhNzA0ZWNj', 43, 44, 1, 3, 1, NULL, 3),
('NTk0MmIwNTk4', 35, 41, 1, 1, 1, NULL, 3),
('NzFkZDliNDhm', 22, 28, 1, 2, 2, 'Penuh', 4),
('NzI1MjE1ZWQ4', 35, 42, 1, 1, 1, NULL, 1),
('NzIwMGJlMTY2', 16, 27, 1, 1, 0, NULL, 0),
('NzMxNTdmY2Ew', 34, 40, 1, 2, 1, NULL, 3),
('ODQ2NmY5YWNl', 16, 26, 1, 1, 0, NULL, 0),
('OGNmZWRmZjg2', 34, 39, 2, 2, 1, NULL, 3),
('OGQ3MjM3YzY4', 44, 45, 1, 2, 1, NULL, 3),
('OGY3Y2I4MzI4', 35, 42, 1, 1, 0, NULL, 0),
('OTA3N2NlNTVi', 35, 41, 0, 0, 0, NULL, 0),
('OTVmMmI4NGRl', 16, 24, 1, 1, 0, NULL, 0),
('OWY2ODQ5NGI4', 16, 26, 1, 1, 0, NULL, 0),
('OWY4MjBhZGY4', 35, 41, 1, 1, 1, NULL, 1),
('YjE4MjMyOTdh', 16, 24, 1, 3, 0, NULL, 0),
('YjIzZjUyMjAy', 16, 24, 1, 2, 0, NULL, 0),
('YjQ2MGNmNmIw', 16, 27, 1, 3, 0, NULL, 0),
('YjQwNjdmOGFh', 16, 26, 1, 1, 1, NULL, 3),
('YjU5Nzk3NmMz', 16, 24, 1, 2, 0, NULL, 0),
('YjY3ZDAyYmEx', 35, 42, 2, 3, 1, NULL, 2),
('YjZkNDhiNzNi', 40, 43, 1, 3, 1, NULL, 0),
('YTgzNDVjM2Ji', 16, 24, 1, 2, 1, NULL, 3),
('YTliZDc4ZDJm', 24, 30, 1, 3, 1, NULL, 3),
('YWE0NzU2MDQ2', 16, 27, 1, 2, 1, NULL, 1),
('YWRjNGI1MWI0', 16, 24, 1, 1, 1, '', 3),
('YzhmN2U4Y2Y0', 16, 27, 2, 1, 1, NULL, 1),
('ZDc0MGRlMWU3', 16, 27, 1, 1, 0, NULL, 0),
('ZDc3MzE0YjVj', 35, 41, 1, 1, 0, NULL, 0),
('ZDFhMzQyYmIz', 16, 27, 2, 1, 0, NULL, 0),
('ZDgzMzBmODU3', 16, 24, 1, 1, 0, NULL, 0),
('ZDJlNDA0YjU0', 16, 26, 0, 3, 0, NULL, 0),
('ZDRmNjlmYWY0', 34, 40, 1, 1, 1, NULL, 0),
('ZDU2MWQyMTMw', 35, 41, 1, 2, 1, NULL, 3),
('Zjg5N2QxZTFm', 22, 28, 1, 1, 0, NULL, 0),
('ZmM5OGQ3MmE2', 40, 43, 2, 3, 1, NULL, 3),
('ZTYyNThiOTU2', 16, 26, 1, 1, 0, NULL, 0);

-- --------------------------------------------------------

--
-- Table structure for table `cabang`
--

CREATE TABLE `cabang` (
  `id_cabang` int(11) NOT NULL,
  `nama_cabang` text NOT NULL,
  `alamat` varchar(50) NOT NULL
) ENGINE=InnoDB DEFAULT CHARSET=latin1;

--
-- Dumping data for table `cabang`
--

INSERT INTO `cabang` (`id_cabang`, `nama_cabang`, `alamat`) VALUES
(1, 'Escalade Dental', 'Jl. Tebet Dalam No. 10'),
(2, 'Escalade Dental - Radio Dalam', 'Jl. radio Dalam Tengah No. 1');

-- --------------------------------------------------------

--
-- Table structure for table `cabang_dokter`
--

CREATE TABLE `cabang_dokter` (
  `id_cbdokter` int(11) NOT NULL,
  `id_dokter` int(11) NOT NULL,
  `id_cabang` int(11) NOT NULL
) ENGINE=InnoDB DEFAULT CHARSET=latin1;

--
-- Dumping data for table `cabang_dokter`
--

INSERT INTO `cabang_dokter` (`id_cbdokter`, `id_dokter`, `id_cabang`) VALUES
(1, 1, 1),
(2, 1, 2),
(3, 2, 1),
(4, 2, 2),
(5, 3, 2),
(6, 3, 1);

-- --------------------------------------------------------

--
-- Table structure for table `ci_sessions`
--

CREATE TABLE `ci_sessions` (
  `id` varchar(40) NOT NULL,
  `ip_address` varchar(45) NOT NULL,
  `timestamp` int(10) UNSIGNED NOT NULL DEFAULT '0',
  `data` blob NOT NULL
) ENGINE=InnoDB DEFAULT CHARSET=latin1;

-- --------------------------------------------------------

--
-- Table structure for table `detail_apotik`
--

CREATE TABLE `detail_apotik` (
  `id` int(11) NOT NULL,
  `id_apotik` int(11) NOT NULL,
  `id_obat` int(11) NOT NULL,
  `jumlah` int(11) NOT NULL,
  `harga_satuan` int(11) NOT NULL
) ENGINE=InnoDB DEFAULT CHARSET=latin1;

--
-- Dumping data for table `detail_apotik`
--

INSERT INTO `detail_apotik` (`id`, `id_apotik`, `id_obat`, `jumlah`, `harga_satuan`) VALUES
(1, 1, 1, 2, 125000),
(2, 1, 2, 0, 60000),
(3, 1, 3, 0, 150000),
(4, 1, 4, 0, 150000),
(5, 1, 5, 0, 150000),
(6, 1, 6, 0, 120000),
(7, 1, 7, 0, 120000),
(8, 1, 8, 0, 120000),
(9, 1, 9, 0, 60000),
(10, 1, 10, 0, 150000),
(11, 1, 11, 1, 60000),
(12, 1, 12, 2, 60000),
(13, 1, 13, 0, 150000),
(14, 1, 14, 0, 80000),
(15, 1, 15, 1, 80000),
(16, 1, 16, 0, 150000),
(17, 1, 17, 0, 150000),
(18, 1, 18, 0, 100000),
(19, 1, 19, 0, 100000),
(20, 1, 20, 0, 150000),
(21, 1, 21, 0, 200000),
(22, 1, 22, 0, 150000),
(23, 1, 23, 0, 150000),
(24, 1, 24, 0, 250000),
(25, 1, 25, 0, 150000),
(26, 1, 26, 0, 75000),
(27, 1, 27, 0, 75000),
(28, 1, 28, 0, 150000),
(29, 1, 29, 0, 250000),
(30, 1, 30, 0, 150000),
(31, 1, 31, 0, 100000),
(32, 1, 32, 1, 40000),
(33, 1, 33, 0, 50000),
(34, 1, 34, 0, 80000),
(35, 1, 35, 3, 160000),
(36, 1, 36, 10, 150000),
(37, 1, 37, 0, 100000),
(38, 1, 38, 1, 80000),
(39, 1, 39, 0, 300000),
(40, 1, 40, 0, 200000),
(41, 1, 41, 0, 150000),
(42, 1, 42, 0, 200000),
(43, 1, 43, 0, 300000),
(44, 1, 44, 0, 250000),
(45, 1, 45, 0, 250000),
(46, 1, 46, 0, 150000),
(47, 1, 47, 1, 120000),
(48, 2, 1, 0, 125000),
(49, 2, 2, 0, 60000),
(50, 2, 3, 0, 150000),
(51, 2, 4, 1, 150000),
(52, 2, 5, 0, 150000),
(53, 2, 6, 0, 120000),
(54, 2, 7, 0, 120000),
(55, 2, 8, 0, 120000),
(56, 2, 9, 0, 60000),
(57, 2, 10, 0, 150000),
(58, 2, 11, 0, 60000),
(59, 2, 12, 1, 60000),
(60, 2, 13, 1, 150000),
(61, 2, 14, 1, 80000),
(62, 2, 15, 0, 80000),
(63, 2, 16, 0, 150000),
(64, 2, 17, 0, 150000),
(65, 2, 18, 0, 100000),
(66, 2, 19, 0, 100000),
(67, 2, 20, 0, 150000),
(68, 2, 21, 0, 200000),
(69, 2, 22, 0, 150000),
(70, 2, 23, 0, 150000),
(71, 2, 24, 0, 250000),
(72, 2, 25, 0, 150000),
(73, 2, 26, 0, 75000),
(74, 2, 27, 0, 75000),
(75, 2, 28, 0, 150000),
(76, 2, 29, 0, 250000),
(77, 2, 30, 0, 150000),
(78, 2, 31, 0, 100000),
(79, 2, 32, 0, 40000),
(80, 2, 33, 0, 50000),
(81, 2, 34, 0, 80000),
(82, 2, 35, 0, 160000),
(83, 2, 36, 0, 150000),
(84, 2, 37, 0, 100000),
(85, 2, 38, 0, 80000),
(86, 2, 39, 0, 300000),
(87, 2, 40, 0, 200000),
(88, 2, 41, 0, 150000),
(89, 2, 42, 0, 200000),
(90, 2, 43, 0, 300000),
(91, 2, 44, 0, 250000),
(92, 2, 45, 0, 250000),
(93, 2, 46, 0, 150000),
(94, 2, 47, 0, 120000),
(95, 3, 1, 1, 125000),
(96, 3, 2, 1, 60000),
(97, 3, 3, 2, 150000),
(98, 3, 4, 2, 150000),
(99, 3, 5, 0, 150000),
(100, 3, 6, 2, 120000),
(101, 3, 7, 0, 120000),
(102, 3, 8, 1, 120000),
(103, 3, 9, 0, 60000),
(104, 3, 10, 0, 150000),
(105, 3, 11, 0, 60000),
(106, 3, 12, 1, 60000),
(107, 3, 13, 0, 150000),
(108, 3, 14, 4, 80000),
(109, 3, 15, 1, 80000),
(110, 3, 16, 0, 150000),
(111, 3, 17, 0, 150000),
(112, 3, 18, 0, 100000),
(113, 3, 19, 0, 100000),
(114, 3, 20, 1, 150000),
(115, 3, 21, 0, 200000),
(116, 3, 22, 0, 150000),
(117, 3, 23, 0, 150000),
(118, 3, 24, 0, 250000),
(119, 3, 25, 0, 150000),
(120, 3, 26, 0, 75000),
(121, 3, 27, 0, 75000),
(122, 3, 28, 0, 150000),
(123, 3, 29, 0, 250000),
(124, 3, 30, 0, 150000),
(125, 3, 31, 1, 100000),
(126, 3, 32, 0, 40000),
(127, 3, 33, 0, 50000),
(128, 3, 34, 0, 80000),
(129, 3, 35, 0, 160000),
(130, 3, 36, 0, 150000),
(131, 3, 37, 0, 100000),
(132, 3, 38, 0, 80000),
(133, 3, 39, 0, 300000),
(134, 3, 40, 0, 200000),
(135, 3, 41, 0, 150000),
(136, 3, 42, 0, 200000),
(137, 3, 43, 0, 300000),
(138, 3, 44, 0, 250000),
(139, 3, 45, 0, 250000),
(140, 3, 46, 1, 150000),
(141, 3, 47, 0, 120000),
(142, 4, 1, 5, 125000),
(143, 4, 2, 2, 60000),
(144, 4, 3, 1, 150000),
(145, 4, 4, 2, 150000),
(146, 4, 5, 0, 150000),
(147, 4, 6, 0, 120000),
(148, 4, 7, 0, 120000),
(149, 4, 8, 0, 120000),
(150, 4, 9, 0, 60000),
(151, 4, 10, 0, 150000),
(152, 4, 11, 0, 60000),
(153, 4, 12, 3, 60000),
(154, 4, 13, 1, 150000),
(155, 4, 14, 7, 80000),
(156, 4, 15, 1, 80000),
(157, 4, 16, 0, 150000),
(158, 4, 17, 0, 150000),
(159, 4, 18, 0, 100000),
(160, 4, 19, 1, 100000),
(161, 4, 20, 0, 150000),
(162, 4, 21, 2, 200000),
(163, 4, 22, 0, 150000),
(164, 4, 23, 0, 150000),
(165, 4, 24, 0, 250000),
(166, 4, 25, 0, 150000),
(167, 4, 26, 0, 75000),
(168, 4, 27, 0, 75000),
(169, 4, 28, 1, 150000),
(170, 4, 29, 1, 250000),
(171, 4, 30, 0, 150000),
(172, 4, 31, 0, 100000),
(173, 4, 32, 1, 40000),
(174, 4, 33, 0, 50000),
(175, 4, 34, 0, 80000),
(176, 4, 35, 0, 160000),
(177, 4, 36, 0, 150000),
(178, 4, 37, 0, 100000),
(179, 4, 38, 0, 80000),
(180, 4, 39, 1, 300000),
(181, 4, 40, 0, 200000),
(182, 4, 41, 0, 150000),
(183, 4, 42, 0, 200000),
(184, 4, 43, 0, 300000),
(185, 4, 44, 0, 250000),
(186, 4, 45, 0, 250000),
(187, 4, 46, 0, 150000),
(188, 4, 47, 0, 120000),
(189, 5, 1, 4, 125000),
(190, 5, 2, 1, 60000),
(191, 5, 3, 0, 150000),
(192, 5, 4, 4, 150000),
(193, 5, 5, 0, 150000),
(194, 5, 6, 0, 120000),
(195, 5, 7, 0, 120000),
(196, 5, 8, 2, 120000),
(197, 5, 9, 0, 60000),
(198, 5, 10, 1, 150000),
(199, 5, 11, 1, 60000),
(200, 5, 12, 2, 60000),
(201, 5, 13, 0, 150000),
(202, 5, 14, 2, 80000),
(203, 5, 15, 2, 80000),
(204, 5, 16, 0, 150000),
(205, 5, 17, 0, 150000),
(206, 5, 18, 0, 100000),
(207, 5, 19, 0, 100000),
(208, 5, 20, 0, 150000),
(209, 5, 21, 0, 200000),
(210, 5, 22, 0, 150000),
(211, 5, 23, 0, 150000),
(212, 5, 24, 0, 250000),
(213, 5, 25, 0, 150000),
(214, 5, 26, 1, 75000),
(215, 5, 27, 1, 75000),
(216, 5, 28, 0, 150000),
(217, 5, 29, 0, 250000),
(218, 5, 30, 1, 150000),
(219, 5, 31, 0, 100000),
(220, 5, 32, 0, 40000),
(221, 5, 33, 0, 50000),
(222, 5, 34, 1, 80000),
(223, 5, 35, 1, 160000),
(224, 5, 36, 0, 150000),
(225, 5, 37, 0, 100000),
(226, 5, 38, 0, 80000),
(227, 5, 39, 0, 300000),
(228, 5, 40, 0, 200000),
(229, 5, 41, 0, 150000),
(230, 5, 42, 0, 200000),
(231, 5, 43, 0, 300000),
(232, 5, 44, 0, 250000),
(233, 5, 45, 0, 250000),
(234, 5, 46, 0, 150000),
(235, 5, 47, 0, 120000),
(236, 6, 1, 1, 125000),
(237, 6, 2, 0, 60000),
(238, 6, 3, 0, 150000),
(239, 6, 4, 0, 150000),
(240, 6, 5, 0, 150000),
(241, 6, 6, 0, 120000),
(242, 6, 7, 0, 120000),
(243, 6, 8, 2, 120000),
(244, 6, 9, 0, 60000),
(245, 6, 10, 0, 150000),
(246, 6, 11, 0, 60000),
(247, 6, 12, 1, 60000),
(248, 6, 13, 1, 150000),
(249, 6, 14, 0, 80000),
(250, 6, 15, 1, 80000),
(251, 6, 16, 0, 150000),
(252, 6, 17, 0, 150000),
(253, 6, 18, 0, 100000),
(254, 6, 19, 0, 100000),
(255, 6, 20, 0, 150000),
(256, 6, 21, 0, 200000),
(257, 6, 22, 0, 150000),
(258, 6, 23, 0, 150000),
(259, 6, 24, 1, 250000),
(260, 6, 25, 0, 150000),
(261, 6, 26, 0, 75000),
(262, 6, 27, 0, 75000),
(263, 6, 28, 0, 150000),
(264, 6, 29, 0, 250000),
(265, 6, 30, 1, 150000),
(266, 6, 31, 0, 100000),
(267, 6, 32, 0, 40000),
(268, 6, 33, 0, 50000),
(269, 6, 34, 0, 80000),
(270, 6, 35, 0, 160000),
(271, 6, 36, 0, 150000),
(272, 6, 37, 0, 100000),
(273, 6, 38, 0, 80000),
(274, 6, 39, 0, 300000),
(275, 6, 40, 0, 200000),
(276, 6, 41, 0, 150000),
(277, 6, 42, 0, 200000),
(278, 6, 43, 0, 300000),
(279, 6, 44, 0, 250000),
(280, 6, 45, 0, 250000),
(281, 6, 46, 0, 150000),
(282, 6, 47, 0, 120000),
(283, 7, 1, 4, 125000),
(284, 7, 2, 1, 60000),
(285, 7, 3, 0, 150000),
(286, 7, 4, 0, 150000),
(287, 7, 5, 0, 150000),
(288, 7, 6, 0, 120000),
(289, 7, 7, 0, 120000),
(290, 7, 8, 0, 120000),
(291, 7, 9, 0, 60000),
(292, 7, 10, 0, 150000),
(293, 7, 11, 0, 60000),
(294, 7, 12, 3, 60000),
(295, 7, 13, 0, 150000),
(296, 7, 14, 3, 80000),
(297, 7, 15, 3, 80000),
(298, 7, 16, 0, 150000),
(299, 7, 17, 0, 150000),
(300, 7, 18, 0, 100000),
(301, 7, 19, 0, 100000),
(302, 7, 20, 0, 150000),
(303, 7, 21, 1, 200000),
(304, 7, 22, 0, 150000),
(305, 7, 23, 1, 150000),
(306, 7, 24, 0, 250000),
(307, 7, 25, 0, 150000),
(308, 7, 26, 0, 75000),
(309, 7, 27, 0, 75000),
(310, 7, 28, 0, 150000),
(311, 7, 29, 3, 250000),
(312, 7, 30, 1, 150000),
(313, 7, 31, 2, 100000),
(314, 7, 32, 0, 40000),
(315, 7, 33, 0, 50000),
(316, 7, 34, 0, 80000),
(317, 7, 35, 1, 160000),
(318, 7, 36, 0, 150000),
(319, 7, 37, 0, 100000),
(320, 7, 38, 0, 80000),
(321, 7, 39, 0, 300000),
(322, 7, 40, 0, 200000),
(323, 7, 41, 0, 150000),
(324, 7, 42, 0, 200000),
(325, 7, 43, 1, 300000),
(326, 7, 44, 0, 250000),
(327, 7, 45, 0, 250000),
(328, 7, 46, 0, 150000),
(329, 7, 47, 0, 120000),
(330, 8, 1, 1, 125000),
(331, 8, 2, 0, 60000),
(332, 8, 3, 1, 150000),
(333, 8, 4, 0, 150000),
(334, 8, 5, 0, 150000),
(335, 8, 6, 0, 120000),
(336, 8, 7, 0, 120000),
(337, 8, 8, 1, 120000),
(338, 8, 9, 0, 60000),
(339, 8, 10, 0, 150000),
(340, 8, 11, 0, 60000),
(341, 8, 12, 1, 60000),
(342, 8, 13, 0, 150000),
(343, 8, 14, 0, 80000),
(344, 8, 15, 1, 80000),
(345, 8, 16, 0, 150000),
(346, 8, 17, 0, 150000),
(347, 8, 18, 0, 100000),
(348, 8, 19, 0, 100000),
(349, 8, 20, 0, 150000),
(350, 8, 21, 0, 200000),
(351, 8, 22, 0, 150000),
(352, 8, 23, 0, 150000),
(353, 8, 24, 1, 250000),
(354, 8, 25, 0, 150000),
(355, 8, 26, 0, 75000),
(356, 8, 27, 0, 75000),
(357, 8, 28, 0, 150000),
(358, 8, 29, 0, 250000),
(359, 8, 30, 0, 150000),
(360, 8, 31, 0, 100000),
(361, 8, 32, 0, 40000),
(362, 8, 33, 0, 50000),
(363, 8, 34, 0, 80000),
(364, 8, 35, 0, 160000),
(365, 8, 36, 0, 150000),
(366, 8, 37, 0, 100000),
(367, 8, 38, 0, 80000),
(368, 8, 39, 1, 300000),
(369, 8, 40, 0, 200000),
(370, 8, 41, 0, 150000),
(371, 8, 42, 0, 200000),
(372, 8, 43, 0, 300000),
(373, 8, 44, 0, 250000),
(374, 8, 45, 0, 250000),
(375, 8, 46, 0, 150000),
(376, 8, 47, 0, 120000),
(377, 9, 1, 2, 125000),
(378, 9, 2, 0, 60000),
(379, 9, 3, 0, 150000),
(380, 9, 4, 1, 150000),
(381, 9, 5, 0, 150000),
(382, 9, 6, 0, 120000),
(383, 9, 7, 0, 120000),
(384, 9, 8, 1, 120000),
(385, 9, 9, 0, 60000),
(386, 9, 10, 0, 150000),
(387, 9, 11, 0, 60000),
(388, 9, 12, 2, 60000),
(389, 9, 13, 0, 150000),
(390, 9, 14, 2, 80000),
(391, 9, 15, 1, 80000),
(392, 9, 16, 0, 150000),
(393, 9, 17, 0, 150000),
(394, 9, 18, 0, 100000),
(395, 9, 19, 0, 100000),
(396, 9, 20, 0, 150000),
(397, 9, 21, 0, 200000),
(398, 9, 22, 0, 150000),
(399, 9, 23, 0, 150000),
(400, 9, 24, 1, 250000),
(401, 9, 25, 0, 150000),
(402, 9, 26, 0, 75000),
(403, 9, 27, 0, 75000),
(404, 9, 28, 0, 150000),
(405, 9, 29, 0, 250000),
(406, 9, 30, 0, 150000),
(407, 9, 31, 0, 100000),
(408, 9, 32, 0, 40000),
(409, 9, 33, 0, 50000),
(410, 9, 34, 0, 80000),
(411, 9, 35, 0, 160000),
(412, 9, 36, 0, 150000),
(413, 9, 37, 0, 100000),
(414, 9, 38, 0, 80000),
(415, 9, 39, 0, 300000),
(416, 9, 40, 0, 200000),
(417, 9, 41, 0, 150000),
(418, 9, 42, 0, 200000),
(419, 9, 43, 0, 300000),
(420, 9, 44, 0, 250000),
(421, 9, 45, 0, 250000),
(422, 9, 46, 0, 150000),
(423, 9, 47, 1, 120000),
(424, 10, 1, 4, 125000),
(425, 10, 2, 0, 60000),
(426, 10, 3, 1, 150000),
(427, 10, 4, 2, 150000),
(428, 10, 5, 2, 150000),
(429, 10, 6, 2, 120000),
(430, 10, 7, 0, 120000),
(431, 10, 8, 1, 120000),
(432, 10, 9, 0, 60000),
(433, 10, 10, 1, 150000),
(434, 10, 11, 0, 60000),
(435, 10, 12, 2, 60000),
(436, 10, 13, 2, 150000),
(437, 10, 14, 7, 80000),
(438, 10, 15, 2, 80000),
(439, 10, 16, 0, 150000),
(440, 10, 17, 1, 150000),
(441, 10, 18, 0, 100000),
(442, 10, 19, 1, 100000),
(443, 10, 20, 0, 150000),
(444, 10, 21, 1, 200000),
(445, 10, 22, 0, 150000),
(446, 10, 23, 0, 150000),
(447, 10, 24, 0, 250000),
(448, 10, 25, 0, 150000),
(449, 10, 26, 1, 75000),
(450, 10, 27, 1, 75000),
(451, 10, 28, 1, 150000),
(452, 10, 29, 0, 250000),
(453, 10, 30, 1, 150000),
(454, 10, 31, 0, 100000),
(455, 10, 32, 0, 40000),
(456, 10, 33, 0, 50000),
(457, 10, 34, 0, 80000),
(458, 10, 35, 0, 160000),
(459, 10, 36, 0, 150000),
(460, 10, 37, 0, 100000),
(461, 10, 38, 0, 80000),
(462, 10, 39, 1, 300000),
(463, 10, 40, 0, 200000),
(464, 10, 41, 0, 150000),
(465, 10, 42, 0, 200000),
(466, 10, 43, 0, 300000),
(467, 10, 44, 0, 250000),
(468, 10, 45, 0, 250000),
(469, 10, 46, 0, 150000),
(470, 10, 47, 0, 120000),
(471, 11, 1, 0, 125000),
(472, 11, 2, 0, 60000),
(473, 11, 3, 0, 150000),
(474, 11, 4, 2, 150000),
(475, 11, 5, 0, 150000),
(476, 11, 6, 0, 120000),
(477, 11, 7, 0, 120000),
(478, 11, 8, 0, 120000),
(479, 11, 9, 0, 60000),
(480, 11, 10, 0, 150000),
(481, 11, 11, 0, 60000),
(482, 11, 12, 0, 60000),
(483, 11, 13, 0, 150000),
(484, 11, 14, 0, 80000),
(485, 11, 15, 2, 80000),
(486, 11, 16, 0, 150000),
(487, 11, 17, 0, 150000),
(488, 11, 18, 0, 100000),
(489, 11, 19, 0, 100000),
(490, 11, 20, 0, 150000),
(491, 11, 21, 0, 200000),
(492, 11, 22, 0, 150000),
(493, 11, 23, 0, 150000),
(494, 11, 24, 0, 250000),
(495, 11, 25, 0, 150000),
(496, 11, 26, 0, 75000),
(497, 11, 27, 0, 75000),
(498, 11, 28, 0, 150000),
(499, 11, 29, 0, 250000),
(500, 11, 30, 1, 150000),
(501, 11, 31, 0, 100000),
(502, 11, 32, 0, 40000),
(503, 11, 33, 0, 50000),
(504, 11, 34, 0, 80000),
(505, 11, 35, 1, 160000),
(506, 11, 36, 0, 150000),
(507, 11, 37, 0, 100000),
(508, 11, 38, 0, 80000),
(509, 11, 39, 0, 300000),
(510, 11, 40, 0, 200000),
(511, 11, 41, 0, 150000),
(512, 11, 42, 0, 200000),
(513, 11, 43, 0, 300000),
(514, 11, 44, 0, 250000),
(515, 11, 45, 0, 250000),
(516, 11, 46, 0, 150000),
(517, 11, 47, 0, 120000),
(518, 12, 1, 3, 125000),
(519, 12, 2, 2, 60000),
(520, 12, 3, 2, 150000),
(521, 12, 4, 0, 150000),
(522, 12, 5, 0, 150000),
(523, 12, 6, 0, 120000),
(524, 12, 7, 0, 120000),
(525, 12, 8, 1, 120000),
(526, 12, 9, 2, 60000),
(527, 12, 10, 1, 150000),
(528, 12, 11, 1, 60000),
(529, 12, 12, 3, 60000),
(530, 12, 13, 2, 150000),
(531, 12, 14, 2, 80000),
(532, 12, 15, 2, 80000),
(533, 12, 16, 0, 150000),
(534, 12, 17, 0, 150000),
(535, 12, 18, 0, 100000),
(536, 12, 19, 0, 100000),
(537, 12, 20, 0, 150000),
(538, 12, 21, 1, 200000),
(539, 12, 22, 0, 150000),
(540, 12, 23, 0, 150000),
(541, 12, 24, 0, 250000),
(542, 12, 25, 0, 150000),
(543, 12, 26, 0, 75000),
(544, 12, 27, 0, 75000),
(545, 12, 28, 0, 150000),
(546, 12, 29, 0, 250000),
(547, 12, 30, 0, 150000),
(548, 12, 31, 0, 100000),
(549, 12, 32, 0, 40000),
(550, 12, 33, 0, 50000),
(551, 12, 34, 0, 80000),
(552, 12, 35, 1, 160000),
(553, 12, 36, 0, 150000),
(554, 12, 37, 0, 100000),
(555, 12, 38, 0, 80000),
(556, 12, 39, 0, 300000),
(557, 12, 40, 0, 200000),
(558, 12, 41, 0, 150000),
(559, 12, 42, 0, 200000),
(560, 12, 43, 0, 300000),
(561, 12, 44, 0, 250000),
(562, 12, 45, 0, 250000),
(563, 12, 46, 0, 150000),
(564, 12, 47, 0, 120000),
(565, 13, 1, 3, 125000),
(566, 13, 2, 0, 60000),
(567, 13, 3, 1, 150000),
(568, 13, 4, 1, 150000),
(569, 13, 5, 0, 150000),
(570, 13, 6, 1, 120000),
(571, 13, 7, 0, 120000),
(572, 13, 8, 1, 120000),
(573, 13, 9, 0, 60000),
(574, 13, 10, 1, 150000),
(575, 13, 11, 0, 60000),
(576, 13, 12, 1, 60000),
(577, 13, 13, 0, 150000),
(578, 13, 14, 5, 80000),
(579, 13, 15, 1, 80000),
(580, 13, 16, 0, 150000),
(581, 13, 17, 1, 150000),
(582, 13, 18, 0, 100000),
(583, 13, 19, 2, 100000),
(584, 13, 20, 1, 150000),
(585, 13, 21, 0, 200000),
(586, 13, 22, 0, 150000),
(587, 13, 23, 0, 150000),
(588, 13, 24, 1, 250000),
(589, 13, 25, 0, 150000),
(590, 13, 26, 0, 75000),
(591, 13, 27, 0, 75000),
(592, 13, 28, 2, 150000),
(593, 13, 29, 0, 250000),
(594, 13, 30, 0, 150000),
(595, 13, 31, 0, 100000),
(596, 13, 32, 0, 40000),
(597, 13, 33, 0, 50000),
(598, 13, 34, 0, 80000),
(599, 13, 35, 1, 160000),
(600, 13, 36, 1, 150000),
(601, 13, 37, 0, 100000),
(602, 13, 38, 0, 80000),
(603, 13, 39, 0, 300000),
(604, 13, 40, 0, 200000),
(605, 13, 41, 3, 150000),
(606, 13, 42, 0, 200000),
(607, 13, 43, 0, 300000),
(608, 13, 44, 0, 250000),
(609, 13, 45, 0, 250000),
(610, 13, 46, 0, 150000),
(611, 13, 47, 1, 120000),
(612, 14, 1, 0, 125000),
(613, 14, 2, 0, 60000),
(614, 14, 3, 0, 150000),
(615, 14, 4, 0, 150000),
(616, 14, 5, 0, 150000),
(617, 14, 6, 0, 120000),
(618, 14, 7, 0, 120000),
(619, 14, 8, 0, 120000),
(620, 14, 9, 0, 60000),
(621, 14, 10, 0, 150000),
(622, 14, 11, 0, 60000),
(623, 14, 12, 0, 60000),
(624, 14, 13, 0, 150000),
(625, 14, 14, 0, 80000),
(626, 14, 15, 0, 80000),
(627, 14, 16, 0, 150000),
(628, 14, 17, 1, 150000),
(629, 14, 18, 0, 100000),
(630, 14, 19, 1, 100000),
(631, 14, 20, 0, 150000),
(632, 14, 21, 0, 200000),
(633, 14, 22, 0, 150000),
(634, 14, 23, 0, 150000),
(635, 14, 24, 0, 250000),
(636, 14, 25, 0, 150000),
(637, 14, 26, 0, 75000),
(638, 14, 27, 1, 75000),
(639, 14, 28, 0, 150000),
(640, 14, 29, 0, 250000),
(641, 14, 30, 0, 150000),
(642, 14, 31, 0, 100000),
(643, 14, 32, 1, 40000),
(644, 14, 33, 0, 50000),
(645, 14, 34, 0, 80000),
(646, 14, 35, 0, 160000),
(647, 14, 36, 0, 150000),
(648, 14, 37, 0, 100000),
(649, 14, 38, 0, 80000),
(650, 14, 39, 0, 300000),
(651, 14, 40, 0, 200000),
(652, 14, 41, 0, 150000),
(653, 14, 42, 0, 200000),
(654, 14, 43, 0, 300000),
(655, 14, 44, 0, 250000),
(656, 14, 45, 0, 250000),
(657, 14, 46, 0, 150000),
(658, 14, 47, 0, 120000),
(659, 15, 1, 0, 125000),
(660, 15, 2, 0, 60000),
(661, 15, 3, 3, 150000),
(662, 15, 4, 0, 150000),
(663, 15, 5, 0, 150000),
(664, 15, 6, 0, 120000),
(665, 15, 7, 0, 120000),
(666, 15, 8, 1, 120000),
(667, 15, 9, 0, 60000),
(668, 15, 10, 1, 150000),
(669, 15, 11, 0, 60000),
(670, 15, 12, 0, 60000),
(671, 15, 13, 1, 150000),
(672, 15, 14, 1, 80000),
(673, 15, 15, 1, 80000),
(674, 15, 16, 0, 150000),
(675, 15, 17, 0, 150000),
(676, 15, 18, 0, 100000),
(677, 15, 19, 0, 100000),
(678, 15, 20, 0, 150000),
(679, 15, 21, 0, 200000),
(680, 15, 22, 0, 150000),
(681, 15, 23, 0, 150000),
(682, 15, 24, 0, 250000),
(683, 15, 25, 0, 150000),
(684, 15, 26, 0, 75000),
(685, 15, 27, 0, 75000),
(686, 15, 28, 0, 150000),
(687, 15, 29, 0, 250000),
(688, 15, 30, 0, 150000),
(689, 15, 31, 0, 100000),
(690, 15, 32, 0, 40000),
(691, 15, 33, 0, 50000),
(692, 15, 34, 0, 80000),
(693, 15, 35, 0, 160000),
(694, 15, 36, 0, 150000),
(695, 15, 37, 0, 100000),
(696, 15, 38, 0, 80000),
(697, 15, 39, 0, 300000),
(698, 15, 40, 1, 200000),
(699, 15, 41, 1, 150000),
(700, 15, 42, 0, 200000),
(701, 15, 43, 0, 300000),
(702, 15, 44, 0, 250000),
(703, 15, 45, 0, 250000),
(704, 15, 46, 0, 150000),
(705, 15, 47, 0, 120000),
(706, 16, 1, 1, 125000),
(707, 16, 2, 0, 60000),
(708, 16, 3, 2, 150000),
(709, 16, 4, 1, 150000),
(710, 16, 5, 0, 150000),
(711, 16, 6, 1, 120000),
(712, 16, 7, 0, 120000),
(713, 16, 8, 0, 120000),
(714, 16, 9, 0, 60000),
(715, 16, 10, 0, 150000),
(716, 16, 11, 0, 60000),
(717, 16, 12, 2, 60000),
(718, 16, 13, 0, 150000),
(719, 16, 14, 5, 80000),
(720, 16, 15, 0, 80000),
(721, 16, 16, 0, 150000),
(722, 16, 17, 0, 150000),
(723, 16, 18, 0, 100000),
(724, 16, 19, 0, 100000),
(725, 16, 20, 0, 150000),
(726, 16, 21, 0, 200000),
(727, 16, 22, 0, 150000),
(728, 16, 23, 0, 150000),
(729, 16, 24, 0, 250000),
(730, 16, 25, 0, 150000),
(731, 16, 26, 0, 75000),
(732, 16, 27, 0, 75000),
(733, 16, 28, 0, 150000),
(734, 16, 29, 0, 250000),
(735, 16, 30, 1, 150000),
(736, 16, 31, 0, 100000),
(737, 16, 32, 0, 40000),
(738, 16, 33, 0, 50000),
(739, 16, 34, 0, 80000),
(740, 16, 35, 0, 160000),
(741, 16, 36, 0, 150000),
(742, 16, 37, 0, 100000),
(743, 16, 38, 0, 80000),
(744, 16, 39, 0, 300000),
(745, 16, 40, 0, 200000),
(746, 16, 41, 0, 150000),
(747, 16, 42, 0, 200000),
(748, 16, 43, 0, 300000),
(749, 16, 44, 0, 250000),
(750, 16, 45, 0, 250000),
(751, 16, 46, 0, 150000),
(752, 16, 47, 0, 120000),
(753, 17, 1, 4, 125000),
(754, 17, 2, 1, 60000),
(755, 17, 3, 0, 150000),
(756, 17, 4, 0, 150000),
(757, 17, 5, 0, 150000),
(758, 17, 6, 0, 120000),
(759, 17, 7, 0, 120000),
(760, 17, 8, 1, 120000),
(761, 17, 9, 0, 60000),
(762, 17, 10, 0, 150000),
(763, 17, 11, 0, 60000),
(764, 17, 12, 4, 60000),
(765, 17, 13, 1, 150000),
(766, 17, 14, 3, 80000),
(767, 17, 15, 0, 80000),
(768, 17, 16, 0, 150000),
(769, 17, 17, 1, 150000),
(770, 17, 18, 0, 100000),
(771, 17, 19, 0, 100000),
(772, 17, 20, 0, 150000),
(773, 17, 21, 0, 200000),
(774, 17, 22, 1, 150000),
(775, 17, 23, 0, 150000),
(776, 17, 24, 0, 250000),
(777, 17, 25, 0, 150000),
(778, 17, 26, 0, 75000),
(779, 17, 27, 0, 75000),
(780, 17, 28, 1, 150000),
(781, 17, 29, 0, 250000),
(782, 17, 30, 0, 150000),
(783, 17, 31, 0, 100000),
(784, 17, 32, 0, 40000),
(785, 17, 33, 0, 50000),
(786, 17, 34, 0, 80000),
(787, 17, 35, 0, 160000),
(788, 17, 36, 0, 150000),
(789, 17, 37, 0, 100000),
(790, 17, 38, 0, 80000),
(791, 17, 39, 0, 300000),
(792, 17, 40, 0, 200000),
(793, 17, 41, 6, 150000),
(794, 17, 42, 1, 200000),
(795, 17, 43, 0, 300000),
(796, 17, 44, 0, 250000),
(797, 17, 45, 0, 250000),
(798, 17, 46, 0, 150000),
(799, 17, 47, 0, 120000),
(800, 18, 1, 10, 125000),
(801, 18, 2, 0, 60000),
(802, 18, 3, 1, 150000),
(803, 18, 4, 0, 150000),
(804, 18, 5, 0, 150000),
(805, 18, 6, 0, 120000),
(806, 18, 7, 0, 120000),
(807, 18, 8, 1, 120000),
(808, 18, 9, 0, 60000),
(809, 18, 10, 0, 150000),
(810, 18, 11, 2, 60000),
(811, 18, 12, 2, 60000),
(812, 18, 13, 9, 150000),
(813, 18, 14, 7, 80000),
(814, 18, 15, 0, 80000),
(815, 18, 16, 1, 150000),
(816, 18, 17, 0, 150000),
(817, 18, 18, 0, 100000),
(818, 18, 19, 0, 100000),
(819, 18, 20, 0, 150000),
(820, 18, 21, 1, 200000),
(821, 18, 22, 1, 150000),
(822, 18, 23, 0, 150000),
(823, 18, 24, 2, 250000),
(824, 18, 25, 0, 150000),
(825, 18, 26, 0, 75000),
(826, 18, 27, 0, 75000),
(827, 18, 28, 1, 150000),
(828, 18, 29, 0, 250000),
(829, 18, 30, 0, 150000),
(830, 18, 31, 0, 100000),
(831, 18, 32, 0, 40000),
(832, 18, 33, 1, 50000),
(833, 18, 34, 1, 80000),
(834, 18, 35, 1, 160000),
(835, 18, 36, 1, 150000),
(836, 18, 37, 0, 100000),
(837, 18, 38, 0, 80000),
(838, 18, 39, 0, 300000),
(839, 18, 40, 1, 200000),
(840, 18, 41, 4, 150000),
(841, 18, 42, 0, 200000),
(842, 18, 43, 0, 300000),
(843, 18, 44, 0, 250000),
(844, 18, 45, 0, 250000),
(845, 18, 46, 0, 150000),
(846, 18, 47, 0, 120000),
(847, 19, 1, 2, 125000),
(848, 19, 2, 4, 60000),
(849, 19, 3, 4, 150000),
(850, 19, 4, 2, 150000),
(851, 19, 5, 0, 150000),
(852, 19, 6, 0, 120000),
(853, 19, 7, 0, 120000),
(854, 19, 8, 3, 120000),
(855, 19, 9, 0, 60000),
(856, 19, 10, 1, 150000),
(857, 19, 11, 0, 60000),
(858, 19, 12, 3, 60000),
(859, 19, 13, 1, 150000),
(860, 19, 14, 2, 80000),
(861, 19, 15, 1, 80000),
(862, 19, 16, 0, 150000),
(863, 19, 17, 0, 150000),
(864, 19, 18, 0, 100000),
(865, 19, 19, 0, 100000),
(866, 19, 20, 3, 150000),
(867, 19, 21, 1, 200000),
(868, 19, 22, 0, 150000),
(869, 19, 23, 0, 150000),
(870, 19, 24, 0, 250000),
(871, 19, 25, 0, 150000),
(872, 19, 26, 0, 75000),
(873, 19, 27, 0, 75000),
(874, 19, 28, 0, 150000),
(875, 19, 29, 0, 250000),
(876, 19, 30, 0, 150000),
(877, 19, 31, 0, 100000),
(878, 19, 32, 0, 40000),
(879, 19, 33, 1, 50000),
(880, 19, 34, 0, 80000),
(881, 19, 35, 0, 160000),
(882, 19, 36, 0, 150000),
(883, 19, 37, 0, 100000),
(884, 19, 38, 0, 80000),
(885, 19, 39, 0, 300000),
(886, 19, 40, 0, 200000),
(887, 19, 41, 10, 150000),
(888, 19, 42, 1, 200000),
(889, 19, 43, 0, 300000),
(890, 19, 44, 0, 250000),
(891, 19, 45, 0, 250000),
(892, 19, 46, 0, 150000),
(893, 19, 47, 1, 120000),
(894, 20, 1, 0, 125000),
(895, 20, 2, 1, 60000),
(896, 20, 3, 3, 150000),
(897, 20, 4, 3, 150000),
(898, 20, 5, 0, 150000),
(899, 20, 6, 1, 120000),
(900, 20, 7, 0, 120000),
(901, 20, 8, 0, 120000),
(902, 20, 9, 0, 60000),
(903, 20, 10, 0, 150000),
(904, 20, 11, 0, 60000),
(905, 20, 12, 1, 60000),
(906, 20, 13, 0, 150000),
(907, 20, 14, 3, 80000),
(908, 20, 15, 4, 80000),
(909, 20, 16, 0, 150000),
(910, 20, 17, 0, 150000),
(911, 20, 18, 0, 100000),
(912, 20, 19, 0, 100000),
(913, 20, 20, 0, 150000),
(914, 20, 21, 0, 200000),
(915, 20, 22, 0, 150000),
(916, 20, 23, 0, 150000),
(917, 20, 24, 0, 250000),
(918, 20, 25, 1, 150000),
(919, 20, 26, 0, 75000),
(920, 20, 27, 1, 75000),
(921, 20, 28, 0, 150000),
(922, 20, 29, 1, 250000),
(923, 20, 30, 0, 150000),
(924, 20, 31, 0, 100000),
(925, 20, 32, 0, 40000),
(926, 20, 33, 0, 50000),
(927, 20, 34, 0, 80000),
(928, 20, 35, 0, 160000),
(929, 20, 36, 0, 150000),
(930, 20, 37, 0, 100000),
(931, 20, 38, 0, 80000),
(932, 20, 39, 0, 300000),
(933, 20, 40, 1, 200000),
(934, 20, 41, 1, 150000),
(935, 20, 42, 0, 200000),
(936, 20, 43, 0, 300000),
(937, 20, 44, 0, 250000),
(938, 20, 45, 0, 250000),
(939, 20, 46, 0, 150000),
(940, 20, 47, 0, 120000),
(941, 21, 1, 0, 125000),
(942, 21, 2, 0, 60000),
(943, 21, 3, 2, 150000),
(944, 21, 4, 0, 150000),
(945, 21, 5, 0, 150000),
(946, 21, 6, 0, 120000),
(947, 21, 7, 0, 120000),
(948, 21, 8, 2, 120000),
(949, 21, 9, 0, 60000),
(950, 21, 10, 1, 150000),
(951, 21, 11, 1, 60000),
(952, 21, 12, 2, 60000),
(953, 21, 13, 0, 150000),
(954, 21, 14, 2, 80000),
(955, 21, 15, 1, 80000),
(956, 21, 16, 2, 150000),
(957, 21, 17, 0, 150000),
(958, 21, 18, 0, 100000),
(959, 21, 19, 0, 100000),
(960, 21, 20, 0, 150000),
(961, 21, 21, 0, 200000),
(962, 21, 22, 0, 150000),
(963, 21, 23, 0, 150000),
(964, 21, 24, 1, 250000),
(965, 21, 25, 0, 150000),
(966, 21, 26, 0, 75000),
(967, 21, 27, 0, 75000),
(968, 21, 28, 1, 150000),
(969, 21, 29, 0, 250000),
(970, 21, 30, 1, 150000),
(971, 21, 31, 0, 100000),
(972, 21, 32, 0, 40000),
(973, 21, 33, 0, 50000),
(974, 21, 34, 0, 80000),
(975, 21, 35, 0, 160000),
(976, 21, 36, 0, 150000),
(977, 21, 37, 0, 100000),
(978, 21, 38, 0, 80000),
(979, 21, 39, 0, 300000),
(980, 21, 40, 0, 200000),
(981, 21, 41, 0, 150000),
(982, 21, 42, 0, 200000),
(983, 21, 43, 0, 300000),
(984, 21, 44, 0, 250000),
(985, 21, 45, 0, 250000),
(986, 21, 46, 0, 150000),
(987, 21, 47, 0, 120000),
(988, 22, 1, 3, 125000),
(989, 22, 2, 1, 60000),
(990, 22, 3, 0, 150000),
(991, 22, 4, 0, 150000),
(992, 22, 5, 0, 150000),
(993, 22, 6, 0, 120000),
(994, 22, 7, 0, 120000),
(995, 22, 8, 1, 120000),
(996, 22, 9, 0, 60000),
(997, 22, 10, 0, 150000),
(998, 22, 11, 0, 60000),
(999, 22, 12, 1, 60000),
(1000, 22, 13, 0, 150000),
(1001, 22, 14, 2, 80000),
(1002, 22, 15, 1, 80000),
(1003, 22, 16, 2, 150000),
(1004, 22, 17, 0, 150000),
(1005, 22, 18, 0, 100000),
(1006, 22, 19, 1, 100000),
(1007, 22, 20, 0, 150000),
(1008, 22, 21, 0, 200000),
(1009, 22, 22, 0, 150000),
(1010, 22, 23, 0, 150000),
(1011, 22, 24, 0, 250000),
(1012, 22, 25, 0, 150000),
(1013, 22, 26, 1, 75000),
(1014, 22, 27, 1, 75000),
(1015, 22, 28, 0, 150000),
(1016, 22, 29, 0, 250000),
(1017, 22, 30, 0, 150000),
(1018, 22, 31, 0, 100000),
(1019, 22, 32, 0, 40000),
(1020, 22, 33, 0, 50000),
(1021, 22, 34, 0, 80000),
(1022, 22, 35, 2, 160000),
(1023, 22, 36, 0, 150000),
(1024, 22, 37, 1, 100000),
(1025, 22, 38, 0, 80000),
(1026, 22, 39, 0, 300000),
(1027, 22, 40, 0, 200000),
(1028, 22, 41, 0, 150000),
(1029, 22, 42, 0, 200000),
(1030, 22, 43, 0, 300000),
(1031, 22, 44, 0, 250000),
(1032, 22, 45, 0, 250000),
(1033, 22, 46, 0, 150000),
(1034, 22, 47, 0, 120000),
(1035, 23, 1, 5, 125000),
(1036, 23, 2, 0, 60000),
(1037, 23, 3, 0, 150000),
(1038, 23, 4, 0, 150000),
(1039, 23, 5, 0, 150000),
(1040, 23, 6, 0, 120000),
(1041, 23, 7, 0, 120000),
(1042, 23, 8, 0, 120000),
(1043, 23, 9, 1, 60000),
(1044, 23, 10, 0, 150000),
(1045, 23, 11, 0, 60000),
(1046, 23, 12, 2, 60000),
(1047, 23, 13, 1, 150000),
(1048, 23, 14, 4, 80000),
(1049, 23, 15, 0, 80000),
(1050, 23, 16, 0, 150000),
(1051, 23, 17, 1, 150000),
(1052, 23, 18, 0, 100000),
(1053, 23, 19, 1, 100000),
(1054, 23, 20, 2, 150000),
(1055, 23, 21, 0, 200000),
(1056, 23, 22, 0, 150000),
(1057, 23, 23, 0, 150000),
(1058, 23, 24, 0, 250000),
(1059, 23, 25, 1, 150000),
(1060, 23, 26, 0, 75000),
(1061, 23, 27, 0, 75000),
(1062, 23, 28, 1, 150000),
(1063, 23, 29, 0, 250000),
(1064, 23, 30, 0, 150000),
(1065, 23, 31, 0, 100000),
(1066, 23, 32, 0, 40000),
(1067, 23, 33, 0, 50000),
(1068, 23, 34, 0, 80000),
(1069, 23, 35, 0, 160000),
(1070, 23, 36, 0, 150000),
(1071, 23, 37, 0, 100000),
(1072, 23, 38, 0, 80000),
(1073, 23, 39, 0, 300000),
(1074, 23, 40, 0, 200000),
(1075, 23, 41, 3, 150000),
(1076, 23, 42, 0, 200000),
(1077, 23, 43, 0, 300000),
(1078, 23, 44, 0, 250000),
(1079, 23, 45, 0, 250000),
(1080, 23, 46, 0, 150000),
(1081, 23, 47, 0, 120000),
(1082, 24, 1, 3, 125000),
(1083, 24, 2, 0, 60000),
(1084, 24, 3, 2, 150000),
(1085, 24, 4, 1, 150000),
(1086, 24, 5, 0, 150000),
(1087, 24, 6, 0, 120000),
(1088, 24, 7, 0, 120000),
(1089, 24, 8, 2, 120000),
(1090, 24, 9, 0, 60000),
(1091, 24, 10, 0, 150000),
(1092, 24, 11, 0, 60000),
(1093, 24, 12, 2, 60000),
(1094, 24, 13, 0, 150000),
(1095, 24, 14, 5, 80000),
(1096, 24, 15, 0, 80000),
(1097, 24, 16, 0, 150000),
(1098, 24, 17, 0, 150000),
(1099, 24, 18, 0, 100000),
(1100, 24, 19, 2, 100000),
(1101, 24, 20, 1, 150000),
(1102, 24, 21, 0, 200000),
(1103, 24, 22, 0, 150000),
(1104, 24, 23, 0, 150000),
(1105, 24, 24, 1, 250000),
(1106, 24, 25, 0, 150000),
(1107, 24, 26, 0, 75000),
(1108, 24, 27, 0, 75000),
(1109, 24, 28, 0, 150000),
(1110, 24, 29, 0, 250000),
(1111, 24, 30, 1, 150000),
(1112, 24, 31, 0, 100000),
(1113, 24, 32, 0, 40000),
(1114, 24, 33, 0, 50000),
(1115, 24, 34, 0, 80000),
(1116, 24, 35, 1, 160000),
(1117, 24, 36, 0, 150000),
(1118, 24, 37, 0, 100000),
(1119, 24, 38, 0, 80000),
(1120, 24, 39, 0, 300000),
(1121, 24, 40, 0, 200000),
(1122, 24, 41, 3, 150000),
(1123, 24, 42, 1, 200000),
(1124, 24, 43, 0, 300000),
(1125, 24, 44, 0, 250000),
(1126, 24, 45, 0, 250000),
(1127, 24, 46, 0, 150000),
(1128, 24, 47, 0, 120000),
(1129, 25, 1, 4, 125000),
(1130, 25, 2, 0, 60000),
(1131, 25, 3, 2, 150000),
(1132, 25, 4, 0, 150000),
(1133, 25, 5, 0, 150000),
(1134, 25, 6, 0, 120000),
(1135, 25, 7, 0, 120000),
(1136, 25, 8, 0, 120000),
(1137, 25, 9, 0, 60000),
(1138, 25, 10, 0, 150000),
(1139, 25, 11, 0, 60000),
(1140, 25, 12, 1, 60000),
(1141, 25, 13, 1, 150000),
(1142, 25, 14, 2, 80000),
(1143, 25, 15, 1, 80000),
(1144, 25, 16, 1, 150000),
(1145, 25, 17, 0, 150000),
(1146, 25, 18, 0, 100000),
(1147, 25, 19, 0, 100000),
(1148, 25, 20, 2, 150000),
(1149, 25, 21, 3, 200000),
(1150, 25, 22, 0, 150000),
(1151, 25, 23, 0, 150000),
(1152, 25, 24, 0, 250000),
(1153, 25, 25, 0, 150000),
(1154, 25, 26, 0, 75000),
(1155, 25, 27, 0, 75000),
(1156, 25, 28, 0, 150000),
(1157, 25, 29, 0, 250000),
(1158, 25, 30, 0, 150000),
(1159, 25, 31, 0, 100000),
(1160, 25, 32, 2, 40000),
(1161, 25, 33, 0, 50000),
(1162, 25, 34, 0, 80000),
(1163, 25, 35, 2, 160000),
(1164, 25, 36, 2, 150000),
(1165, 25, 37, 0, 100000),
(1166, 25, 38, 0, 80000),
(1167, 25, 39, 0, 300000),
(1168, 25, 40, 1, 200000),
(1169, 25, 41, 3, 150000),
(1170, 25, 42, 0, 200000),
(1171, 25, 43, 0, 300000),
(1172, 25, 44, 0, 250000),
(1173, 25, 45, 0, 250000),
(1174, 25, 46, 0, 150000),
(1175, 25, 47, 0, 120000),
(1176, 26, 1, 3, 125000),
(1177, 26, 2, 0, 60000),
(1178, 26, 3, 0, 150000),
(1179, 26, 4, 6, 150000),
(1180, 26, 5, 0, 150000),
(1181, 26, 6, 0, 120000),
(1182, 26, 7, 0, 120000),
(1183, 26, 8, 0, 120000),
(1184, 26, 9, 0, 60000),
(1185, 26, 10, 0, 150000),
(1186, 26, 11, 0, 60000),
(1187, 26, 12, 2, 60000),
(1188, 26, 13, 1, 150000),
(1189, 26, 14, 4, 80000),
(1190, 26, 15, 0, 80000),
(1191, 26, 16, 0, 150000),
(1192, 26, 17, 0, 150000),
(1193, 26, 18, 0, 100000),
(1194, 26, 19, 0, 100000),
(1195, 26, 20, 0, 150000),
(1196, 26, 21, 0, 200000),
(1197, 26, 22, 0, 150000),
(1198, 26, 23, 0, 150000),
(1199, 26, 24, 0, 250000),
(1200, 26, 25, 0, 150000),
(1201, 26, 26, 0, 75000),
(1202, 26, 27, 1, 75000),
(1203, 26, 28, 0, 150000),
(1204, 26, 29, 0, 250000),
(1205, 26, 30, 0, 150000),
(1206, 26, 31, 6, 100000),
(1207, 26, 32, 0, 40000),
(1208, 26, 33, 0, 50000),
(1209, 26, 34, 0, 80000),
(1210, 26, 35, 0, 160000),
(1211, 26, 36, 0, 150000),
(1212, 26, 37, 0, 100000),
(1213, 26, 38, 0, 80000),
(1214, 26, 39, 0, 300000),
(1215, 26, 40, 0, 200000),
(1216, 26, 41, 1, 150000),
(1217, 26, 42, 0, 200000),
(1218, 26, 43, 0, 300000),
(1219, 26, 44, 0, 250000),
(1220, 26, 45, 0, 250000),
(1221, 26, 46, 0, 150000),
(1222, 26, 47, 0, 120000),
(1223, 27, 1, 2, 125000),
(1224, 27, 2, 1, 60000),
(1225, 27, 3, 3, 150000),
(1226, 27, 4, 3, 150000),
(1227, 27, 5, 0, 150000),
(1228, 27, 6, 0, 120000),
(1229, 27, 7, 0, 120000),
(1230, 27, 8, 1, 120000),
(1231, 27, 9, 0, 60000),
(1232, 27, 10, 0, 150000),
(1233, 27, 11, 1, 60000),
(1234, 27, 12, 2, 60000),
(1235, 27, 13, 1, 150000),
(1236, 27, 14, 2, 80000),
(1237, 27, 15, 4, 80000),
(1238, 27, 16, 0, 150000),
(1239, 27, 17, 0, 150000),
(1240, 27, 18, 0, 100000),
(1241, 27, 19, 0, 100000),
(1242, 27, 20, 1, 150000),
(1243, 27, 21, 0, 200000),
(1244, 27, 22, 0, 150000),
(1245, 27, 23, 0, 150000),
(1246, 27, 24, 1, 250000),
(1247, 27, 25, 0, 150000),
(1248, 27, 26, 0, 75000),
(1249, 27, 27, 1, 75000),
(1250, 27, 28, 0, 150000),
(1251, 27, 29, 0, 250000),
(1252, 27, 30, 2, 150000),
(1253, 27, 31, 0, 100000),
(1254, 27, 32, 0, 40000),
(1255, 27, 33, 0, 50000),
(1256, 27, 34, 0, 80000),
(1257, 27, 35, 0, 160000),
(1258, 27, 36, 0, 150000),
(1259, 27, 37, 0, 100000),
(1260, 27, 38, 0, 80000),
(1261, 27, 39, 0, 300000),
(1262, 27, 40, 1, 200000),
(1263, 27, 41, 2, 150000),
(1264, 27, 42, 0, 200000),
(1265, 27, 43, 0, 300000),
(1266, 27, 44, 0, 250000),
(1267, 27, 45, 0, 250000),
(1268, 27, 46, 0, 150000),
(1269, 27, 47, 0, 120000),
(1270, 28, 1, 2, 125000),
(1271, 28, 2, 1, 60000),
(1272, 28, 3, 1, 150000),
(1273, 28, 4, 0, 150000),
(1274, 28, 5, 0, 150000),
(1275, 28, 6, 0, 120000),
(1276, 28, 7, 0, 120000),
(1277, 28, 8, 0, 120000),
(1278, 28, 9, 1, 60000),
(1279, 28, 10, 0, 150000),
(1280, 28, 11, 3, 60000),
(1281, 28, 12, 2, 60000),
(1282, 28, 13, 5, 150000),
(1283, 28, 14, 4, 80000),
(1284, 28, 15, 1, 80000),
(1285, 28, 16, 0, 150000),
(1286, 28, 17, 0, 150000),
(1287, 28, 18, 0, 100000),
(1288, 28, 19, 0, 100000),
(1289, 28, 20, 3, 150000),
(1290, 28, 21, 0, 200000),
(1291, 28, 22, 0, 150000),
(1292, 28, 23, 1, 150000),
(1293, 28, 24, 0, 250000),
(1294, 28, 25, 0, 150000),
(1295, 28, 26, 0, 75000),
(1296, 28, 27, 0, 75000),
(1297, 28, 28, 0, 150000),
(1298, 28, 29, 0, 250000),
(1299, 28, 30, 1, 150000),
(1300, 28, 31, 1, 100000),
(1301, 28, 32, 0, 40000),
(1302, 28, 33, 0, 50000),
(1303, 28, 34, 0, 80000),
(1304, 28, 35, 2, 160000),
(1305, 28, 36, 0, 150000),
(1306, 28, 37, 0, 100000),
(1307, 28, 38, 0, 80000),
(1308, 28, 39, 0, 300000),
(1309, 28, 40, 0, 200000),
(1310, 28, 41, 0, 150000),
(1311, 28, 42, 0, 200000),
(1312, 28, 43, 1, 300000),
(1313, 28, 44, 0, 250000),
(1314, 28, 45, 0, 250000),
(1315, 28, 46, 0, 150000),
(1316, 28, 47, 1, 120000),
(1317, 29, 1, 1, 125000),
(1318, 29, 2, 0, 60000),
(1319, 29, 3, 1, 150000),
(1320, 29, 4, 0, 150000),
(1321, 29, 5, 0, 150000),
(1322, 29, 6, 0, 120000),
(1323, 29, 7, 0, 120000),
(1324, 29, 8, 1, 120000),
(1325, 29, 9, 0, 60000),
(1326, 29, 10, 0, 150000),
(1327, 29, 11, 0, 60000),
(1328, 29, 12, 0, 60000),
(1329, 29, 13, 0, 150000),
(1330, 29, 14, 1, 80000),
(1331, 29, 15, 0, 80000),
(1332, 29, 16, 0, 150000),
(1333, 29, 17, 0, 150000),
(1334, 29, 18, 0, 100000),
(1335, 29, 19, 1, 100000),
(1336, 29, 20, 0, 150000),
(1337, 29, 21, 0, 200000),
(1338, 29, 22, 0, 150000),
(1339, 29, 23, 0, 150000),
(1340, 29, 24, 0, 250000),
(1341, 29, 25, 0, 150000),
(1342, 29, 26, 0, 75000),
(1343, 29, 27, 0, 75000),
(1344, 29, 28, 0, 150000),
(1345, 29, 29, 0, 250000),
(1346, 29, 30, 0, 150000),
(1347, 29, 31, 0, 100000),
(1348, 29, 32, 0, 40000),
(1349, 29, 33, 0, 50000),
(1350, 29, 34, 1, 80000),
(1351, 29, 35, 0, 160000),
(1352, 29, 36, 0, 150000),
(1353, 29, 37, 0, 100000),
(1354, 29, 38, 0, 80000),
(1355, 29, 39, 0, 300000),
(1356, 29, 40, 0, 200000),
(1357, 29, 41, 0, 150000),
(1358, 29, 42, 0, 200000),
(1359, 29, 43, 0, 300000),
(1360, 29, 44, 0, 250000),
(1361, 29, 45, 0, 250000),
(1362, 29, 46, 0, 150000),
(1363, 29, 47, 0, 120000),
(1364, 30, 1, 11, 125000),
(1365, 30, 2, 1, 60000),
(1366, 30, 3, 1, 150000),
(1367, 30, 4, 0, 150000),
(1368, 30, 5, 0, 150000),
(1369, 30, 6, 1, 120000),
(1370, 30, 7, 0, 120000),
(1371, 30, 8, 11, 120000),
(1372, 30, 9, 0, 60000),
(1373, 30, 10, 0, 150000),
(1374, 30, 11, 1, 60000),
(1375, 30, 12, 1, 60000),
(1376, 30, 13, 0, 150000),
(1377, 30, 14, 1, 80000),
(1378, 30, 15, 1, 80000),
(1379, 30, 16, 0, 150000),
(1380, 30, 17, 0, 150000),
(1381, 30, 18, 0, 100000),
(1382, 30, 19, 0, 100000),
(1383, 30, 20, 0, 150000),
(1384, 30, 21, 1, 200000),
(1385, 30, 22, 0, 150000),
(1386, 30, 23, 0, 150000),
(1387, 30, 24, 1, 250000),
(1388, 30, 25, 0, 150000),
(1389, 30, 26, 0, 75000),
(1390, 30, 27, 0, 75000),
(1391, 30, 28, 2, 150000),
(1392, 30, 29, 3, 250000),
(1393, 30, 30, 0, 150000),
(1394, 30, 31, 1, 100000),
(1395, 30, 32, 0, 40000),
(1396, 30, 33, 0, 50000),
(1397, 30, 34, 0, 80000),
(1398, 30, 35, 0, 160000),
(1399, 30, 36, 0, 150000),
(1400, 30, 37, 0, 100000),
(1401, 30, 38, 0, 80000),
(1402, 30, 39, 0, 300000),
(1403, 30, 40, 0, 200000),
(1404, 30, 41, 2, 150000),
(1405, 30, 42, 0, 200000),
(1406, 30, 43, 0, 300000),
(1407, 30, 44, 0, 250000),
(1408, 30, 45, 0, 250000),
(1409, 30, 46, 0, 150000),
(1410, 30, 47, 0, 120000),
(1411, 31, 1, 4, 125000),
(1412, 31, 2, 2, 60000),
(1413, 31, 3, 0, 150000),
(1414, 31, 4, 1, 150000),
(1415, 31, 5, 0, 150000),
(1416, 31, 6, 0, 120000),
(1417, 31, 7, 0, 120000),
(1418, 31, 8, 3, 120000),
(1419, 31, 9, 1, 60000),
(1420, 31, 10, 0, 150000),
(1421, 31, 11, 0, 60000),
(1422, 31, 12, 1, 60000),
(1423, 31, 13, 0, 150000),
(1424, 31, 14, 3, 80000),
(1425, 31, 15, 2, 80000),
(1426, 31, 16, 0, 150000),
(1427, 31, 17, 0, 150000),
(1428, 31, 18, 1, 100000),
(1429, 31, 19, 0, 100000),
(1430, 31, 20, 0, 150000),
(1431, 31, 21, 0, 200000),
(1432, 31, 22, 0, 150000),
(1433, 31, 23, 1, 150000),
(1434, 31, 24, 0, 250000),
(1435, 31, 25, 0, 150000),
(1436, 31, 26, 0, 75000),
(1437, 31, 27, 0, 75000),
(1438, 31, 28, 0, 150000),
(1439, 31, 29, 2, 250000),
(1440, 31, 30, 2, 150000),
(1441, 31, 31, 0, 100000),
(1442, 31, 32, 0, 40000),
(1443, 31, 33, 1, 50000),
(1444, 31, 34, 1, 80000),
(1445, 31, 35, 0, 160000),
(1446, 31, 36, 1, 150000),
(1447, 31, 37, 1, 100000),
(1448, 31, 38, 0, 80000),
(1449, 31, 39, 0, 300000),
(1450, 31, 40, 2, 200000),
(1451, 31, 41, 1, 150000),
(1452, 31, 42, 0, 200000),
(1453, 31, 43, 1, 300000),
(1454, 31, 44, 0, 250000),
(1455, 31, 45, 0, 250000),
(1456, 31, 46, 0, 150000),
(1457, 31, 47, 0, 120000),
(1458, 32, 1, 0, 125000),
(1459, 32, 2, 0, 60000),
(1460, 32, 3, 0, 150000),
(1461, 32, 4, 0, 150000),
(1462, 32, 5, 0, 150000),
(1463, 32, 6, 0, 120000),
(1464, 32, 7, 0, 120000),
(1465, 32, 8, 0, 120000),
(1466, 32, 9, 0, 60000),
(1467, 32, 10, 0, 150000),
(1468, 32, 11, 0, 60000),
(1469, 32, 12, 2, 60000),
(1470, 32, 13, 0, 150000),
(1471, 32, 14, 5, 80000),
(1472, 32, 15, 2, 80000),
(1473, 32, 16, 0, 150000),
(1474, 32, 17, 0, 150000),
(1475, 32, 18, 0, 100000),
(1476, 32, 19, 0, 100000),
(1477, 32, 20, 0, 150000),
(1478, 32, 21, 0, 200000),
(1479, 32, 22, 0, 150000),
(1480, 32, 23, 0, 150000),
(1481, 32, 24, 0, 250000),
(1482, 32, 25, 0, 150000),
(1483, 32, 26, 1, 75000),
(1484, 32, 27, 1, 75000),
(1485, 32, 28, 0, 150000),
(1486, 32, 29, 0, 250000),
(1487, 32, 30, 1, 150000),
(1488, 32, 31, 1, 100000),
(1489, 32, 32, 0, 40000),
(1490, 32, 33, 0, 50000),
(1491, 32, 34, 0, 80000),
(1492, 32, 35, 0, 160000),
(1493, 32, 36, 0, 150000),
(1494, 32, 37, 0, 100000),
(1495, 32, 38, 0, 80000),
(1496, 32, 39, 0, 300000),
(1497, 32, 40, 1, 200000),
(1498, 32, 41, 0, 150000),
(1499, 32, 42, 0, 200000),
(1500, 32, 43, 0, 300000),
(1501, 32, 44, 0, 250000),
(1502, 32, 45, 0, 250000),
(1503, 32, 46, 0, 150000),
(1504, 32, 47, 0, 120000),
(1505, 33, 1, 3, 125000),
(1506, 33, 2, 2, 60000),
(1507, 33, 3, 0, 150000),
(1508, 33, 4, 2, 150000),
(1509, 33, 5, 0, 150000),
(1510, 33, 6, 0, 120000),
(1511, 33, 7, 0, 120000),
(1512, 33, 8, 1, 120000),
(1513, 33, 9, 0, 60000),
(1514, 33, 10, 1, 150000),
(1515, 33, 11, 3, 60000),
(1516, 33, 12, 1, 60000),
(1517, 33, 13, 2, 150000),
(1518, 33, 14, 3, 80000),
(1519, 33, 15, 1, 80000),
(1520, 33, 16, 0, 150000),
(1521, 33, 17, 0, 150000),
(1522, 33, 18, 0, 100000),
(1523, 33, 19, 0, 100000),
(1524, 33, 20, 0, 150000),
(1525, 33, 21, 0, 200000),
(1526, 33, 22, 0, 150000),
(1527, 33, 23, 0, 150000),
(1528, 33, 24, 0, 250000),
(1529, 33, 25, 0, 150000),
(1530, 33, 26, 2, 75000),
(1531, 33, 27, 1, 75000),
(1532, 33, 28, 0, 150000),
(1533, 33, 29, 2, 250000),
(1534, 33, 30, 1, 150000),
(1535, 33, 31, 0, 100000),
(1536, 33, 32, 3, 40000),
(1537, 33, 33, 0, 50000),
(1538, 33, 34, 0, 80000),
(1539, 33, 35, 1, 160000),
(1540, 33, 36, 0, 150000),
(1541, 33, 37, 0, 100000),
(1542, 33, 38, 0, 80000),
(1543, 33, 39, 0, 300000),
(1544, 33, 40, 0, 200000),
(1545, 33, 41, 0, 150000),
(1546, 33, 42, 1, 200000),
(1547, 33, 43, 0, 300000),
(1548, 33, 44, 0, 250000),
(1549, 33, 45, 0, 250000),
(1550, 33, 46, 0, 150000),
(1551, 33, 47, 0, 120000),
(1552, 34, 1, 2, 125000),
(1553, 34, 2, 0, 60000),
(1554, 34, 3, 3, 150000),
(1555, 34, 4, 1, 150000),
(1556, 34, 5, 0, 150000),
(1557, 34, 6, 0, 120000),
(1558, 34, 7, 0, 120000),
(1559, 34, 8, 1, 120000),
(1560, 34, 9, 0, 60000),
(1561, 34, 10, 2, 150000),
(1562, 34, 11, 0, 60000),
(1563, 34, 12, 0, 60000),
(1564, 34, 13, 3, 150000),
(1565, 34, 14, 4, 80000),
(1566, 34, 15, 1, 80000),
(1567, 34, 16, 0, 150000),
(1568, 34, 17, 3, 150000),
(1569, 34, 18, 0, 100000),
(1570, 34, 19, 3, 100000),
(1571, 34, 20, 1, 150000),
(1572, 34, 21, 0, 200000),
(1573, 34, 22, 0, 150000),
(1574, 34, 23, 0, 150000),
(1575, 34, 24, 0, 250000),
(1576, 34, 25, 2, 150000),
(1577, 34, 26, 0, 75000),
(1578, 34, 27, 2, 75000),
(1579, 34, 28, 2, 150000),
(1580, 34, 29, 0, 250000),
(1581, 34, 30, 1, 150000),
(1582, 34, 31, 1, 100000),
(1583, 34, 32, 0, 40000),
(1584, 34, 33, 0, 50000),
(1585, 34, 34, 0, 80000),
(1586, 34, 35, 2, 160000),
(1587, 34, 36, 0, 150000),
(1588, 34, 37, 0, 100000),
(1589, 34, 38, 0, 80000),
(1590, 34, 39, 0, 300000),
(1591, 34, 40, 2, 200000),
(1592, 34, 41, 1, 150000),
(1593, 34, 42, 0, 200000),
(1594, 34, 43, 0, 300000),
(1595, 34, 44, 0, 250000),
(1596, 34, 45, 0, 250000),
(1597, 34, 46, 0, 150000),
(1598, 34, 47, 0, 120000),
(1599, 35, 1, 5, 125000),
(1600, 35, 2, 1, 60000),
(1601, 35, 3, 1, 150000),
(1602, 35, 4, 0, 150000),
(1603, 35, 5, 0, 150000),
(1604, 35, 6, 0, 120000),
(1605, 35, 7, 0, 120000),
(1606, 35, 8, 0, 120000),
(1607, 35, 9, 0, 60000),
(1608, 35, 10, 1, 150000),
(1609, 35, 11, 0, 60000),
(1610, 35, 12, 3, 60000),
(1611, 35, 13, 4, 150000),
(1612, 35, 14, 6, 80000),
(1613, 35, 15, 1, 80000),
(1614, 35, 16, 0, 150000),
(1615, 35, 17, 0, 150000),
(1616, 35, 18, 0, 100000),
(1617, 35, 19, 0, 100000),
(1618, 35, 20, 0, 150000),
(1619, 35, 21, 1, 200000),
(1620, 35, 22, 1, 150000),
(1621, 35, 23, 0, 150000),
(1622, 35, 24, 1, 250000),
(1623, 35, 25, 0, 150000),
(1624, 35, 26, 2, 75000),
(1625, 35, 27, 0, 75000),
(1626, 35, 28, 0, 150000),
(1627, 35, 29, 5, 250000),
(1628, 35, 30, 0, 150000),
(1629, 35, 31, 1, 100000),
(1630, 35, 32, 0, 40000),
(1631, 35, 33, 0, 50000),
(1632, 35, 34, 0, 80000),
(1633, 35, 35, 0, 160000),
(1634, 35, 36, 0, 150000),
(1635, 35, 37, 0, 100000),
(1636, 35, 38, 0, 80000),
(1637, 35, 39, 0, 300000),
(1638, 35, 40, 0, 200000),
(1639, 35, 41, 3, 150000),
(1640, 35, 42, 2, 200000),
(1641, 35, 43, 0, 300000),
(1642, 35, 44, 0, 250000),
(1643, 35, 45, 0, 250000),
(1644, 35, 46, 0, 150000),
(1645, 35, 47, 0, 120000),
(1646, 36, 1, 3, 125000),
(1647, 36, 2, 0, 60000),
(1648, 36, 3, 1, 150000),
(1649, 36, 4, 0, 150000),
(1650, 36, 5, 0, 150000),
(1651, 36, 6, 0, 120000),
(1652, 36, 7, 0, 120000),
(1653, 36, 8, 0, 120000),
(1654, 36, 9, 0, 60000),
(1655, 36, 10, 0, 150000),
(1656, 36, 11, 0, 60000),
(1657, 36, 12, 3, 60000),
(1658, 36, 13, 1, 150000),
(1659, 36, 14, 2, 80000),
(1660, 36, 15, 0, 80000),
(1661, 36, 16, 0, 150000),
(1662, 36, 17, 0, 150000),
(1663, 36, 18, 0, 100000),
(1664, 36, 19, 0, 100000),
(1665, 36, 20, 0, 150000),
(1666, 36, 21, 0, 200000),
(1667, 36, 22, 0, 150000),
(1668, 36, 23, 0, 150000),
(1669, 36, 24, 0, 250000),
(1670, 36, 25, 0, 150000),
(1671, 36, 26, 0, 75000),
(1672, 36, 27, 0, 75000),
(1673, 36, 28, 0, 150000),
(1674, 36, 29, 0, 250000),
(1675, 36, 30, 1, 150000),
(1676, 36, 31, 0, 100000),
(1677, 36, 32, 0, 40000),
(1678, 36, 33, 0, 50000),
(1679, 36, 34, 0, 80000),
(1680, 36, 35, 0, 160000),
(1681, 36, 36, 0, 150000),
(1682, 36, 37, 0, 100000),
(1683, 36, 38, 1, 80000),
(1684, 36, 39, 0, 300000),
(1685, 36, 40, 0, 200000),
(1686, 36, 41, 2, 150000),
(1687, 36, 42, 0, 200000),
(1688, 36, 43, 0, 300000),
(1689, 36, 44, 0, 250000),
(1690, 36, 45, 1, 250000),
(1691, 36, 46, 0, 150000),
(1692, 36, 47, 0, 120000),
(1693, 37, 1, 0, 125000),
(1694, 37, 2, 0, 60000),
(1695, 37, 3, 0, 150000),
(1696, 37, 4, 0, 150000),
(1697, 37, 5, 0, 150000),
(1698, 37, 6, 0, 120000),
(1699, 37, 7, 0, 120000),
(1700, 37, 8, 1, 120000),
(1701, 37, 9, 0, 60000),
(1702, 37, 10, 0, 150000),
(1703, 37, 11, 0, 60000),
(1704, 37, 12, 1, 60000),
(1705, 37, 13, 0, 150000),
(1706, 37, 14, 2, 80000),
(1707, 37, 15, 1, 80000),
(1708, 37, 16, 0, 150000),
(1709, 37, 17, 0, 150000),
(1710, 37, 18, 0, 100000),
(1711, 37, 19, 0, 100000),
(1712, 37, 20, 0, 150000),
(1713, 37, 21, 0, 200000),
(1714, 37, 22, 1, 150000),
(1715, 37, 23, 0, 150000),
(1716, 37, 24, 1, 250000),
(1717, 37, 25, 0, 150000),
(1718, 37, 26, 0, 75000),
(1719, 37, 27, 0, 75000),
(1720, 37, 28, 0, 150000),
(1721, 37, 29, 1, 250000),
(1722, 37, 30, 0, 150000),
(1723, 37, 31, 0, 100000),
(1724, 37, 32, 0, 40000),
(1725, 37, 33, 0, 50000),
(1726, 37, 34, 0, 80000),
(1727, 37, 35, 1, 160000),
(1728, 37, 36, 0, 150000),
(1729, 37, 37, 2, 100000),
(1730, 37, 38, 0, 80000),
(1731, 37, 39, 0, 300000),
(1732, 37, 40, 0, 200000),
(1733, 37, 41, 1, 150000),
(1734, 37, 42, 0, 200000),
(1735, 37, 43, 0, 300000),
(1736, 37, 44, 0, 250000),
(1737, 37, 45, 0, 250000),
(1738, 37, 46, 0, 150000),
(1739, 37, 47, 0, 120000),
(1740, 38, 1, 6, 125000),
(1741, 38, 2, 0, 60000),
(1742, 38, 3, 1, 150000),
(1743, 38, 4, 0, 150000),
(1744, 38, 5, 0, 150000),
(1745, 38, 6, 0, 120000),
(1746, 38, 7, 0, 120000),
(1747, 38, 8, 0, 120000),
(1748, 38, 9, 0, 60000),
(1749, 38, 10, 0, 150000),
(1750, 38, 11, 1, 60000),
(1751, 38, 12, 1, 60000),
(1752, 38, 13, 4, 150000),
(1753, 38, 14, 3, 80000),
(1754, 38, 15, 0, 80000),
(1755, 38, 16, 0, 150000),
(1756, 38, 17, 0, 150000),
(1757, 38, 18, 0, 100000),
(1758, 38, 19, 1, 100000),
(1759, 38, 20, 1, 150000),
(1760, 38, 21, 1, 200000),
(1761, 38, 22, 0, 150000),
(1762, 38, 23, 0, 150000),
(1763, 38, 24, 0, 250000),
(1764, 38, 25, 0, 150000),
(1765, 38, 26, 0, 75000),
(1766, 38, 27, 0, 75000),
(1767, 38, 28, 1, 150000),
(1768, 38, 29, 0, 250000),
(1769, 38, 30, 0, 150000),
(1770, 38, 31, 1, 100000),
(1771, 38, 32, 1, 40000),
(1772, 38, 33, 0, 50000),
(1773, 38, 34, 1, 80000),
(1774, 38, 35, 1, 160000),
(1775, 38, 36, 0, 150000),
(1776, 38, 37, 0, 100000),
(1777, 38, 38, 0, 80000),
(1778, 38, 39, 0, 300000),
(1779, 38, 40, 0, 200000),
(1780, 38, 41, 2, 150000),
(1781, 38, 42, 0, 200000),
(1782, 38, 43, 0, 300000),
(1783, 38, 44, 0, 250000),
(1784, 38, 45, 2, 250000),
(1785, 38, 46, 0, 150000),
(1786, 38, 47, 1, 120000),
(1787, 39, 1, 0, 125000),
(1788, 39, 2, 0, 60000),
(1789, 39, 3, 1, 150000),
(1790, 39, 4, 0, 150000),
(1791, 39, 5, 0, 150000),
(1792, 39, 6, 0, 120000),
(1793, 39, 7, 0, 120000),
(1794, 39, 8, 1, 120000),
(1795, 39, 9, 0, 60000),
(1796, 39, 10, 0, 150000),
(1797, 39, 11, 1, 60000),
(1798, 39, 12, 1, 60000),
(1799, 39, 13, 0, 150000),
(1800, 39, 14, 2, 80000),
(1801, 39, 15, 1, 80000),
(1802, 39, 16, 0, 150000),
(1803, 39, 17, 0, 150000),
(1804, 39, 18, 0, 100000),
(1805, 39, 19, 0, 100000),
(1806, 39, 20, 0, 150000),
(1807, 39, 21, 0, 200000),
(1808, 39, 22, 0, 150000),
(1809, 39, 23, 0, 150000),
(1810, 39, 24, 1, 250000),
(1811, 39, 25, 0, 150000),
(1812, 39, 26, 1, 75000),
(1813, 39, 27, 0, 75000),
(1814, 39, 28, 0, 150000),
(1815, 39, 29, 0, 250000),
(1816, 39, 30, 0, 150000),
(1817, 39, 31, 1, 100000),
(1818, 39, 32, 0, 40000),
(1819, 39, 33, 0, 50000),
(1820, 39, 34, 0, 80000),
(1821, 39, 35, 0, 160000),
(1822, 39, 36, 0, 150000),
(1823, 39, 37, 0, 100000),
(1824, 39, 38, 2, 80000),
(1825, 39, 39, 0, 300000),
(1826, 39, 40, 0, 200000),
(1827, 39, 41, 2, 150000),
(1828, 39, 42, 0, 200000),
(1829, 39, 43, 0, 300000),
(1830, 39, 44, 0, 250000),
(1831, 39, 45, 0, 250000),
(1832, 39, 46, 0, 150000),
(1833, 39, 47, 0, 120000),
(1834, 40, 1, 0, 125000),
(1835, 40, 2, 0, 60000),
(1836, 40, 3, 0, 150000),
(1837, 40, 4, 0, 150000),
(1838, 40, 5, 0, 150000),
(1839, 40, 6, 0, 120000),
(1840, 40, 7, 0, 120000),
(1841, 40, 8, 0, 120000),
(1842, 40, 9, 0, 60000),
(1843, 40, 10, 0, 150000),
(1844, 40, 11, 0, 60000),
(1845, 40, 12, 0, 60000),
(1846, 40, 13, 0, 150000),
(1847, 40, 14, 11, 80000),
(1848, 40, 15, 0, 80000),
(1849, 40, 16, 0, 150000),
(1850, 40, 17, 0, 150000),
(1851, 40, 18, 0, 100000),
(1852, 40, 19, 0, 100000),
(1853, 40, 20, 0, 150000),
(1854, 40, 21, 1, 200000),
(1855, 40, 22, 0, 150000),
(1856, 40, 23, 0, 150000),
(1857, 40, 24, 0, 250000),
(1858, 40, 25, 0, 150000),
(1859, 40, 26, 0, 75000),
(1860, 40, 27, 0, 75000),
(1861, 40, 28, 0, 150000),
(1862, 40, 29, 0, 250000),
(1863, 40, 30, 0, 150000),
(1864, 40, 31, 0, 100000),
(1865, 40, 32, 3, 40000),
(1866, 40, 33, 0, 50000),
(1867, 40, 34, 1, 80000),
(1868, 40, 35, 2, 160000),
(1869, 40, 36, 0, 150000),
(1870, 40, 37, 0, 100000),
(1871, 40, 38, 1, 80000),
(1872, 40, 39, 0, 300000),
(1873, 40, 40, 0, 200000),
(1874, 40, 41, 0, 150000),
(1875, 40, 42, 0, 200000),
(1876, 40, 43, 0, 300000),
(1877, 40, 44, 0, 250000),
(1878, 40, 45, 0, 250000),
(1879, 40, 46, 0, 150000),
(1880, 40, 47, 0, 120000),
(1881, 41, 1, 1, 125000),
(1882, 41, 2, 1, 60000),
(1883, 41, 3, 1, 150000),
(1884, 41, 4, 1, 150000),
(1885, 41, 5, 0, 150000),
(1886, 41, 6, 1, 120000),
(1887, 41, 7, 1, 120000),
(1888, 41, 8, 0, 120000),
(1889, 41, 9, 0, 60000),
(1890, 41, 10, 0, 150000),
(1891, 41, 11, 0, 60000),
(1892, 41, 12, 0, 60000),
(1893, 41, 13, 2, 150000),
(1894, 41, 14, 4, 80000),
(1895, 41, 15, 1, 80000),
(1896, 41, 16, 0, 150000),
(1897, 41, 17, 0, 150000),
(1898, 41, 18, 0, 100000),
(1899, 41, 19, 0, 100000),
(1900, 41, 20, 0, 150000),
(1901, 41, 21, 0, 200000),
(1902, 41, 22, 0, 150000),
(1903, 41, 23, 0, 150000),
(1904, 41, 24, 1, 250000),
(1905, 41, 25, 0, 150000),
(1906, 41, 26, 0, 75000),
(1907, 41, 27, 0, 75000),
(1908, 41, 28, 0, 150000),
(1909, 41, 29, 0, 250000),
(1910, 41, 30, 0, 150000),
(1911, 41, 31, 0, 100000),
(1912, 41, 32, 0, 40000),
(1913, 41, 33, 0, 50000),
(1914, 41, 34, 1, 80000),
(1915, 41, 35, 0, 160000),
(1916, 41, 36, 1, 150000),
(1917, 41, 37, 0, 100000),
(1918, 41, 38, 0, 80000),
(1919, 41, 39, 0, 300000),
(1920, 41, 40, 0, 200000),
(1921, 41, 41, 2, 150000),
(1922, 41, 42, 0, 200000),
(1923, 41, 43, 0, 300000),
(1924, 41, 44, 0, 250000),
(1925, 41, 45, 0, 250000),
(1926, 41, 46, 0, 150000),
(1927, 41, 47, 0, 120000),
(1928, 42, 1, 5, 125000),
(1929, 42, 2, 0, 60000),
(1930, 42, 3, 1, 150000),
(1931, 42, 4, 0, 150000),
(1932, 42, 5, 0, 150000),
(1933, 42, 6, 0, 120000),
(1934, 42, 7, 0, 120000),
(1935, 42, 8, 0, 120000),
(1936, 42, 9, 1, 60000),
(1937, 42, 10, 0, 150000),
(1938, 42, 11, 0, 60000),
(1939, 42, 12, 2, 60000),
(1940, 42, 13, 2, 150000),
(1941, 42, 14, 11, 80000),
(1942, 42, 15, 3, 80000),
(1943, 42, 16, 0, 150000),
(1944, 42, 17, 0, 150000),
(1945, 42, 18, 0, 100000),
(1946, 42, 19, 0, 100000),
(1947, 42, 20, 1, 150000),
(1948, 42, 21, 1, 200000),
(1949, 42, 22, 0, 150000),
(1950, 42, 23, 0, 150000),
(1951, 42, 24, 0, 250000),
(1952, 42, 25, 0, 150000),
(1953, 42, 26, 0, 75000),
(1954, 42, 27, 0, 75000),
(1955, 42, 28, 1, 150000),
(1956, 42, 29, 0, 250000),
(1957, 42, 30, 1, 150000),
(1958, 42, 31, 0, 100000),
(1959, 42, 32, 0, 40000),
(1960, 42, 33, 0, 50000),
(1961, 42, 34, 0, 80000),
(1962, 42, 35, 0, 160000),
(1963, 42, 36, 0, 150000),
(1964, 42, 37, 0, 100000),
(1965, 42, 38, 0, 80000),
(1966, 42, 39, 0, 300000),
(1967, 42, 40, 0, 200000),
(1968, 42, 41, 0, 150000),
(1969, 42, 42, 0, 200000),
(1970, 42, 43, 0, 300000),
(1971, 42, 44, 0, 250000),
(1972, 42, 45, 0, 250000),
(1973, 42, 46, 0, 150000),
(1974, 42, 47, 0, 120000),
(1975, 43, 1, 3, 125000),
(1976, 43, 2, 3, 60000),
(1977, 43, 3, 1, 150000),
(1978, 43, 4, 0, 150000),
(1979, 43, 5, 0, 150000),
(1980, 43, 6, 0, 120000),
(1981, 43, 7, 0, 120000),
(1982, 43, 8, 0, 120000),
(1983, 43, 9, 0, 60000),
(1984, 43, 10, 0, 150000),
(1985, 43, 11, 2, 60000),
(1986, 43, 12, 1, 60000),
(1987, 43, 13, 3, 150000),
(1988, 43, 14, 3, 80000),
(1989, 43, 15, 0, 80000),
(1990, 43, 16, 0, 150000),
(1991, 43, 17, 0, 150000),
(1992, 43, 18, 0, 100000),
(1993, 43, 19, 0, 100000),
(1994, 43, 20, 0, 150000),
(1995, 43, 21, 0, 200000),
(1996, 43, 22, 0, 150000),
(1997, 43, 23, 0, 150000),
(1998, 43, 24, 0, 250000),
(1999, 43, 25, 0, 150000),
(2000, 43, 26, 0, 75000),
(2001, 43, 27, 0, 75000),
(2002, 43, 28, 0, 150000),
(2003, 43, 29, 1, 250000),
(2004, 43, 30, 0, 150000),
(2005, 43, 31, 1, 100000),
(2006, 43, 32, 0, 40000),
(2007, 43, 33, 0, 50000),
(2008, 43, 34, 0, 80000),
(2009, 43, 35, 0, 160000),
(2010, 43, 36, 0, 150000),
(2011, 43, 37, 0, 100000),
(2012, 43, 38, 0, 80000),
(2013, 43, 39, 0, 300000),
(2014, 43, 40, 0, 200000),
(2015, 43, 41, 0, 150000),
(2016, 43, 42, 0, 200000),
(2017, 43, 43, 0, 300000),
(2018, 43, 44, 0, 250000),
(2019, 43, 45, 1, 250000),
(2020, 43, 46, 0, 150000),
(2021, 43, 47, 0, 120000),
(2022, 44, 1, 0, 125000),
(2023, 44, 2, 1, 60000),
(2024, 44, 3, 0, 150000),
(2025, 44, 4, 0, 150000),
(2026, 44, 5, 0, 150000),
(2027, 44, 6, 0, 120000),
(2028, 44, 7, 0, 120000),
(2029, 44, 8, 1, 120000),
(2030, 44, 9, 0, 60000),
(2031, 44, 10, 0, 150000),
(2032, 44, 11, 0, 60000),
(2033, 44, 12, 1, 60000),
(2034, 44, 13, 3, 150000),
(2035, 44, 14, 2, 80000),
(2036, 44, 15, 0, 80000),
(2037, 44, 16, 0, 150000),
(2038, 44, 17, 0, 150000),
(2039, 44, 18, 0, 100000),
(2040, 44, 19, 0, 100000),
(2041, 44, 20, 0, 150000),
(2042, 44, 21, 0, 200000),
(2043, 44, 22, 0, 150000),
(2044, 44, 23, 0, 150000),
(2045, 44, 24, 0, 250000),
(2046, 44, 25, 0, 150000),
(2047, 44, 26, 0, 75000),
(2048, 44, 27, 0, 75000),
(2049, 44, 28, 0, 150000),
(2050, 44, 29, 2, 250000),
(2051, 44, 30, 0, 150000),
(2052, 44, 31, 0, 100000),
(2053, 44, 32, 1, 40000),
(2054, 44, 33, 0, 50000),
(2055, 44, 34, 0, 80000),
(2056, 44, 35, 0, 160000),
(2057, 44, 36, 1, 150000),
(2058, 44, 37, 0, 100000),
(2059, 44, 38, 0, 80000),
(2060, 44, 39, 0, 300000),
(2061, 44, 40, 0, 200000),
(2062, 44, 41, 2, 150000),
(2063, 44, 42, 0, 200000),
(2064, 44, 43, 1, 300000),
(2065, 44, 44, 0, 250000),
(2066, 44, 45, 0, 250000),
(2067, 44, 46, 0, 150000),
(2068, 44, 47, 0, 120000),
(2069, 45, 1, 1, 125000),
(2070, 45, 2, 0, 60000),
(2071, 45, 3, 0, 150000),
(2072, 45, 4, 1, 150000),
(2073, 45, 5, 0, 150000),
(2074, 45, 6, 0, 120000),
(2075, 45, 7, 0, 120000),
(2076, 45, 8, 0, 120000),
(2077, 45, 9, 0, 60000),
(2078, 45, 10, 0, 150000),
(2079, 45, 11, 1, 60000),
(2080, 45, 12, 0, 60000),
(2081, 45, 13, 1, 150000),
(2082, 45, 14, 0, 80000),
(2083, 45, 15, 1, 80000),
(2084, 45, 16, 0, 150000),
(2085, 45, 17, 0, 150000),
(2086, 45, 18, 0, 100000),
(2087, 45, 19, 0, 100000),
(2088, 45, 20, 0, 150000),
(2089, 45, 21, 0, 200000),
(2090, 45, 22, 0, 150000),
(2091, 45, 23, 0, 150000),
(2092, 45, 24, 0, 250000),
(2093, 45, 25, 0, 150000),
(2094, 45, 26, 0, 75000);
INSERT INTO `detail_apotik` (`id`, `id_apotik`, `id_obat`, `jumlah`, `harga_satuan`) VALUES
(2095, 45, 27, 0, 75000),
(2096, 45, 28, 0, 150000),
(2097, 45, 29, 0, 250000),
(2098, 45, 30, 0, 150000),
(2099, 45, 31, 0, 100000),
(2100, 45, 32, 0, 40000),
(2101, 45, 33, 0, 50000),
(2102, 45, 34, 0, 80000),
(2103, 45, 35, 0, 160000),
(2104, 45, 36, 0, 150000),
(2105, 45, 37, 0, 100000),
(2106, 45, 38, 0, 80000),
(2107, 45, 39, 0, 300000),
(2108, 45, 40, 0, 200000),
(2109, 45, 41, 0, 150000),
(2110, 45, 42, 0, 200000),
(2111, 45, 43, 0, 300000),
(2112, 45, 44, 0, 250000),
(2113, 45, 45, 0, 250000),
(2114, 45, 46, 0, 150000),
(2115, 45, 47, 0, 120000),
(2116, 46, 1, 1, 125000),
(2117, 46, 2, 0, 60000),
(2118, 46, 3, 2, 150000),
(2119, 46, 4, 0, 150000),
(2120, 46, 5, 0, 150000),
(2121, 46, 6, 1, 120000),
(2122, 46, 7, 0, 120000),
(2123, 46, 8, 3, 120000),
(2124, 46, 9, 0, 60000),
(2125, 46, 10, 0, 150000),
(2126, 46, 11, 1, 60000),
(2127, 46, 12, 1, 60000),
(2128, 46, 13, 2, 150000),
(2129, 46, 14, 2, 80000),
(2130, 46, 15, 0, 80000),
(2131, 46, 16, 2, 150000),
(2132, 46, 17, 0, 150000),
(2133, 46, 18, 0, 100000),
(2134, 46, 19, 1, 100000),
(2135, 46, 20, 0, 150000),
(2136, 46, 21, 0, 200000),
(2137, 46, 22, 0, 150000),
(2138, 46, 23, 0, 150000),
(2139, 46, 24, 0, 250000),
(2140, 46, 25, 1, 150000),
(2141, 46, 26, 0, 75000),
(2142, 46, 27, 0, 75000),
(2143, 46, 28, 0, 150000),
(2144, 46, 29, 0, 250000),
(2145, 46, 30, 0, 150000),
(2146, 46, 31, 0, 100000),
(2147, 46, 32, 0, 40000),
(2148, 46, 33, 0, 50000),
(2149, 46, 34, 1, 80000),
(2150, 46, 35, 0, 160000),
(2151, 46, 36, 2, 150000),
(2152, 46, 37, 1, 100000),
(2153, 46, 38, 0, 80000),
(2154, 46, 39, 0, 300000),
(2155, 46, 40, 0, 200000),
(2156, 46, 41, 0, 150000),
(2157, 46, 42, 0, 200000),
(2158, 46, 43, 0, 300000),
(2159, 46, 44, 0, 250000),
(2160, 46, 45, 0, 250000),
(2161, 46, 46, 0, 150000),
(2162, 46, 47, 0, 120000),
(2163, 47, 1, 0, 125000),
(2164, 47, 2, 0, 60000),
(2165, 47, 3, 2, 150000),
(2166, 47, 4, 1, 150000),
(2167, 47, 5, 0, 150000),
(2168, 47, 6, 0, 120000),
(2169, 47, 7, 0, 120000),
(2170, 47, 8, 0, 120000),
(2171, 47, 9, 0, 60000),
(2172, 47, 10, 0, 150000),
(2173, 47, 11, 0, 60000),
(2174, 47, 12, 0, 60000),
(2175, 47, 13, 2, 150000),
(2176, 47, 14, 1, 80000),
(2177, 47, 15, 1, 80000),
(2178, 47, 16, 0, 150000),
(2179, 47, 17, 0, 150000),
(2180, 47, 18, 0, 100000),
(2181, 47, 19, 0, 100000),
(2182, 47, 20, 0, 150000),
(2183, 47, 21, 0, 200000),
(2184, 47, 22, 0, 150000),
(2185, 47, 23, 0, 150000),
(2186, 47, 24, 0, 250000),
(2187, 47, 25, 0, 150000),
(2188, 47, 26, 0, 75000),
(2189, 47, 27, 0, 75000),
(2190, 47, 28, 0, 150000),
(2191, 47, 29, 0, 250000),
(2192, 47, 30, 1, 150000),
(2193, 47, 31, 0, 100000),
(2194, 47, 32, 0, 40000),
(2195, 47, 33, 0, 50000),
(2196, 47, 34, 0, 80000),
(2197, 47, 35, 0, 160000),
(2198, 47, 36, 0, 150000),
(2199, 47, 37, 0, 100000),
(2200, 47, 38, 0, 80000),
(2201, 47, 39, 0, 300000),
(2202, 47, 40, 0, 200000),
(2203, 47, 41, 1, 150000),
(2204, 47, 42, 0, 200000),
(2205, 47, 43, 0, 300000),
(2206, 47, 44, 0, 250000),
(2207, 47, 45, 0, 250000),
(2208, 47, 46, 3, 150000),
(2209, 47, 47, 0, 120000),
(2210, 48, 1, 6, 125000),
(2211, 48, 2, 1, 60000),
(2212, 48, 3, 0, 150000),
(2213, 48, 4, 2, 150000),
(2214, 48, 5, 0, 150000),
(2215, 48, 6, 1, 120000),
(2216, 48, 7, 1, 120000),
(2217, 48, 8, 0, 120000),
(2218, 48, 9, 0, 60000),
(2219, 48, 10, 0, 150000),
(2220, 48, 11, 2, 60000),
(2221, 48, 12, 3, 60000),
(2222, 48, 13, 1, 150000),
(2223, 48, 14, 3, 80000),
(2224, 48, 15, 2, 80000),
(2225, 48, 16, 0, 150000),
(2226, 48, 17, 0, 150000),
(2227, 48, 18, 0, 100000),
(2228, 48, 19, 0, 100000),
(2229, 48, 20, 3, 150000),
(2230, 48, 21, 0, 200000),
(2231, 48, 22, 0, 150000),
(2232, 48, 23, 0, 150000),
(2233, 48, 24, 0, 250000),
(2234, 48, 25, 0, 150000),
(2235, 48, 26, 0, 75000),
(2236, 48, 27, 0, 75000),
(2237, 48, 28, 0, 150000),
(2238, 48, 29, 1, 250000),
(2239, 48, 30, 0, 150000),
(2240, 48, 31, 0, 100000),
(2241, 48, 32, 0, 40000),
(2242, 48, 33, 0, 50000),
(2243, 48, 34, 0, 80000),
(2244, 48, 35, 0, 160000),
(2245, 48, 36, 0, 150000),
(2246, 48, 37, 0, 100000),
(2247, 48, 38, 0, 80000),
(2248, 48, 39, 0, 300000),
(2249, 48, 40, 2, 200000),
(2250, 48, 41, 2, 150000),
(2251, 48, 42, 2, 200000),
(2252, 48, 43, 1, 300000),
(2253, 48, 44, 0, 250000),
(2254, 48, 45, 0, 250000),
(2255, 48, 46, 0, 150000),
(2256, 48, 47, 0, 120000),
(2257, 49, 1, 1, 125000),
(2258, 49, 2, 0, 60000),
(2259, 49, 3, 1, 150000),
(2260, 49, 4, 0, 150000),
(2261, 49, 5, 0, 150000),
(2262, 49, 6, 0, 120000),
(2263, 49, 7, 0, 120000),
(2264, 49, 8, 3, 120000),
(2265, 49, 9, 0, 60000),
(2266, 49, 10, 0, 150000),
(2267, 49, 11, 0, 60000),
(2268, 49, 12, 0, 60000),
(2269, 49, 13, 2, 150000),
(2270, 49, 14, 0, 80000),
(2271, 49, 15, 11, 80000),
(2272, 49, 16, 0, 150000),
(2273, 49, 17, 0, 150000),
(2274, 49, 18, 0, 100000),
(2275, 49, 19, 0, 100000),
(2276, 49, 20, 0, 150000),
(2277, 49, 21, 0, 200000),
(2278, 49, 22, 0, 150000),
(2279, 49, 23, 0, 150000),
(2280, 49, 24, 0, 250000),
(2281, 49, 25, 0, 150000),
(2282, 49, 26, 0, 75000),
(2283, 49, 27, 0, 75000),
(2284, 49, 28, 0, 150000),
(2285, 49, 29, 0, 250000),
(2286, 49, 30, 0, 150000),
(2287, 49, 31, 0, 100000),
(2288, 49, 32, 1, 40000),
(2289, 49, 33, 0, 50000),
(2290, 49, 34, 0, 80000),
(2291, 49, 35, 0, 160000),
(2292, 49, 36, 0, 150000),
(2293, 49, 37, 3, 100000),
(2294, 49, 38, 0, 80000),
(2295, 49, 39, 0, 300000),
(2296, 49, 40, 0, 200000),
(2297, 49, 41, 0, 150000),
(2298, 49, 42, 0, 200000),
(2299, 49, 43, 0, 300000),
(2300, 49, 44, 0, 250000),
(2301, 49, 45, 0, 250000),
(2302, 49, 46, 0, 150000),
(2303, 49, 47, 0, 120000),
(2304, 50, 1, 6, 125000),
(2305, 50, 2, 2, 60000),
(2306, 50, 3, 1, 150000),
(2307, 50, 4, 2, 150000),
(2308, 50, 5, 0, 150000),
(2309, 50, 6, 0, 120000),
(2310, 50, 7, 0, 120000),
(2311, 50, 8, 2, 120000),
(2312, 50, 9, 0, 60000),
(2313, 50, 10, 1, 150000),
(2314, 50, 11, 0, 60000),
(2315, 50, 12, 2, 60000),
(2316, 50, 13, 3, 150000),
(2317, 50, 14, 4, 80000),
(2318, 50, 15, 4, 80000),
(2319, 50, 16, 0, 150000),
(2320, 50, 17, 1, 150000),
(2321, 50, 18, 0, 100000),
(2322, 50, 19, 0, 100000),
(2323, 50, 20, 0, 150000),
(2324, 50, 21, 1, 200000),
(2325, 50, 22, 0, 150000),
(2326, 50, 23, 0, 150000),
(2327, 50, 24, 1, 250000),
(2328, 50, 25, 0, 150000),
(2329, 50, 26, 0, 75000),
(2330, 50, 27, 0, 75000),
(2331, 50, 28, 1, 150000),
(2332, 50, 29, 0, 250000),
(2333, 50, 30, 0, 150000),
(2334, 50, 31, 0, 100000),
(2335, 50, 32, 1, 40000),
(2336, 50, 33, 1, 50000),
(2337, 50, 34, 0, 80000),
(2338, 50, 35, 2, 160000),
(2339, 50, 36, 0, 150000),
(2340, 50, 37, 1, 100000),
(2341, 50, 38, 0, 80000),
(2342, 50, 39, 0, 300000),
(2343, 50, 40, 0, 200000),
(2344, 50, 41, 3, 150000),
(2345, 50, 42, 0, 200000),
(2346, 50, 43, 0, 300000),
(2347, 50, 44, 0, 250000),
(2348, 50, 45, 1, 250000),
(2349, 50, 46, 0, 150000),
(2350, 50, 47, 0, 120000),
(2351, 51, 1, 2, 125000),
(2352, 51, 2, 0, 60000),
(2353, 51, 3, 2, 150000),
(2354, 51, 4, 0, 150000),
(2355, 51, 5, 0, 150000),
(2356, 51, 6, 0, 120000),
(2357, 51, 7, 0, 120000),
(2358, 51, 8, 1, 120000),
(2359, 51, 9, 0, 60000),
(2360, 51, 10, 1, 150000),
(2361, 51, 11, 0, 60000),
(2362, 51, 12, 2, 60000),
(2363, 51, 13, 2, 150000),
(2364, 51, 14, 5, 80000),
(2365, 51, 15, 0, 80000),
(2366, 51, 16, 0, 150000),
(2367, 51, 17, 0, 150000),
(2368, 51, 18, 0, 100000),
(2369, 51, 19, 1, 100000),
(2370, 51, 20, 0, 150000),
(2371, 51, 21, 1, 200000),
(2372, 51, 22, 0, 150000),
(2373, 51, 23, 0, 150000),
(2374, 51, 24, 1, 250000),
(2375, 51, 25, 0, 150000),
(2376, 51, 26, 0, 75000),
(2377, 51, 27, 0, 75000),
(2378, 51, 28, 0, 150000),
(2379, 51, 29, 0, 250000),
(2380, 51, 30, 0, 150000),
(2381, 51, 31, 0, 100000),
(2382, 51, 32, 0, 40000),
(2383, 51, 33, 0, 50000),
(2384, 51, 34, 0, 80000),
(2385, 51, 35, 0, 160000),
(2386, 51, 36, 0, 150000),
(2387, 51, 37, 0, 100000),
(2388, 51, 38, 0, 80000),
(2389, 51, 39, 0, 300000),
(2390, 51, 40, 0, 200000),
(2391, 51, 41, 0, 150000),
(2392, 51, 42, 0, 200000),
(2393, 51, 43, 0, 300000),
(2394, 51, 44, 0, 250000),
(2395, 51, 45, 0, 250000),
(2396, 51, 46, 0, 150000),
(2397, 51, 47, 0, 120000),
(2398, 52, 1, 7, 125000),
(2399, 52, 2, 1, 60000),
(2400, 52, 3, 0, 150000),
(2401, 52, 4, 3, 150000),
(2402, 52, 5, 0, 150000),
(2403, 52, 6, 1, 120000),
(2404, 52, 7, 1, 120000),
(2405, 52, 8, 2, 120000),
(2406, 52, 9, 0, 60000),
(2407, 52, 10, 2, 150000),
(2408, 52, 11, 1, 60000),
(2409, 52, 12, 8, 60000),
(2410, 52, 13, 2, 150000),
(2411, 52, 14, 6, 80000),
(2412, 52, 15, 7, 80000),
(2413, 52, 16, 2, 150000),
(2414, 52, 17, 0, 150000),
(2415, 52, 18, 0, 100000),
(2416, 52, 19, 0, 100000),
(2417, 52, 20, 0, 150000),
(2418, 52, 21, 2, 200000),
(2419, 52, 22, 0, 150000),
(2420, 52, 23, 0, 150000),
(2421, 52, 24, 1, 250000),
(2422, 52, 25, 0, 150000),
(2423, 52, 26, 0, 75000),
(2424, 52, 27, 0, 75000),
(2425, 52, 28, 0, 150000),
(2426, 52, 29, 1, 250000),
(2427, 52, 30, 2, 150000),
(2428, 52, 31, 2, 100000),
(2429, 52, 32, 0, 40000),
(2430, 52, 33, 0, 50000),
(2431, 52, 34, 0, 80000),
(2432, 52, 35, 1, 160000),
(2433, 52, 36, 0, 150000),
(2434, 52, 37, 1, 100000),
(2435, 52, 38, 0, 80000),
(2436, 52, 39, 0, 300000),
(2437, 52, 40, 0, 200000),
(2438, 52, 41, 0, 150000),
(2439, 52, 42, 1, 200000),
(2440, 52, 43, 0, 300000),
(2441, 52, 44, 0, 250000),
(2442, 52, 45, 0, 250000),
(2443, 52, 46, 1, 150000),
(2444, 52, 47, 1, 120000),
(2445, 53, 1, 3, 125000),
(2446, 53, 2, 0, 60000),
(2447, 53, 3, 1, 150000),
(2448, 53, 4, 0, 150000),
(2449, 53, 5, 0, 150000),
(2450, 53, 6, 1, 120000),
(2451, 53, 7, 1, 120000),
(2452, 53, 8, 0, 120000),
(2453, 53, 9, 0, 60000),
(2454, 53, 10, 1, 150000),
(2455, 53, 11, 0, 60000),
(2456, 53, 12, 1, 60000),
(2457, 53, 13, 1, 150000),
(2458, 53, 14, 0, 80000),
(2459, 53, 15, 1, 80000),
(2460, 53, 16, 0, 150000),
(2461, 53, 17, 0, 150000),
(2462, 53, 18, 0, 100000),
(2463, 53, 19, 0, 100000),
(2464, 53, 20, 0, 150000),
(2465, 53, 21, 0, 200000),
(2466, 53, 22, 0, 150000),
(2467, 53, 23, 0, 150000),
(2468, 53, 24, 0, 250000),
(2469, 53, 25, 0, 150000),
(2470, 53, 26, 0, 75000),
(2471, 53, 27, 0, 75000),
(2472, 53, 28, 0, 150000),
(2473, 53, 29, 1, 250000),
(2474, 53, 30, 0, 150000),
(2475, 53, 31, 0, 100000),
(2476, 53, 32, 0, 40000),
(2477, 53, 33, 0, 50000),
(2478, 53, 34, 0, 80000),
(2479, 53, 35, 0, 160000),
(2480, 53, 36, 0, 150000),
(2481, 53, 37, 0, 100000),
(2482, 53, 38, 0, 80000),
(2483, 53, 39, 0, 300000),
(2484, 53, 40, 0, 200000),
(2485, 53, 41, 1, 150000),
(2486, 53, 42, 0, 200000),
(2487, 53, 43, 0, 300000),
(2488, 53, 44, 0, 250000),
(2489, 53, 45, 0, 250000),
(2490, 53, 46, 0, 150000),
(2491, 53, 47, 0, 120000),
(2492, 54, 1, 3, 125000),
(2493, 54, 2, 0, 60000),
(2494, 54, 3, 1, 150000),
(2495, 54, 4, 1, 150000),
(2496, 54, 5, 0, 150000),
(2497, 54, 6, 0, 120000),
(2498, 54, 7, 0, 120000),
(2499, 54, 8, 2, 120000),
(2500, 54, 9, 0, 60000),
(2501, 54, 10, 0, 150000),
(2502, 54, 11, 1, 60000),
(2503, 54, 12, 3, 60000),
(2504, 54, 13, 1, 150000),
(2505, 54, 14, 5, 80000),
(2506, 54, 15, 0, 80000),
(2507, 54, 16, 0, 150000),
(2508, 54, 17, 0, 150000),
(2509, 54, 18, 0, 100000),
(2510, 54, 19, 0, 100000),
(2511, 54, 20, 1, 150000),
(2512, 54, 21, 0, 200000),
(2513, 54, 22, 0, 150000),
(2514, 54, 23, 0, 150000),
(2515, 54, 24, 0, 250000),
(2516, 54, 25, 0, 150000),
(2517, 54, 26, 1, 75000),
(2518, 54, 27, 0, 75000),
(2519, 54, 28, 1, 150000),
(2520, 54, 29, 0, 250000),
(2521, 54, 30, 0, 150000),
(2522, 54, 31, 1, 100000),
(2523, 54, 32, 0, 40000),
(2524, 54, 33, 0, 50000),
(2525, 54, 34, 0, 80000),
(2526, 54, 35, 0, 160000),
(2527, 54, 36, 0, 150000),
(2528, 54, 37, 0, 100000),
(2529, 54, 38, 0, 80000),
(2530, 54, 39, 0, 300000),
(2531, 54, 40, 0, 200000),
(2532, 54, 41, 1, 150000),
(2533, 54, 42, 0, 200000),
(2534, 54, 43, 0, 300000),
(2535, 54, 44, 0, 250000),
(2536, 54, 45, 0, 250000),
(2537, 54, 46, 0, 150000),
(2538, 54, 47, 0, 120000),
(2539, 55, 1, 0, 125000),
(2540, 55, 2, 1, 60000),
(2541, 55, 3, 1, 150000),
(2542, 55, 4, 0, 150000),
(2543, 55, 5, 0, 150000),
(2544, 55, 6, 0, 120000),
(2545, 55, 7, 0, 120000),
(2546, 55, 8, 0, 120000),
(2547, 55, 9, 0, 60000),
(2548, 55, 10, 0, 150000),
(2549, 55, 11, 0, 60000),
(2550, 55, 12, 1, 60000),
(2551, 55, 13, 0, 150000),
(2552, 55, 14, 1, 80000),
(2553, 55, 15, 1, 80000),
(2554, 55, 16, 0, 150000),
(2555, 55, 17, 0, 150000),
(2556, 55, 18, 0, 100000),
(2557, 55, 19, 0, 100000),
(2558, 55, 20, 0, 150000),
(2559, 55, 21, 0, 200000),
(2560, 55, 22, 0, 150000),
(2561, 55, 23, 0, 150000),
(2562, 55, 24, 0, 250000),
(2563, 55, 25, 0, 150000),
(2564, 55, 26, 0, 75000),
(2565, 55, 27, 0, 75000),
(2566, 55, 28, 0, 150000),
(2567, 55, 29, 0, 250000),
(2568, 55, 30, 0, 150000),
(2569, 55, 31, 0, 100000),
(2570, 55, 32, 1, 40000),
(2571, 55, 33, 0, 50000),
(2572, 55, 34, 0, 80000),
(2573, 55, 35, 0, 160000),
(2574, 55, 36, 0, 150000),
(2575, 55, 37, 0, 100000),
(2576, 55, 38, 0, 80000),
(2577, 55, 39, 0, 300000),
(2578, 55, 40, 0, 200000),
(2579, 55, 41, 2, 150000),
(2580, 55, 42, 0, 200000),
(2581, 55, 43, 0, 300000),
(2582, 55, 44, 0, 250000),
(2583, 55, 45, 0, 250000),
(2584, 55, 46, 1, 150000),
(2585, 55, 47, 0, 120000),
(2586, 56, 1, 3, 125000),
(2587, 56, 2, 3, 60000),
(2588, 56, 3, 0, 150000),
(2589, 56, 4, 1, 150000),
(2590, 56, 5, 0, 150000),
(2591, 56, 6, 0, 120000),
(2592, 56, 7, 0, 120000),
(2593, 56, 8, 0, 120000),
(2594, 56, 9, 0, 60000),
(2595, 56, 10, 0, 150000),
(2596, 56, 11, 6, 60000),
(2597, 56, 12, 2, 60000),
(2598, 56, 13, 1, 150000),
(2599, 56, 14, 4, 80000),
(2600, 56, 15, 1, 80000),
(2601, 56, 16, 0, 150000),
(2602, 56, 17, 1, 150000),
(2603, 56, 18, 0, 100000),
(2604, 56, 19, 0, 100000),
(2605, 56, 20, 0, 150000),
(2606, 56, 21, 0, 200000),
(2607, 56, 22, 0, 150000),
(2608, 56, 23, 0, 150000),
(2609, 56, 24, 0, 250000),
(2610, 56, 25, 0, 150000),
(2611, 56, 26, 0, 75000),
(2612, 56, 27, 0, 75000),
(2613, 56, 28, 0, 150000),
(2614, 56, 29, 0, 250000),
(2615, 56, 30, 0, 150000),
(2616, 56, 31, 0, 100000),
(2617, 56, 32, 0, 40000),
(2618, 56, 33, 0, 50000),
(2619, 56, 34, 0, 80000),
(2620, 56, 35, 0, 160000),
(2621, 56, 36, 0, 150000),
(2622, 56, 37, 0, 100000),
(2623, 56, 38, 0, 80000),
(2624, 56, 39, 0, 300000),
(2625, 56, 40, 0, 200000),
(2626, 56, 41, 0, 150000),
(2627, 56, 42, 1, 200000),
(2628, 56, 43, 0, 300000),
(2629, 56, 44, 0, 250000),
(2630, 56, 45, 0, 250000),
(2631, 56, 46, 0, 150000),
(2632, 56, 47, 0, 120000),
(2633, 57, 1, 6, 125000),
(2634, 57, 2, 1, 60000),
(2635, 57, 3, 2, 150000),
(2636, 57, 4, 0, 150000),
(2637, 57, 5, 0, 150000),
(2638, 57, 6, 1, 120000),
(2639, 57, 7, 0, 120000),
(2640, 57, 8, 2, 120000),
(2641, 57, 9, 0, 60000),
(2642, 57, 10, 1, 150000),
(2643, 57, 11, 0, 60000),
(2644, 57, 12, 1, 60000),
(2645, 57, 13, 3, 150000),
(2646, 57, 14, 5, 80000),
(2647, 57, 15, 0, 80000),
(2648, 57, 16, 0, 150000),
(2649, 57, 17, 0, 150000),
(2650, 57, 18, 0, 100000),
(2651, 57, 19, 0, 100000),
(2652, 57, 20, 1, 150000),
(2653, 57, 21, 1, 200000),
(2654, 57, 22, 0, 150000),
(2655, 57, 23, 1, 150000),
(2656, 57, 24, 0, 250000),
(2657, 57, 25, 0, 150000),
(2658, 57, 26, 0, 75000),
(2659, 57, 27, 1, 75000),
(2660, 57, 28, 0, 150000),
(2661, 57, 29, 1, 250000),
(2662, 57, 30, 0, 150000),
(2663, 57, 31, 0, 100000),
(2664, 57, 32, 0, 40000),
(2665, 57, 33, 0, 50000),
(2666, 57, 34, 0, 80000),
(2667, 57, 35, 0, 160000),
(2668, 57, 36, 1, 150000),
(2669, 57, 37, 2, 100000),
(2670, 57, 38, 0, 80000),
(2671, 57, 39, 0, 300000),
(2672, 57, 40, 0, 200000),
(2673, 57, 41, 4, 150000),
(2674, 57, 42, 2, 200000),
(2675, 57, 43, 0, 300000),
(2676, 57, 44, 0, 250000),
(2677, 57, 45, 2, 250000),
(2678, 57, 46, 0, 150000),
(2679, 57, 47, 0, 120000),
(2680, 58, 1, 4, 125000),
(2681, 58, 2, 0, 60000),
(2682, 58, 3, 2, 150000),
(2683, 58, 4, 0, 150000),
(2684, 58, 5, 0, 150000),
(2685, 58, 6, 0, 120000),
(2686, 58, 7, 0, 120000),
(2687, 58, 8, 1, 120000),
(2688, 58, 9, 1, 60000),
(2689, 58, 10, 0, 150000),
(2690, 58, 11, 0, 60000),
(2691, 58, 12, 2, 60000),
(2692, 58, 13, 0, 150000),
(2693, 58, 14, 3, 80000),
(2694, 58, 15, 0, 80000),
(2695, 58, 16, 1, 150000),
(2696, 58, 17, 0, 150000),
(2697, 58, 18, 0, 100000),
(2698, 58, 19, 0, 100000),
(2699, 58, 20, 0, 150000),
(2700, 58, 21, 0, 200000),
(2701, 58, 22, 0, 150000),
(2702, 58, 23, 0, 150000),
(2703, 58, 24, 0, 250000),
(2704, 58, 25, 0, 150000),
(2705, 58, 26, 0, 75000),
(2706, 58, 27, 0, 75000),
(2707, 58, 28, 0, 150000),
(2708, 58, 29, 0, 250000),
(2709, 58, 30, 0, 150000),
(2710, 58, 31, 0, 100000),
(2711, 58, 32, 0, 40000),
(2712, 58, 33, 0, 50000),
(2713, 58, 34, 0, 80000),
(2714, 58, 35, 0, 160000),
(2715, 58, 36, 0, 150000),
(2716, 58, 37, 0, 100000),
(2717, 58, 38, 0, 80000),
(2718, 58, 39, 0, 300000),
(2719, 58, 40, 0, 200000),
(2720, 58, 41, 2, 150000),
(2721, 58, 42, 0, 200000),
(2722, 58, 43, 0, 300000),
(2723, 58, 44, 0, 250000),
(2724, 58, 45, 0, 250000),
(2725, 58, 46, 2, 150000),
(2726, 58, 47, 0, 120000),
(2727, 59, 1, 4, 125000),
(2728, 59, 2, 2, 60000),
(2729, 59, 3, 2, 150000),
(2730, 59, 4, 1, 150000),
(2731, 59, 5, 0, 150000),
(2732, 59, 6, 0, 120000),
(2733, 59, 7, 0, 120000),
(2734, 59, 8, 0, 120000),
(2735, 59, 9, 0, 60000),
(2736, 59, 10, 0, 150000),
(2737, 59, 11, 1, 60000),
(2738, 59, 12, 3, 60000),
(2739, 59, 13, 2, 150000),
(2740, 59, 14, 6, 80000),
(2741, 59, 15, 1, 80000),
(2742, 59, 16, 0, 150000),
(2743, 59, 17, 0, 150000),
(2744, 59, 18, 0, 100000),
(2745, 59, 19, 0, 100000),
(2746, 59, 20, 1, 150000),
(2747, 59, 21, 1, 200000),
(2748, 59, 22, 0, 150000),
(2749, 59, 23, 0, 150000),
(2750, 59, 24, 0, 250000),
(2751, 59, 25, 0, 150000),
(2752, 59, 26, 1, 75000),
(2753, 59, 27, 1, 75000),
(2754, 59, 28, 0, 150000),
(2755, 59, 29, 0, 250000),
(2756, 59, 30, 0, 150000),
(2757, 59, 31, 0, 100000),
(2758, 59, 32, 1, 40000),
(2759, 59, 33, 0, 50000),
(2760, 59, 34, 0, 80000),
(2761, 59, 35, 2, 160000),
(2762, 59, 36, 0, 150000),
(2763, 59, 37, 0, 100000),
(2764, 59, 38, 0, 80000),
(2765, 59, 39, 1, 300000),
(2766, 59, 40, 1, 200000),
(2767, 59, 41, 0, 150000),
(2768, 59, 42, 0, 200000),
(2769, 59, 43, 0, 300000),
(2770, 59, 44, 0, 250000),
(2771, 59, 45, 1, 250000),
(2772, 59, 46, 1, 150000),
(2773, 59, 47, 0, 120000),
(2774, 60, 1, 7, 125000),
(2775, 60, 2, 0, 60000),
(2776, 60, 3, 1, 150000),
(2777, 60, 4, 2, 150000),
(2778, 60, 5, 0, 150000),
(2779, 60, 6, 1, 120000),
(2780, 60, 7, 0, 120000),
(2781, 60, 8, 1, 120000),
(2782, 60, 9, 0, 60000),
(2783, 60, 10, 0, 150000),
(2784, 60, 11, 0, 60000),
(2785, 60, 12, 0, 60000),
(2786, 60, 13, 3, 150000),
(2787, 60, 14, 2, 80000),
(2788, 60, 15, 2, 80000),
(2789, 60, 16, 0, 150000),
(2790, 60, 17, 0, 150000),
(2791, 60, 18, 0, 100000),
(2792, 60, 19, 1, 100000),
(2793, 60, 20, 0, 150000),
(2794, 60, 21, 0, 200000),
(2795, 60, 22, 0, 150000),
(2796, 60, 23, 0, 150000),
(2797, 60, 24, 0, 250000),
(2798, 60, 25, 0, 150000),
(2799, 60, 26, 0, 75000),
(2800, 60, 27, 0, 75000),
(2801, 60, 28, 0, 150000),
(2802, 60, 29, 1, 250000),
(2803, 60, 30, 1, 150000),
(2804, 60, 31, 0, 100000),
(2805, 60, 32, 0, 40000),
(2806, 60, 33, 1, 50000),
(2807, 60, 34, 1, 80000),
(2808, 60, 35, 0, 160000),
(2809, 60, 36, 1, 150000),
(2810, 60, 37, 0, 100000),
(2811, 60, 38, 0, 80000),
(2812, 60, 39, 0, 300000),
(2813, 60, 40, 0, 200000),
(2814, 60, 41, 3, 150000),
(2815, 60, 42, 0, 200000),
(2816, 60, 43, 0, 300000),
(2817, 60, 44, 0, 250000),
(2818, 60, 45, 1, 250000),
(2819, 60, 46, 1, 150000),
(2820, 60, 47, 0, 120000),
(2821, 61, 1, 0, 125000),
(2822, 61, 2, 0, 60000),
(2823, 61, 3, 1, 150000),
(2824, 61, 4, 0, 150000),
(2825, 61, 5, 0, 150000),
(2826, 61, 6, 0, 120000),
(2827, 61, 7, 0, 120000),
(2828, 61, 8, 0, 120000),
(2829, 61, 9, 0, 60000),
(2830, 61, 10, 0, 150000),
(2831, 61, 11, 0, 60000),
(2832, 61, 12, 0, 60000),
(2833, 61, 13, 1, 150000),
(2834, 61, 14, 1, 80000),
(2835, 61, 15, 0, 80000),
(2836, 61, 16, 0, 150000),
(2837, 61, 17, 0, 150000),
(2838, 61, 18, 0, 100000),
(2839, 61, 19, 0, 100000),
(2840, 61, 20, 0, 150000),
(2841, 61, 21, 0, 200000),
(2842, 61, 22, 0, 150000),
(2843, 61, 23, 0, 150000),
(2844, 61, 24, 0, 250000),
(2845, 61, 25, 0, 150000),
(2846, 61, 26, 0, 75000),
(2847, 61, 27, 0, 75000),
(2848, 61, 28, 0, 150000),
(2849, 61, 29, 0, 250000),
(2850, 61, 30, 0, 150000),
(2851, 61, 31, 0, 100000),
(2852, 61, 32, 0, 40000),
(2853, 61, 33, 0, 50000),
(2854, 61, 34, 0, 80000),
(2855, 61, 35, 0, 160000),
(2856, 61, 36, 0, 150000),
(2857, 61, 37, 0, 100000),
(2858, 61, 38, 0, 80000),
(2859, 61, 39, 0, 300000),
(2860, 61, 40, 0, 200000),
(2861, 61, 41, 1, 150000),
(2862, 61, 42, 0, 200000),
(2863, 61, 43, 0, 300000),
(2864, 61, 44, 2, 250000),
(2865, 61, 45, 0, 250000),
(2866, 61, 46, 0, 150000),
(2867, 61, 47, 0, 120000),
(2868, 62, 1, 1, 125000),
(2869, 62, 2, 0, 60000),
(2870, 62, 3, 0, 150000),
(2871, 62, 4, 1, 150000),
(2872, 62, 5, 0, 150000),
(2873, 62, 6, 0, 120000),
(2874, 62, 7, 0, 120000),
(2875, 62, 8, 0, 120000),
(2876, 62, 9, 0, 60000),
(2877, 62, 10, 0, 150000),
(2878, 62, 11, 0, 60000),
(2879, 62, 12, 3, 60000),
(2880, 62, 13, 0, 150000),
(2881, 62, 14, 0, 80000),
(2882, 62, 15, 2, 80000),
(2883, 62, 16, 0, 150000),
(2884, 62, 17, 0, 150000),
(2885, 62, 18, 0, 100000),
(2886, 62, 19, 1, 100000),
(2887, 62, 20, 0, 150000),
(2888, 62, 21, 0, 200000),
(2889, 62, 22, 0, 150000),
(2890, 62, 23, 0, 150000),
(2891, 62, 24, 0, 250000),
(2892, 62, 25, 0, 150000),
(2893, 62, 26, 0, 75000),
(2894, 62, 27, 0, 75000),
(2895, 62, 28, 0, 150000),
(2896, 62, 29, 0, 250000),
(2897, 62, 30, 0, 150000),
(2898, 62, 31, 0, 100000),
(2899, 62, 32, 0, 40000),
(2900, 62, 33, 0, 50000),
(2901, 62, 34, 0, 80000),
(2902, 62, 35, 0, 160000),
(2903, 62, 36, 1, 150000),
(2904, 62, 37, 0, 100000),
(2905, 62, 38, 0, 80000),
(2906, 62, 39, 0, 300000),
(2907, 62, 40, 0, 200000),
(2908, 62, 41, 0, 150000),
(2909, 62, 42, 0, 200000),
(2910, 62, 43, 0, 300000),
(2911, 62, 44, 0, 250000),
(2912, 62, 45, 0, 250000),
(2913, 62, 46, 0, 150000),
(2914, 62, 47, 0, 120000),
(2915, 63, 1, 3, 125000),
(2916, 63, 2, 0, 60000),
(2917, 63, 3, 2, 150000),
(2918, 63, 4, 0, 150000),
(2919, 63, 5, 0, 150000),
(2920, 63, 6, 1, 120000),
(2921, 63, 7, 0, 120000),
(2922, 63, 8, 0, 120000),
(2923, 63, 9, 0, 60000),
(2924, 63, 10, 0, 150000),
(2925, 63, 11, 1, 60000),
(2926, 63, 12, 0, 60000),
(2927, 63, 13, 5, 150000),
(2928, 63, 14, 4, 80000),
(2929, 63, 15, 5, 80000),
(2930, 63, 16, 0, 150000),
(2931, 63, 17, 1, 150000),
(2932, 63, 18, 0, 100000),
(2933, 63, 19, 2, 100000),
(2934, 63, 20, 0, 150000),
(2935, 63, 21, 0, 200000),
(2936, 63, 22, 0, 150000),
(2937, 63, 23, 0, 150000),
(2938, 63, 24, 0, 250000),
(2939, 63, 25, 0, 150000),
(2940, 63, 26, 0, 75000),
(2941, 63, 27, 1, 75000),
(2942, 63, 28, 1, 150000),
(2943, 63, 29, 2, 250000),
(2944, 63, 30, 2, 150000),
(2945, 63, 31, 1, 100000),
(2946, 63, 32, 0, 40000),
(2947, 63, 33, 0, 50000),
(2948, 63, 34, 0, 80000),
(2949, 63, 35, 0, 160000),
(2950, 63, 36, 0, 150000),
(2951, 63, 37, 0, 100000),
(2952, 63, 38, 0, 80000),
(2953, 63, 39, 0, 300000),
(2954, 63, 40, 1, 200000),
(2955, 63, 41, 3, 150000),
(2956, 63, 42, 2, 200000),
(2957, 63, 43, 0, 300000),
(2958, 63, 44, 0, 250000),
(2959, 63, 45, 2, 250000),
(2960, 63, 46, 0, 150000),
(2961, 63, 47, 0, 120000),
(2962, 64, 1, 4, 125000),
(2963, 64, 2, 0, 60000),
(2964, 64, 3, 0, 150000),
(2965, 64, 4, 0, 150000),
(2966, 64, 5, 0, 150000),
(2967, 64, 6, 0, 120000),
(2968, 64, 7, 0, 120000),
(2969, 64, 8, 0, 120000),
(2970, 64, 9, 0, 60000),
(2971, 64, 10, 0, 150000),
(2972, 64, 11, 0, 60000),
(2973, 64, 12, 1, 60000),
(2974, 64, 13, 2, 150000),
(2975, 64, 14, 1, 80000),
(2976, 64, 15, 1, 80000),
(2977, 64, 16, 0, 150000),
(2978, 64, 17, 0, 150000),
(2979, 64, 18, 0, 100000),
(2980, 64, 19, 1, 100000),
(2981, 64, 20, 0, 150000),
(2982, 64, 21, 0, 200000),
(2983, 64, 22, 0, 150000),
(2984, 64, 23, 0, 150000),
(2985, 64, 24, 0, 250000),
(2986, 64, 25, 0, 150000),
(2987, 64, 26, 0, 75000),
(2988, 64, 27, 0, 75000),
(2989, 64, 28, 0, 150000),
(2990, 64, 29, 1, 250000),
(2991, 64, 30, 0, 150000),
(2992, 64, 31, 1, 100000),
(2993, 64, 32, 0, 40000),
(2994, 64, 33, 0, 50000),
(2995, 64, 34, 0, 80000),
(2996, 64, 35, 0, 160000),
(2997, 64, 36, 0, 150000),
(2998, 64, 37, 0, 100000),
(2999, 64, 38, 0, 80000),
(3000, 64, 39, 0, 300000),
(3001, 64, 40, 0, 200000),
(3002, 64, 41, 0, 150000),
(3003, 64, 42, 0, 200000),
(3004, 64, 43, 0, 300000),
(3005, 64, 44, 0, 250000),
(3006, 64, 45, 0, 250000),
(3007, 64, 46, 0, 150000),
(3008, 64, 47, 0, 120000),
(3009, 65, 1, 2, 125000),
(3010, 65, 2, 2, 60000),
(3011, 65, 3, 2, 150000),
(3012, 65, 4, 0, 150000),
(3013, 65, 5, 0, 150000),
(3014, 65, 6, 0, 120000),
(3015, 65, 7, 0, 120000),
(3016, 65, 8, 0, 120000),
(3017, 65, 9, 0, 60000),
(3018, 65, 10, 0, 150000),
(3019, 65, 11, 0, 60000),
(3020, 65, 12, 1, 60000),
(3021, 65, 13, 1, 150000),
(3022, 65, 14, 0, 80000),
(3023, 65, 15, 1, 80000),
(3024, 65, 16, 0, 150000),
(3025, 65, 17, 0, 150000),
(3026, 65, 18, 0, 100000),
(3027, 65, 19, 0, 100000),
(3028, 65, 20, 0, 150000),
(3029, 65, 21, 0, 200000),
(3030, 65, 22, 0, 150000),
(3031, 65, 23, 0, 150000),
(3032, 65, 24, 0, 250000),
(3033, 65, 25, 0, 150000),
(3034, 65, 26, 0, 75000),
(3035, 65, 27, 0, 75000),
(3036, 65, 28, 0, 150000),
(3037, 65, 29, 0, 250000),
(3038, 65, 30, 0, 150000),
(3039, 65, 31, 1, 100000),
(3040, 65, 32, 0, 40000),
(3041, 65, 33, 0, 50000),
(3042, 65, 34, 0, 80000),
(3043, 65, 35, 0, 160000),
(3044, 65, 36, 0, 150000),
(3045, 65, 37, 0, 100000),
(3046, 65, 38, 0, 80000),
(3047, 65, 39, 0, 300000),
(3048, 65, 40, 0, 200000),
(3049, 65, 41, 1, 150000),
(3050, 65, 42, 0, 200000),
(3051, 65, 43, 0, 300000),
(3052, 65, 44, 0, 250000),
(3053, 65, 45, 0, 250000),
(3054, 65, 46, 0, 150000),
(3055, 65, 47, 0, 120000),
(3056, 66, 1, 1, 125000),
(3057, 66, 2, 2, 60000),
(3058, 66, 3, 1, 150000),
(3059, 66, 4, 1, 150000),
(3060, 66, 5, 0, 150000),
(3061, 66, 6, 0, 120000),
(3062, 66, 7, 0, 120000),
(3063, 66, 8, 0, 120000),
(3064, 66, 9, 0, 60000),
(3065, 66, 10, 0, 150000),
(3066, 66, 11, 0, 60000),
(3067, 66, 12, 0, 60000),
(3068, 66, 13, 1, 150000),
(3069, 66, 14, 3, 80000),
(3070, 66, 15, 2, 80000),
(3071, 66, 16, 0, 150000),
(3072, 66, 17, 0, 150000),
(3073, 66, 18, 0, 100000),
(3074, 66, 19, 0, 100000),
(3075, 66, 20, 1, 150000),
(3076, 66, 21, 0, 200000),
(3077, 66, 22, 0, 150000),
(3078, 66, 23, 0, 150000),
(3079, 66, 24, 0, 250000),
(3080, 66, 25, 0, 150000),
(3081, 66, 26, 1, 75000),
(3082, 66, 27, 1, 75000),
(3083, 66, 28, 0, 150000),
(3084, 66, 29, 1, 250000),
(3085, 66, 30, 1, 150000),
(3086, 66, 31, 3, 100000),
(3087, 66, 32, 0, 40000),
(3088, 66, 33, 0, 50000),
(3089, 66, 34, 0, 80000),
(3090, 66, 35, 0, 160000),
(3091, 66, 36, 0, 150000),
(3092, 66, 37, 0, 100000),
(3093, 66, 38, 0, 80000),
(3094, 66, 39, 0, 300000),
(3095, 66, 40, 0, 200000),
(3096, 66, 41, 1, 150000),
(3097, 66, 42, 0, 200000),
(3098, 66, 43, 0, 300000),
(3099, 66, 44, 0, 250000),
(3100, 66, 45, 1, 250000),
(3101, 66, 46, 0, 150000),
(3102, 66, 47, 0, 120000),
(3103, 67, 1, 0, 125000),
(3104, 67, 2, 0, 60000),
(3105, 67, 3, 0, 150000),
(3106, 67, 4, 0, 150000),
(3107, 67, 5, 0, 150000),
(3108, 67, 6, 0, 120000),
(3109, 67, 7, 0, 120000),
(3110, 67, 8, 0, 120000),
(3111, 67, 9, 0, 60000),
(3112, 67, 10, 0, 150000),
(3113, 67, 11, 0, 60000),
(3114, 67, 12, 0, 60000),
(3115, 67, 13, 0, 150000),
(3116, 67, 14, 0, 80000),
(3117, 67, 15, 0, 80000),
(3118, 67, 16, 0, 150000),
(3119, 67, 17, 0, 150000),
(3120, 67, 18, 0, 100000),
(3121, 67, 19, 0, 100000),
(3122, 67, 20, 0, 150000),
(3123, 67, 21, 0, 200000),
(3124, 67, 22, 0, 150000),
(3125, 67, 23, 0, 150000),
(3126, 67, 24, 0, 250000),
(3127, 67, 25, 0, 150000),
(3128, 67, 26, 0, 75000),
(3129, 67, 27, 0, 75000),
(3130, 67, 28, 0, 150000),
(3131, 67, 29, 0, 250000),
(3132, 67, 30, 0, 150000),
(3133, 67, 31, 0, 100000),
(3134, 67, 32, 0, 40000),
(3135, 67, 33, 0, 50000),
(3136, 67, 34, 0, 80000),
(3137, 67, 35, 0, 160000),
(3138, 67, 36, 0, 150000),
(3139, 67, 37, 0, 100000),
(3140, 67, 38, 0, 80000),
(3141, 67, 39, 0, 300000),
(3142, 67, 40, 0, 200000),
(3143, 67, 41, 0, 150000),
(3144, 67, 42, 0, 200000),
(3145, 67, 43, 0, 300000),
(3146, 67, 44, 0, 250000),
(3147, 67, 45, 0, 250000),
(3148, 67, 46, 0, 150000),
(3149, 67, 47, 0, 120000),
(3150, 68, 1, 5, 125000),
(3151, 68, 2, 0, 60000),
(3152, 68, 3, 1, 150000),
(3153, 68, 4, 1, 150000),
(3154, 68, 5, 0, 150000),
(3155, 68, 6, 0, 120000),
(3156, 68, 7, 1, 120000),
(3157, 68, 8, 1, 120000),
(3158, 68, 9, 0, 60000),
(3159, 68, 10, 1, 150000),
(3160, 68, 11, 0, 60000),
(3161, 68, 12, 0, 60000),
(3162, 68, 13, 4, 150000),
(3163, 68, 14, 5, 80000),
(3164, 68, 15, 0, 80000),
(3165, 68, 16, 0, 150000),
(3166, 68, 17, 0, 150000),
(3167, 68, 18, 0, 100000),
(3168, 68, 19, 0, 100000),
(3169, 68, 20, 0, 150000),
(3170, 68, 21, 0, 200000),
(3171, 68, 22, 0, 150000),
(3172, 68, 23, 0, 150000),
(3173, 68, 24, 0, 250000),
(3174, 68, 25, 0, 150000),
(3175, 68, 26, 0, 75000),
(3176, 68, 27, 0, 75000),
(3177, 68, 28, 0, 150000),
(3178, 68, 29, 0, 250000),
(3179, 68, 30, 0, 150000),
(3180, 68, 31, 1, 100000),
(3181, 68, 32, 0, 40000),
(3182, 68, 33, 0, 50000),
(3183, 68, 34, 0, 80000),
(3184, 68, 35, 0, 160000),
(3185, 68, 36, 0, 150000),
(3186, 68, 37, 0, 100000),
(3187, 68, 38, 0, 80000),
(3188, 68, 39, 0, 300000),
(3189, 68, 40, 1, 200000),
(3190, 68, 41, 0, 150000),
(3191, 68, 42, 0, 200000),
(3192, 68, 43, 0, 300000),
(3193, 68, 44, 0, 250000),
(3194, 68, 45, 0, 250000),
(3195, 68, 46, 2, 150000),
(3196, 68, 47, 0, 120000),
(3197, 69, 1, 1, 125000),
(3198, 69, 2, 1, 60000),
(3199, 69, 3, 3, 150000),
(3200, 69, 4, 1, 150000),
(3201, 69, 5, 2, 150000),
(3202, 69, 6, 0, 120000),
(3203, 69, 7, 1, 120000),
(3204, 69, 8, 1, 120000),
(3205, 69, 9, 1, 60000),
(3206, 69, 10, 0, 150000),
(3207, 69, 11, 1, 60000),
(3208, 69, 12, 2, 60000),
(3209, 69, 13, 5, 150000),
(3210, 69, 14, 6, 80000),
(3211, 69, 15, 1, 80000),
(3212, 69, 16, 2, 150000),
(3213, 69, 17, 0, 150000),
(3214, 69, 18, 0, 100000),
(3215, 69, 19, 0, 100000),
(3216, 69, 20, 1, 150000),
(3217, 69, 21, 1, 200000),
(3218, 69, 22, 0, 150000),
(3219, 69, 23, 0, 150000),
(3220, 69, 24, 0, 250000),
(3221, 69, 25, 0, 150000),
(3222, 69, 26, 1, 75000),
(3223, 69, 27, 0, 75000),
(3224, 69, 28, 0, 150000),
(3225, 69, 29, 0, 250000),
(3226, 69, 30, 0, 150000),
(3227, 69, 31, 0, 100000),
(3228, 69, 32, 0, 40000),
(3229, 69, 33, 0, 50000),
(3230, 69, 34, 0, 80000),
(3231, 69, 35, 0, 160000),
(3232, 69, 36, 0, 150000),
(3233, 69, 37, 0, 100000),
(3234, 69, 38, 0, 80000),
(3235, 69, 39, 0, 300000),
(3236, 69, 40, 0, 200000),
(3237, 69, 41, 0, 150000),
(3238, 69, 42, 0, 200000),
(3239, 69, 43, 0, 300000),
(3240, 69, 44, 0, 250000),
(3241, 69, 45, 0, 250000),
(3242, 69, 46, 1, 150000),
(3243, 69, 47, 0, 120000),
(3244, 70, 1, 3, 125000),
(3245, 70, 2, 3, 60000),
(3246, 70, 3, 1, 150000),
(3247, 70, 4, 0, 150000),
(3248, 70, 5, 0, 150000),
(3249, 70, 6, 0, 120000),
(3250, 70, 7, 0, 120000),
(3251, 70, 8, 0, 120000),
(3252, 70, 9, 0, 60000),
(3253, 70, 10, 0, 150000),
(3254, 70, 11, 0, 60000),
(3255, 70, 12, 0, 60000),
(3256, 70, 13, 1, 150000),
(3257, 70, 14, 4, 80000),
(3258, 70, 15, 0, 80000),
(3259, 70, 16, 0, 150000),
(3260, 70, 17, 0, 150000),
(3261, 70, 18, 0, 100000),
(3262, 70, 19, 0, 100000),
(3263, 70, 20, 0, 150000),
(3264, 70, 21, 0, 200000),
(3265, 70, 22, 0, 150000),
(3266, 70, 23, 0, 150000),
(3267, 70, 24, 0, 250000),
(3268, 70, 25, 0, 150000),
(3269, 70, 26, 0, 75000),
(3270, 70, 27, 0, 75000),
(3271, 70, 28, 0, 150000),
(3272, 70, 29, 0, 250000),
(3273, 70, 30, 0, 150000),
(3274, 70, 31, 0, 100000),
(3275, 70, 32, 0, 40000),
(3276, 70, 33, 0, 50000),
(3277, 70, 34, 0, 80000),
(3278, 70, 35, 0, 160000),
(3279, 70, 36, 0, 150000),
(3280, 70, 37, 0, 100000),
(3281, 70, 38, 0, 80000),
(3282, 70, 39, 0, 300000),
(3283, 70, 40, 0, 200000),
(3284, 70, 41, 0, 150000),
(3285, 70, 42, 0, 200000),
(3286, 70, 43, 0, 300000),
(3287, 70, 44, 0, 250000),
(3288, 70, 45, 1, 250000),
(3289, 70, 46, 0, 150000),
(3290, 70, 47, 0, 120000),
(3291, 71, 1, 0, 125000),
(3292, 71, 2, 1, 60000),
(3293, 71, 3, 0, 150000),
(3294, 71, 4, 2, 150000),
(3295, 71, 5, 0, 150000),
(3296, 71, 6, 0, 120000),
(3297, 71, 7, 0, 120000),
(3298, 71, 8, 2, 120000),
(3299, 71, 9, 0, 60000),
(3300, 71, 10, 0, 150000),
(3301, 71, 11, 1, 60000),
(3302, 71, 12, 0, 60000),
(3303, 71, 13, 0, 150000),
(3304, 71, 14, 3, 80000),
(3305, 71, 15, 0, 80000),
(3306, 71, 16, 0, 150000),
(3307, 71, 17, 0, 150000),
(3308, 71, 18, 0, 100000),
(3309, 71, 19, 0, 100000),
(3310, 71, 20, 0, 150000),
(3311, 71, 21, 0, 200000),
(3312, 71, 22, 0, 150000),
(3313, 71, 23, 0, 150000),
(3314, 71, 24, 0, 250000),
(3315, 71, 25, 0, 150000),
(3316, 71, 26, 0, 75000),
(3317, 71, 27, 0, 75000),
(3318, 71, 28, 0, 150000),
(3319, 71, 29, 0, 250000),
(3320, 71, 30, 0, 150000),
(3321, 71, 31, 1, 100000),
(3322, 71, 32, 0, 40000),
(3323, 71, 33, 0, 50000),
(3324, 71, 34, 1, 80000),
(3325, 71, 35, 0, 160000),
(3326, 71, 36, 2, 150000),
(3327, 71, 37, 1, 100000),
(3328, 71, 38, 0, 80000),
(3329, 71, 39, 0, 300000),
(3330, 71, 40, 0, 200000),
(3331, 71, 41, 0, 150000),
(3332, 71, 42, 1, 200000),
(3333, 71, 43, 1, 300000),
(3334, 71, 44, 0, 250000),
(3335, 71, 45, 0, 250000),
(3336, 71, 46, 2, 150000),
(3337, 71, 47, 0, 120000),
(3338, 72, 1, 3, 125000),
(3339, 72, 2, 1, 60000),
(3340, 72, 3, 1, 150000),
(3341, 72, 4, 2, 150000),
(3342, 72, 5, 1, 150000),
(3343, 72, 6, 0, 120000),
(3344, 72, 7, 1, 120000),
(3345, 72, 8, 2, 120000),
(3346, 72, 9, 0, 60000),
(3347, 72, 10, 1, 150000),
(3348, 72, 11, 0, 60000),
(3349, 72, 12, 2, 60000),
(3350, 72, 13, 0, 150000),
(3351, 72, 14, 2, 80000),
(3352, 72, 15, 4, 80000),
(3353, 72, 16, 0, 150000),
(3354, 72, 17, 0, 150000),
(3355, 72, 18, 0, 100000),
(3356, 72, 19, 0, 100000),
(3357, 72, 20, 0, 150000),
(3358, 72, 21, 0, 200000),
(3359, 72, 22, 0, 150000),
(3360, 72, 23, 0, 150000),
(3361, 72, 24, 0, 250000),
(3362, 72, 25, 0, 150000),
(3363, 72, 26, 0, 75000),
(3364, 72, 27, 0, 75000),
(3365, 72, 28, 0, 150000),
(3366, 72, 29, 0, 250000),
(3367, 72, 30, 1, 150000),
(3368, 72, 31, 1, 100000),
(3369, 72, 32, 0, 40000),
(3370, 72, 33, 0, 50000),
(3371, 72, 34, 0, 80000),
(3372, 72, 35, 0, 160000),
(3373, 72, 36, 1, 150000),
(3374, 72, 37, 0, 100000),
(3375, 72, 38, 0, 80000),
(3376, 72, 39, 0, 300000),
(3377, 72, 40, 0, 200000),
(3378, 72, 41, 0, 150000),
(3379, 72, 42, 0, 200000),
(3380, 72, 43, 0, 300000),
(3381, 72, 44, 0, 250000),
(3382, 72, 45, 1, 250000),
(3383, 72, 46, 0, 150000),
(3384, 72, 47, 0, 120000),
(3385, 73, 1, 1, 125000),
(3386, 73, 2, 1, 60000),
(3387, 73, 3, 2, 150000),
(3388, 73, 4, 1, 150000),
(3389, 73, 5, 0, 150000),
(3390, 73, 6, 0, 120000),
(3391, 73, 7, 0, 120000),
(3392, 73, 8, 0, 120000),
(3393, 73, 9, 0, 60000),
(3394, 73, 10, 0, 150000),
(3395, 73, 11, 0, 60000),
(3396, 73, 12, 1, 60000),
(3397, 73, 13, 0, 150000),
(3398, 73, 14, 1, 80000),
(3399, 73, 15, 1, 80000),
(3400, 73, 16, 0, 150000),
(3401, 73, 17, 0, 150000),
(3402, 73, 18, 0, 100000),
(3403, 73, 19, 0, 100000),
(3404, 73, 20, 0, 150000),
(3405, 73, 21, 0, 200000),
(3406, 73, 22, 0, 150000),
(3407, 73, 23, 0, 150000),
(3408, 73, 24, 0, 250000),
(3409, 73, 25, 0, 150000),
(3410, 73, 26, 0, 75000),
(3411, 73, 27, 0, 75000),
(3412, 73, 28, 0, 150000),
(3413, 73, 29, 0, 250000),
(3414, 73, 30, 0, 150000),
(3415, 73, 31, 3, 100000),
(3416, 73, 32, 0, 40000),
(3417, 73, 33, 0, 50000),
(3418, 73, 34, 0, 80000),
(3419, 73, 35, 0, 160000),
(3420, 73, 36, 0, 150000),
(3421, 73, 37, 0, 100000),
(3422, 73, 38, 0, 80000),
(3423, 73, 39, 0, 300000),
(3424, 73, 40, 0, 200000),
(3425, 73, 41, 2, 150000),
(3426, 73, 42, 0, 200000),
(3427, 73, 43, 0, 300000),
(3428, 73, 44, 0, 250000),
(3429, 73, 45, 0, 250000),
(3430, 73, 46, 0, 150000),
(3431, 73, 47, 0, 120000),
(3432, 74, 1, 2, 125000),
(3433, 74, 2, 0, 60000),
(3434, 74, 3, 2, 150000),
(3435, 74, 4, 0, 150000),
(3436, 74, 5, 0, 150000),
(3437, 74, 6, 3, 120000),
(3438, 74, 7, 4, 120000),
(3439, 74, 8, 0, 120000),
(3440, 74, 9, 0, 60000),
(3441, 74, 10, 0, 150000),
(3442, 74, 11, 0, 60000),
(3443, 74, 12, 2, 60000),
(3444, 74, 13, 0, 150000),
(3445, 74, 14, 1, 80000),
(3446, 74, 15, 0, 80000),
(3447, 74, 16, 0, 150000),
(3448, 74, 17, 0, 150000),
(3449, 74, 18, 0, 100000),
(3450, 74, 19, 0, 100000),
(3451, 74, 20, 0, 150000),
(3452, 74, 21, 1, 200000),
(3453, 74, 22, 0, 150000),
(3454, 74, 23, 0, 150000),
(3455, 74, 24, 0, 250000),
(3456, 74, 25, 0, 150000),
(3457, 74, 26, 0, 75000),
(3458, 74, 27, 0, 75000),
(3459, 74, 28, 0, 150000),
(3460, 74, 29, 0, 250000),
(3461, 74, 30, 0, 150000),
(3462, 74, 31, 0, 100000),
(3463, 74, 32, 0, 40000),
(3464, 74, 33, 0, 50000),
(3465, 74, 34, 0, 80000),
(3466, 74, 35, 0, 160000),
(3467, 74, 36, 0, 150000),
(3468, 74, 37, 0, 100000),
(3469, 74, 38, 0, 80000),
(3470, 74, 39, 0, 300000),
(3471, 74, 40, 0, 200000),
(3472, 74, 41, 0, 150000),
(3473, 74, 42, 0, 200000),
(3474, 74, 43, 0, 300000),
(3475, 74, 44, 0, 250000),
(3476, 74, 45, 0, 250000),
(3477, 74, 46, 0, 150000),
(3478, 74, 47, 0, 120000),
(3479, 75, 1, 4, 125000),
(3480, 75, 2, 1, 60000),
(3481, 75, 3, 0, 150000),
(3482, 75, 4, 0, 150000),
(3483, 75, 5, 0, 150000),
(3484, 75, 6, 0, 120000),
(3485, 75, 7, 0, 120000),
(3486, 75, 8, 1, 120000),
(3487, 75, 9, 0, 60000),
(3488, 75, 10, 0, 150000),
(3489, 75, 11, 0, 60000),
(3490, 75, 12, 1, 60000),
(3491, 75, 13, 2, 150000),
(3492, 75, 14, 3, 80000),
(3493, 75, 15, 0, 80000),
(3494, 75, 16, 0, 150000),
(3495, 75, 17, 0, 150000),
(3496, 75, 18, 0, 100000),
(3497, 75, 19, 0, 100000),
(3498, 75, 20, 0, 150000),
(3499, 75, 21, 0, 200000),
(3500, 75, 22, 0, 150000),
(3501, 75, 23, 0, 150000),
(3502, 75, 24, 0, 250000),
(3503, 75, 25, 0, 150000),
(3504, 75, 26, 0, 75000),
(3505, 75, 27, 0, 75000),
(3506, 75, 28, 0, 150000),
(3507, 75, 29, 0, 250000),
(3508, 75, 30, 0, 150000),
(3509, 75, 31, 0, 100000),
(3510, 75, 32, 0, 40000),
(3511, 75, 33, 0, 50000),
(3512, 75, 34, 0, 80000),
(3513, 75, 35, 0, 160000),
(3514, 75, 36, 0, 150000),
(3515, 75, 37, 0, 100000),
(3516, 75, 38, 0, 80000),
(3517, 75, 39, 0, 300000),
(3518, 75, 40, 0, 200000),
(3519, 75, 41, 0, 150000),
(3520, 75, 42, 0, 200000),
(3521, 75, 43, 0, 300000),
(3522, 75, 44, 0, 250000),
(3523, 75, 45, 0, 250000),
(3524, 75, 46, 0, 150000),
(3525, 75, 47, 0, 120000),
(3526, 76, 1, 0, 125000),
(3527, 76, 2, 0, 60000),
(3528, 76, 3, 0, 150000),
(3529, 76, 4, 0, 150000),
(3530, 76, 5, 0, 150000),
(3531, 76, 6, 0, 120000),
(3532, 76, 7, 0, 120000),
(3533, 76, 8, 1, 120000),
(3534, 76, 9, 0, 60000),
(3535, 76, 10, 0, 150000),
(3536, 76, 11, 0, 60000),
(3537, 76, 12, 0, 60000),
(3538, 76, 13, 2, 150000),
(3539, 76, 14, 0, 80000),
(3540, 76, 15, 0, 80000),
(3541, 76, 16, 0, 150000),
(3542, 76, 17, 0, 150000),
(3543, 76, 18, 0, 100000),
(3544, 76, 19, 0, 100000),
(3545, 76, 20, 0, 150000),
(3546, 76, 21, 0, 200000),
(3547, 76, 22, 0, 150000),
(3548, 76, 23, 0, 150000),
(3549, 76, 24, 0, 250000),
(3550, 76, 25, 0, 150000),
(3551, 76, 26, 0, 75000),
(3552, 76, 27, 0, 75000),
(3553, 76, 28, 0, 150000),
(3554, 76, 29, 0, 250000),
(3555, 76, 30, 0, 150000),
(3556, 76, 31, 0, 100000),
(3557, 76, 32, 0, 40000),
(3558, 76, 33, 0, 50000),
(3559, 76, 34, 0, 80000),
(3560, 76, 35, 0, 160000),
(3561, 76, 36, 0, 150000),
(3562, 76, 37, 0, 100000),
(3563, 76, 38, 0, 80000),
(3564, 76, 39, 0, 300000),
(3565, 76, 40, 0, 200000),
(3566, 76, 41, 0, 150000),
(3567, 76, 42, 0, 200000),
(3568, 76, 43, 0, 300000),
(3569, 76, 44, 0, 250000),
(3570, 76, 45, 1, 250000),
(3571, 76, 46, 0, 150000),
(3572, 76, 47, 0, 120000),
(3573, 77, 1, 8, 125000),
(3574, 77, 2, 0, 60000),
(3575, 77, 3, 0, 150000),
(3576, 77, 4, 0, 150000),
(3577, 77, 5, 0, 150000),
(3578, 77, 6, 0, 120000),
(3579, 77, 7, 0, 120000),
(3580, 77, 8, 3, 120000),
(3581, 77, 9, 1, 60000),
(3582, 77, 10, 0, 150000),
(3583, 77, 11, 1, 60000),
(3584, 77, 12, 5, 60000),
(3585, 77, 13, 5, 150000),
(3586, 77, 14, 7, 80000),
(3587, 77, 15, 0, 80000),
(3588, 77, 16, 0, 150000),
(3589, 77, 17, 0, 150000),
(3590, 77, 18, 0, 100000),
(3591, 77, 19, 0, 100000),
(3592, 77, 20, 2, 150000),
(3593, 77, 21, 0, 200000),
(3594, 77, 22, 0, 150000),
(3595, 77, 23, 0, 150000),
(3596, 77, 24, 0, 250000),
(3597, 77, 25, 1, 150000),
(3598, 77, 26, 1, 75000),
(3599, 77, 27, 1, 75000),
(3600, 77, 28, 0, 150000),
(3601, 77, 29, 0, 250000),
(3602, 77, 30, 0, 150000),
(3603, 77, 31, 0, 100000),
(3604, 77, 32, 0, 40000),
(3605, 77, 33, 0, 50000),
(3606, 77, 34, 0, 80000),
(3607, 77, 35, 0, 160000),
(3608, 77, 36, 0, 150000),
(3609, 77, 37, 1, 100000),
(3610, 77, 38, 0, 80000),
(3611, 77, 39, 0, 300000),
(3612, 77, 40, 0, 200000),
(3613, 77, 41, 1, 150000),
(3614, 77, 42, 0, 200000),
(3615, 77, 43, 0, 300000),
(3616, 77, 44, 1, 250000),
(3617, 77, 45, 0, 250000),
(3618, 77, 46, 1, 150000),
(3619, 77, 47, 0, 120000),
(3620, 78, 1, 2, 125000),
(3621, 78, 2, 0, 60000),
(3622, 78, 3, 0, 150000),
(3623, 78, 4, 0, 150000),
(3624, 78, 5, 0, 150000),
(3625, 78, 6, 2, 120000),
(3626, 78, 7, 5, 120000),
(3627, 78, 8, 0, 120000),
(3628, 78, 9, 1, 60000),
(3629, 78, 10, 0, 150000),
(3630, 78, 11, 0, 60000),
(3631, 78, 12, 1, 60000),
(3632, 78, 13, 0, 150000),
(3633, 78, 14, 1, 80000),
(3634, 78, 15, 1, 80000),
(3635, 78, 16, 0, 150000),
(3636, 78, 17, 0, 150000),
(3637, 78, 18, 0, 100000),
(3638, 78, 19, 0, 100000),
(3639, 78, 20, 0, 150000),
(3640, 78, 21, 0, 200000),
(3641, 78, 22, 0, 150000),
(3642, 78, 23, 0, 150000),
(3643, 78, 24, 0, 250000),
(3644, 78, 25, 0, 150000),
(3645, 78, 26, 0, 75000),
(3646, 78, 27, 0, 75000),
(3647, 78, 28, 0, 150000),
(3648, 78, 29, 0, 250000),
(3649, 78, 30, 0, 150000),
(3650, 78, 31, 0, 100000),
(3651, 78, 32, 0, 40000),
(3652, 78, 33, 0, 50000),
(3653, 78, 34, 0, 80000),
(3654, 78, 35, 0, 160000),
(3655, 78, 36, 0, 150000),
(3656, 78, 37, 0, 100000),
(3657, 78, 38, 0, 80000),
(3658, 78, 39, 0, 300000),
(3659, 78, 40, 0, 200000),
(3660, 78, 41, 0, 150000),
(3661, 78, 42, 0, 200000),
(3662, 78, 43, 0, 300000),
(3663, 78, 44, 0, 250000),
(3664, 78, 45, 0, 250000),
(3665, 78, 46, 0, 150000),
(3666, 78, 47, 0, 120000),
(3667, 79, 1, 4, 125000),
(3668, 79, 2, 6, 60000),
(3669, 79, 3, 1, 150000),
(3670, 79, 4, 1, 150000),
(3671, 79, 5, 2, 150000),
(3672, 79, 6, 1, 120000),
(3673, 79, 7, 0, 120000),
(3674, 79, 8, 1, 120000),
(3675, 79, 9, 0, 60000),
(3676, 79, 10, 1, 150000),
(3677, 79, 11, 0, 60000),
(3678, 79, 12, 2, 60000),
(3679, 79, 13, 2, 150000),
(3680, 79, 14, 10, 80000),
(3681, 79, 15, 0, 80000),
(3682, 79, 16, 1, 150000),
(3683, 79, 17, 0, 150000),
(3684, 79, 18, 0, 100000),
(3685, 79, 19, 0, 100000),
(3686, 79, 20, 0, 150000),
(3687, 79, 21, 0, 200000),
(3688, 79, 22, 0, 150000),
(3689, 79, 23, 0, 150000),
(3690, 79, 24, 0, 250000),
(3691, 79, 25, 0, 150000),
(3692, 79, 26, 1, 75000),
(3693, 79, 27, 1, 75000),
(3694, 79, 28, 0, 150000),
(3695, 79, 29, 2, 250000),
(3696, 79, 30, 0, 150000),
(3697, 79, 31, 1, 100000),
(3698, 79, 32, 0, 40000),
(3699, 79, 33, 0, 50000),
(3700, 79, 34, 0, 80000),
(3701, 79, 35, 0, 160000),
(3702, 79, 36, 0, 150000),
(3703, 79, 37, 0, 100000),
(3704, 79, 38, 0, 80000),
(3705, 79, 39, 1, 300000),
(3706, 79, 40, 0, 200000),
(3707, 79, 41, 2, 150000),
(3708, 79, 42, 0, 200000),
(3709, 79, 43, 0, 300000),
(3710, 79, 44, 0, 250000),
(3711, 79, 45, 1, 250000),
(3712, 79, 46, 0, 150000),
(3713, 79, 47, 0, 120000),
(3714, 80, 1, 0, 125000),
(3715, 80, 2, 1, 60000),
(3716, 80, 3, 1, 150000),
(3717, 80, 4, 0, 150000),
(3718, 80, 5, 0, 150000),
(3719, 80, 6, 1, 120000),
(3720, 80, 7, 0, 120000),
(3721, 80, 8, 0, 120000),
(3722, 80, 9, 0, 60000),
(3723, 80, 10, 0, 150000),
(3724, 80, 11, 0, 60000),
(3725, 80, 12, 1, 60000),
(3726, 80, 13, 1, 150000),
(3727, 80, 14, 0, 80000),
(3728, 80, 15, 2, 80000),
(3729, 80, 16, 2, 150000),
(3730, 80, 17, 0, 150000),
(3731, 80, 18, 0, 100000),
(3732, 80, 19, 0, 100000),
(3733, 80, 20, 0, 150000),
(3734, 80, 21, 0, 200000),
(3735, 80, 22, 0, 150000),
(3736, 80, 23, 0, 150000),
(3737, 80, 24, 0, 250000),
(3738, 80, 25, 0, 150000),
(3739, 80, 26, 0, 75000),
(3740, 80, 27, 1, 75000),
(3741, 80, 28, 0, 150000),
(3742, 80, 29, 1, 250000),
(3743, 80, 30, 0, 150000),
(3744, 80, 31, 0, 100000),
(3745, 80, 32, 0, 40000),
(3746, 80, 33, 0, 50000),
(3747, 80, 34, 0, 80000),
(3748, 80, 35, 0, 160000),
(3749, 80, 36, 0, 150000),
(3750, 80, 37, 0, 100000),
(3751, 80, 38, 0, 80000),
(3752, 80, 39, 0, 300000),
(3753, 80, 40, 0, 200000),
(3754, 80, 41, 0, 150000),
(3755, 80, 42, 0, 200000),
(3756, 80, 43, 0, 300000),
(3757, 80, 44, 0, 250000),
(3758, 80, 45, 0, 250000),
(3759, 80, 46, 0, 150000),
(3760, 80, 47, 0, 120000),
(3761, 81, 1, 1, 125000),
(3762, 81, 2, 1, 60000),
(3763, 81, 3, 2, 150000),
(3764, 81, 4, 0, 150000),
(3765, 81, 5, 0, 150000),
(3766, 81, 6, 0, 120000),
(3767, 81, 7, 0, 120000),
(3768, 81, 8, 1, 120000),
(3769, 81, 9, 0, 60000),
(3770, 81, 10, 0, 150000),
(3771, 81, 11, 1, 60000),
(3772, 81, 12, 1, 60000),
(3773, 81, 13, 2, 150000),
(3774, 81, 14, 1, 80000),
(3775, 81, 15, 0, 80000),
(3776, 81, 16, 0, 150000),
(3777, 81, 17, 0, 150000),
(3778, 81, 18, 0, 100000),
(3779, 81, 19, 0, 100000),
(3780, 81, 20, 0, 150000),
(3781, 81, 21, 0, 200000),
(3782, 81, 22, 0, 150000),
(3783, 81, 23, 0, 150000),
(3784, 81, 24, 0, 250000),
(3785, 81, 25, 0, 150000),
(3786, 81, 26, 0, 75000),
(3787, 81, 27, 0, 75000),
(3788, 81, 28, 0, 150000),
(3789, 81, 29, 1, 250000),
(3790, 81, 30, 2, 150000),
(3791, 81, 31, 2, 100000),
(3792, 81, 32, 0, 40000),
(3793, 81, 33, 0, 50000),
(3794, 81, 34, 0, 80000),
(3795, 81, 35, 0, 160000),
(3796, 81, 36, 0, 150000),
(3797, 81, 37, 2, 100000),
(3798, 81, 38, 0, 80000),
(3799, 81, 39, 0, 300000),
(3800, 81, 40, 0, 200000),
(3801, 81, 41, 0, 150000),
(3802, 81, 42, 0, 200000),
(3803, 81, 43, 0, 300000),
(3804, 81, 44, 0, 250000),
(3805, 81, 45, 0, 250000),
(3806, 81, 46, 0, 150000),
(3807, 81, 47, 0, 120000),
(3808, 82, 1, 4, 125000),
(3809, 82, 2, 1, 60000),
(3810, 82, 3, 2, 150000),
(3811, 82, 4, 0, 150000),
(3812, 82, 5, 0, 150000),
(3813, 82, 6, 0, 120000),
(3814, 82, 7, 0, 120000),
(3815, 82, 8, 1, 120000),
(3816, 82, 9, 0, 60000),
(3817, 82, 10, 2, 150000),
(3818, 82, 11, 1, 60000),
(3819, 82, 12, 2, 60000),
(3820, 82, 13, 4, 150000),
(3821, 82, 14, 2, 80000),
(3822, 82, 15, 2, 80000),
(3823, 82, 16, 1, 150000),
(3824, 82, 17, 0, 150000),
(3825, 82, 18, 0, 100000),
(3826, 82, 19, 0, 100000),
(3827, 82, 20, 1, 150000),
(3828, 82, 21, 0, 200000),
(3829, 82, 22, 0, 150000),
(3830, 82, 23, 0, 150000),
(3831, 82, 24, 0, 250000),
(3832, 82, 25, 0, 150000),
(3833, 82, 26, 1, 75000),
(3834, 82, 27, 0, 75000),
(3835, 82, 28, 0, 150000),
(3836, 82, 29, 0, 250000),
(3837, 82, 30, 0, 150000),
(3838, 82, 31, 0, 100000),
(3839, 82, 32, 0, 40000),
(3840, 82, 33, 0, 50000),
(3841, 82, 34, 0, 80000),
(3842, 82, 35, 0, 160000),
(3843, 82, 36, 0, 150000),
(3844, 82, 37, 0, 100000),
(3845, 82, 38, 0, 80000),
(3846, 82, 39, 0, 300000),
(3847, 82, 40, 1, 200000),
(3848, 82, 41, 3, 150000),
(3849, 82, 42, 0, 200000),
(3850, 82, 43, 0, 300000),
(3851, 82, 44, 0, 250000),
(3852, 82, 45, 2, 250000),
(3853, 82, 46, 0, 150000),
(3854, 82, 47, 0, 120000),
(3855, 83, 1, 2, 125000),
(3856, 83, 2, 1, 60000),
(3857, 83, 3, 1, 150000),
(3858, 83, 4, 1, 150000),
(3859, 83, 5, 0, 150000),
(3860, 83, 6, 0, 120000),
(3861, 83, 7, 0, 120000),
(3862, 83, 8, 1, 120000),
(3863, 83, 9, 0, 60000),
(3864, 83, 10, 0, 150000),
(3865, 83, 11, 0, 60000),
(3866, 83, 12, 2, 60000),
(3867, 83, 13, 0, 150000),
(3868, 83, 14, 2, 80000),
(3869, 83, 15, 2, 80000),
(3870, 83, 16, 0, 150000),
(3871, 83, 17, 0, 150000),
(3872, 83, 18, 0, 100000),
(3873, 83, 19, 0, 100000),
(3874, 83, 20, 1, 150000),
(3875, 83, 21, 0, 200000),
(3876, 83, 22, 0, 150000),
(3877, 83, 23, 0, 150000),
(3878, 83, 24, 0, 250000),
(3879, 83, 25, 0, 150000),
(3880, 83, 26, 0, 75000),
(3881, 83, 27, 1, 75000),
(3882, 83, 28, 0, 150000),
(3883, 83, 29, 1, 250000),
(3884, 83, 30, 1, 150000),
(3885, 83, 31, 2, 100000),
(3886, 83, 32, 0, 40000),
(3887, 83, 33, 0, 50000),
(3888, 83, 34, 0, 80000),
(3889, 83, 35, 0, 160000),
(3890, 83, 36, 0, 150000),
(3891, 83, 37, 1, 100000),
(3892, 83, 38, 0, 80000),
(3893, 83, 39, 0, 300000),
(3894, 83, 40, 0, 200000),
(3895, 83, 41, 0, 150000),
(3896, 83, 42, 0, 200000),
(3897, 83, 43, 0, 300000),
(3898, 83, 44, 0, 250000),
(3899, 83, 45, 1, 250000),
(3900, 83, 46, 0, 150000),
(3901, 83, 47, 0, 120000),
(3902, 84, 1, 1, 125000),
(3903, 84, 2, 0, 60000),
(3904, 84, 3, 2, 150000),
(3905, 84, 4, 0, 150000),
(3906, 84, 5, 0, 150000),
(3907, 84, 6, 0, 120000),
(3908, 84, 7, 0, 120000),
(3909, 84, 8, 0, 120000),
(3910, 84, 9, 0, 60000),
(3911, 84, 10, 0, 150000),
(3912, 84, 11, 0, 60000),
(3913, 84, 12, 0, 60000),
(3914, 84, 13, 0, 150000),
(3915, 84, 14, 1, 80000),
(3916, 84, 15, 1, 80000),
(3917, 84, 16, 0, 150000),
(3918, 84, 17, 0, 150000),
(3919, 84, 18, 0, 100000),
(3920, 84, 19, 0, 100000),
(3921, 84, 20, 0, 150000),
(3922, 84, 21, 0, 200000),
(3923, 84, 22, 0, 150000),
(3924, 84, 23, 0, 150000),
(3925, 84, 24, 0, 250000),
(3926, 84, 25, 0, 150000),
(3927, 84, 26, 0, 75000),
(3928, 84, 27, 0, 75000),
(3929, 84, 28, 0, 150000),
(3930, 84, 29, 0, 250000),
(3931, 84, 30, 0, 150000),
(3932, 84, 31, 1, 100000),
(3933, 84, 32, 0, 40000),
(3934, 84, 33, 0, 50000),
(3935, 84, 34, 0, 80000),
(3936, 84, 35, 0, 160000),
(3937, 84, 36, 0, 150000),
(3938, 84, 37, 0, 100000),
(3939, 84, 38, 0, 80000),
(3940, 84, 39, 0, 300000),
(3941, 84, 40, 0, 200000),
(3942, 84, 41, 0, 150000),
(3943, 84, 42, 0, 200000),
(3944, 84, 43, 0, 300000),
(3945, 84, 44, 0, 250000),
(3946, 84, 45, 0, 250000),
(3947, 84, 46, 0, 150000),
(3948, 84, 47, 0, 120000),
(3949, 85, 1, 3, 125000),
(3950, 85, 2, 2, 60000),
(3951, 85, 3, 1, 150000),
(3952, 85, 4, 0, 150000),
(3953, 85, 5, 0, 150000),
(3954, 85, 6, 0, 120000),
(3955, 85, 7, 0, 120000),
(3956, 85, 8, 1, 120000),
(3957, 85, 9, 0, 60000),
(3958, 85, 10, 1, 150000),
(3959, 85, 11, 0, 60000),
(3960, 85, 12, 1, 60000),
(3961, 85, 13, 2, 150000),
(3962, 85, 14, 2, 80000),
(3963, 85, 15, 2, 80000),
(3964, 85, 16, 0, 150000),
(3965, 85, 17, 0, 150000),
(3966, 85, 18, 0, 100000),
(3967, 85, 19, 0, 100000),
(3968, 85, 20, 0, 150000),
(3969, 85, 21, 2, 200000),
(3970, 85, 22, 0, 150000),
(3971, 85, 23, 0, 150000),
(3972, 85, 24, 0, 250000),
(3973, 85, 25, 0, 150000),
(3974, 85, 26, 0, 75000),
(3975, 85, 27, 0, 75000),
(3976, 85, 28, 0, 150000),
(3977, 85, 29, 1, 250000),
(3978, 85, 30, 1, 150000),
(3979, 85, 31, 1, 100000),
(3980, 85, 32, 0, 40000),
(3981, 85, 33, 0, 50000),
(3982, 85, 34, 0, 80000),
(3983, 85, 35, 0, 160000),
(3984, 85, 36, 0, 150000),
(3985, 85, 37, 0, 100000),
(3986, 85, 38, 0, 80000),
(3987, 85, 39, 0, 300000),
(3988, 85, 40, 0, 200000),
(3989, 85, 41, 1, 150000),
(3990, 85, 42, 0, 200000),
(3991, 85, 43, 0, 300000),
(3992, 85, 44, 0, 250000),
(3993, 85, 45, 0, 250000),
(3994, 85, 46, 0, 150000),
(3995, 85, 47, 0, 120000),
(3996, 86, 1, 1, 125000),
(3997, 86, 2, 0, 60000),
(3998, 86, 3, 1, 150000),
(3999, 86, 4, 1, 150000),
(4000, 86, 5, 0, 150000),
(4001, 86, 6, 1, 120000),
(4002, 86, 7, 0, 120000),
(4003, 86, 8, 0, 120000),
(4004, 86, 9, 0, 60000),
(4005, 86, 10, 0, 150000),
(4006, 86, 11, 0, 60000),
(4007, 86, 12, 1, 60000),
(4008, 86, 13, 0, 150000),
(4009, 86, 14, 2, 80000),
(4010, 86, 15, 0, 80000),
(4011, 86, 16, 0, 150000),
(4012, 86, 17, 0, 150000),
(4013, 86, 18, 0, 100000),
(4014, 86, 19, 0, 100000),
(4015, 86, 20, 0, 150000),
(4016, 86, 21, 1, 200000),
(4017, 86, 22, 0, 150000),
(4018, 86, 23, 0, 150000),
(4019, 86, 24, 0, 250000),
(4020, 86, 25, 0, 150000),
(4021, 86, 26, 0, 75000),
(4022, 86, 27, 0, 75000),
(4023, 86, 28, 0, 150000),
(4024, 86, 29, 0, 250000),
(4025, 86, 30, 0, 150000),
(4026, 86, 31, 0, 100000),
(4027, 86, 32, 0, 40000),
(4028, 86, 33, 0, 50000),
(4029, 86, 34, 0, 80000),
(4030, 86, 35, 0, 160000),
(4031, 86, 36, 1, 150000),
(4032, 86, 37, 0, 100000),
(4033, 86, 38, 0, 80000),
(4034, 86, 39, 0, 300000),
(4035, 86, 40, 0, 200000),
(4036, 86, 41, 1, 150000),
(4037, 86, 42, 0, 200000),
(4038, 86, 43, 0, 300000),
(4039, 86, 44, 0, 250000),
(4040, 86, 45, 0, 250000),
(4041, 86, 46, 0, 150000),
(4042, 86, 47, 0, 120000),
(4043, 87, 1, 1, 125000),
(4044, 87, 2, 0, 60000),
(4045, 87, 3, 1, 150000),
(4046, 87, 4, 0, 150000),
(4047, 87, 5, 2, 150000),
(4048, 87, 6, 0, 120000),
(4049, 87, 7, 0, 120000),
(4050, 87, 8, 3, 120000),
(4051, 87, 9, 0, 60000),
(4052, 87, 10, 1, 150000),
(4053, 87, 11, 1, 60000),
(4054, 87, 12, 2, 60000),
(4055, 87, 13, 3, 150000),
(4056, 87, 14, 5, 80000),
(4057, 87, 15, 0, 80000),
(4058, 87, 16, 0, 150000),
(4059, 87, 17, 0, 150000),
(4060, 87, 18, 0, 100000),
(4061, 87, 19, 0, 100000),
(4062, 87, 20, 1, 150000),
(4063, 87, 21, 1, 200000),
(4064, 87, 22, 0, 150000),
(4065, 87, 23, 0, 150000),
(4066, 87, 24, 0, 250000),
(4067, 87, 25, 0, 150000),
(4068, 87, 26, 0, 75000),
(4069, 87, 27, 0, 75000),
(4070, 87, 28, 0, 150000),
(4071, 87, 29, 1, 250000),
(4072, 87, 30, 0, 150000),
(4073, 87, 31, 1, 100000),
(4074, 87, 32, 0, 40000),
(4075, 87, 33, 0, 50000),
(4076, 87, 34, 0, 80000),
(4077, 87, 35, 0, 160000),
(4078, 87, 36, 0, 150000),
(4079, 87, 37, 1, 100000),
(4080, 87, 38, 0, 80000),
(4081, 87, 39, 0, 300000),
(4082, 87, 40, 1, 200000),
(4083, 87, 41, 3, 150000),
(4084, 87, 42, 0, 200000),
(4085, 87, 43, 0, 300000),
(4086, 87, 44, 0, 250000),
(4087, 87, 45, 0, 250000),
(4088, 87, 46, 0, 150000),
(4089, 87, 47, 0, 120000),
(4090, 88, 1, 5, 125000),
(4091, 88, 2, 6, 60000),
(4092, 88, 3, 2, 150000),
(4093, 88, 4, 4, 150000),
(4094, 88, 5, 0, 150000),
(4095, 88, 6, 2, 120000),
(4096, 88, 7, 0, 120000),
(4097, 88, 8, 4, 120000),
(4098, 88, 9, 0, 60000),
(4099, 88, 10, 0, 150000),
(4100, 88, 11, 3, 60000),
(4101, 88, 12, 2, 60000),
(4102, 88, 13, 3, 150000),
(4103, 88, 14, 4, 80000),
(4104, 88, 15, 8, 80000),
(4105, 88, 16, 0, 150000),
(4106, 88, 17, 0, 150000),
(4107, 88, 18, 0, 100000),
(4108, 88, 19, 1, 100000),
(4109, 88, 20, 0, 150000),
(4110, 88, 21, 0, 200000),
(4111, 88, 22, 0, 150000),
(4112, 88, 23, 0, 150000),
(4113, 88, 24, 0, 250000),
(4114, 88, 25, 0, 150000),
(4115, 88, 26, 0, 75000),
(4116, 88, 27, 0, 75000),
(4117, 88, 28, 0, 150000),
(4118, 88, 29, 0, 250000),
(4119, 88, 30, 3, 150000),
(4120, 88, 31, 2, 100000),
(4121, 88, 32, 0, 40000),
(4122, 88, 33, 0, 50000),
(4123, 88, 34, 0, 80000),
(4124, 88, 35, 0, 160000),
(4125, 88, 36, 1, 150000),
(4126, 88, 37, 0, 100000);
INSERT INTO `detail_apotik` (`id`, `id_apotik`, `id_obat`, `jumlah`, `harga_satuan`) VALUES
(4127, 88, 38, 0, 80000),
(4128, 88, 39, 0, 300000),
(4129, 88, 40, 0, 200000),
(4130, 88, 41, 3, 150000),
(4131, 88, 42, 0, 200000),
(4132, 88, 43, 0, 300000),
(4133, 88, 44, 0, 250000),
(4134, 88, 45, 0, 250000),
(4135, 88, 46, 1, 150000),
(4136, 88, 47, 0, 120000),
(4137, 89, 1, 2, 125000),
(4138, 89, 2, 0, 60000),
(4139, 89, 3, 0, 150000),
(4140, 89, 4, 1, 150000),
(4141, 89, 5, 0, 150000),
(4142, 89, 6, 0, 120000),
(4143, 89, 7, 0, 120000),
(4144, 89, 8, 1, 120000),
(4145, 89, 9, 0, 60000),
(4146, 89, 10, 0, 150000),
(4147, 89, 11, 0, 60000),
(4148, 89, 12, 1, 60000),
(4149, 89, 13, 0, 150000),
(4150, 89, 14, 0, 80000),
(4151, 89, 15, 0, 80000),
(4152, 89, 16, 1, 150000),
(4153, 89, 17, 0, 150000),
(4154, 89, 18, 0, 100000),
(4155, 89, 19, 0, 100000),
(4156, 89, 20, 0, 150000),
(4157, 89, 21, 0, 200000),
(4158, 89, 22, 0, 150000),
(4159, 89, 23, 0, 150000),
(4160, 89, 24, 0, 250000),
(4161, 89, 25, 0, 150000),
(4162, 89, 26, 0, 75000),
(4163, 89, 27, 0, 75000),
(4164, 89, 28, 0, 150000),
(4165, 89, 29, 1, 250000),
(4166, 89, 30, 0, 150000),
(4167, 89, 31, 0, 100000),
(4168, 89, 32, 0, 40000),
(4169, 89, 33, 0, 50000),
(4170, 89, 34, 0, 80000),
(4171, 89, 35, 1, 160000),
(4172, 89, 36, 1, 150000),
(4173, 89, 37, 0, 100000),
(4174, 89, 38, 0, 80000),
(4175, 89, 39, 0, 300000),
(4176, 89, 40, 0, 200000),
(4177, 89, 41, 0, 150000),
(4178, 89, 42, 0, 200000),
(4179, 89, 43, 1, 300000),
(4180, 89, 44, 0, 250000),
(4181, 89, 45, 0, 250000),
(4182, 89, 46, 0, 150000),
(4183, 89, 47, 0, 120000),
(4184, 90, 1, 1, 125000),
(4185, 90, 2, 1, 60000),
(4186, 90, 3, 0, 150000),
(4187, 90, 4, 0, 150000),
(4188, 90, 5, 0, 150000),
(4189, 90, 6, 0, 120000),
(4190, 90, 7, 0, 120000),
(4191, 90, 8, 0, 120000),
(4192, 90, 9, 0, 60000),
(4193, 90, 10, 0, 150000),
(4194, 90, 11, 0, 60000),
(4195, 90, 12, 3, 60000),
(4196, 90, 13, 0, 150000),
(4197, 90, 14, 4, 80000),
(4198, 90, 15, 3, 80000),
(4199, 90, 16, 0, 150000),
(4200, 90, 17, 0, 150000),
(4201, 90, 18, 0, 100000),
(4202, 90, 19, 0, 100000),
(4203, 90, 20, 0, 150000),
(4204, 90, 21, 0, 200000),
(4205, 90, 22, 0, 150000),
(4206, 90, 23, 0, 150000),
(4207, 90, 24, 0, 250000),
(4208, 90, 25, 0, 150000),
(4209, 90, 26, 1, 75000),
(4210, 90, 27, 0, 75000),
(4211, 90, 28, 1, 150000),
(4212, 90, 29, 1, 250000),
(4213, 90, 30, 1, 150000),
(4214, 90, 31, 0, 100000),
(4215, 90, 32, 0, 40000),
(4216, 90, 33, 0, 50000),
(4217, 90, 34, 0, 80000),
(4218, 90, 35, 0, 160000),
(4219, 90, 36, 0, 150000),
(4220, 90, 37, 0, 100000),
(4221, 90, 38, 0, 80000),
(4222, 90, 39, 0, 300000),
(4223, 90, 40, 1, 200000),
(4224, 90, 41, 0, 150000),
(4225, 90, 42, 0, 200000),
(4226, 90, 43, 0, 300000),
(4227, 90, 44, 0, 250000),
(4228, 90, 45, 0, 250000),
(4229, 90, 46, 0, 150000),
(4230, 90, 47, 0, 120000),
(4231, 91, 1, 5, 125000),
(4232, 91, 2, 0, 60000),
(4233, 91, 3, 0, 150000),
(4234, 91, 4, 3, 150000),
(4235, 91, 5, 0, 150000),
(4236, 91, 6, 0, 120000),
(4237, 91, 7, 0, 120000),
(4238, 91, 8, 0, 120000),
(4239, 91, 9, 0, 60000),
(4240, 91, 10, 0, 150000),
(4241, 91, 11, 0, 60000),
(4242, 91, 12, 4, 60000),
(4243, 91, 13, 2, 150000),
(4244, 91, 14, 1, 80000),
(4245, 91, 15, 0, 80000),
(4246, 91, 16, 0, 150000),
(4247, 91, 17, 0, 150000),
(4248, 91, 18, 0, 100000),
(4249, 91, 19, 0, 100000),
(4250, 91, 20, 0, 150000),
(4251, 91, 21, 0, 200000),
(4252, 91, 22, 0, 150000),
(4253, 91, 23, 0, 150000),
(4254, 91, 24, 0, 250000),
(4255, 91, 25, 0, 150000),
(4256, 91, 26, 0, 75000),
(4257, 91, 27, 0, 75000),
(4258, 91, 28, 1, 150000),
(4259, 91, 29, 0, 250000),
(4260, 91, 30, 0, 150000),
(4261, 91, 31, 0, 100000),
(4262, 91, 32, 0, 40000),
(4263, 91, 33, 0, 50000),
(4264, 91, 34, 0, 80000),
(4265, 91, 35, 0, 160000),
(4266, 91, 36, 0, 150000),
(4267, 91, 37, 1, 100000),
(4268, 91, 38, 0, 80000),
(4269, 91, 39, 0, 300000),
(4270, 91, 40, 0, 200000),
(4271, 91, 41, 1, 150000),
(4272, 91, 42, 1, 200000),
(4273, 91, 43, 0, 300000),
(4274, 91, 44, 0, 250000),
(4275, 91, 45, 1, 250000),
(4276, 91, 46, 1, 150000),
(4277, 91, 47, 0, 120000),
(4278, 92, 1, 1, 125000),
(4279, 92, 2, 1, 60000),
(4280, 92, 3, 1, 150000),
(4281, 92, 4, 0, 150000),
(4282, 92, 5, 0, 150000),
(4283, 92, 6, 0, 120000),
(4284, 92, 7, 0, 120000),
(4285, 92, 8, 0, 120000),
(4286, 92, 9, 0, 60000),
(4287, 92, 10, 0, 150000),
(4288, 92, 11, 0, 60000),
(4289, 92, 12, 1, 60000),
(4290, 92, 13, 1, 150000),
(4291, 92, 14, 1, 80000),
(4292, 92, 15, 2, 80000),
(4293, 92, 16, 0, 150000),
(4294, 92, 17, 0, 150000),
(4295, 92, 18, 0, 100000),
(4296, 92, 19, 0, 100000),
(4297, 92, 20, 0, 150000),
(4298, 92, 21, 0, 200000),
(4299, 92, 22, 0, 150000),
(4300, 92, 23, 0, 150000),
(4301, 92, 24, 0, 250000),
(4302, 92, 25, 0, 150000),
(4303, 92, 26, 0, 75000),
(4304, 92, 27, 0, 75000),
(4305, 92, 28, 0, 150000),
(4306, 92, 29, 0, 250000),
(4307, 92, 30, 0, 150000),
(4308, 92, 31, 0, 100000),
(4309, 92, 32, 0, 40000),
(4310, 92, 33, 0, 50000),
(4311, 92, 34, 0, 80000),
(4312, 92, 35, 0, 160000),
(4313, 92, 36, 0, 150000),
(4314, 92, 37, 0, 100000),
(4315, 92, 38, 0, 80000),
(4316, 92, 39, 0, 300000),
(4317, 92, 40, 0, 200000),
(4318, 92, 41, 0, 150000),
(4319, 92, 42, 2, 200000),
(4320, 92, 43, 0, 300000),
(4321, 92, 44, 0, 250000),
(4322, 92, 45, 0, 250000),
(4323, 92, 46, 0, 150000),
(4324, 92, 47, 0, 120000),
(4325, 93, 1, 2, 125000),
(4326, 93, 2, 1, 60000),
(4327, 93, 3, 0, 150000),
(4328, 93, 4, 0, 150000),
(4329, 93, 5, 0, 150000),
(4330, 93, 6, 0, 120000),
(4331, 93, 7, 0, 120000),
(4332, 93, 8, 0, 120000),
(4333, 93, 9, 0, 60000),
(4334, 93, 10, 0, 150000),
(4335, 93, 11, 0, 60000),
(4336, 93, 12, 1, 60000),
(4337, 93, 13, 0, 150000),
(4338, 93, 14, 2, 80000),
(4339, 93, 15, 1, 80000),
(4340, 93, 16, 0, 150000),
(4341, 93, 17, 0, 150000),
(4342, 93, 18, 0, 100000),
(4343, 93, 19, 0, 100000),
(4344, 93, 20, 1, 150000),
(4345, 93, 21, 0, 200000),
(4346, 93, 22, 0, 150000),
(4347, 93, 23, 2, 150000),
(4348, 93, 24, 0, 250000),
(4349, 93, 25, 0, 150000),
(4350, 93, 26, 0, 75000),
(4351, 93, 27, 0, 75000),
(4352, 93, 28, 1, 150000),
(4353, 93, 29, 0, 250000),
(4354, 93, 30, 0, 150000),
(4355, 93, 31, 0, 100000),
(4356, 93, 32, 0, 40000),
(4357, 93, 33, 0, 50000),
(4358, 93, 34, 0, 80000),
(4359, 93, 35, 0, 160000),
(4360, 93, 36, 0, 150000),
(4361, 93, 37, 0, 100000),
(4362, 93, 38, 0, 80000),
(4363, 93, 39, 0, 300000),
(4364, 93, 40, 0, 200000),
(4365, 93, 41, 0, 150000),
(4366, 93, 42, 1, 200000),
(4367, 93, 43, 0, 300000),
(4368, 93, 44, 0, 250000),
(4369, 93, 45, 1, 250000),
(4370, 93, 46, 0, 150000),
(4371, 93, 47, 0, 120000),
(4372, 94, 1, 2, 125000),
(4373, 94, 2, 1, 60000),
(4374, 94, 3, 1, 150000),
(4375, 94, 4, 1, 150000),
(4376, 94, 5, 0, 150000),
(4377, 94, 6, 0, 120000),
(4378, 94, 7, 0, 120000),
(4379, 94, 8, 0, 120000),
(4380, 94, 9, 0, 60000),
(4381, 94, 10, 1, 150000),
(4382, 94, 11, 0, 60000),
(4383, 94, 12, 3, 60000),
(4384, 94, 13, 3, 150000),
(4385, 94, 14, 3, 80000),
(4386, 94, 15, 0, 80000),
(4387, 94, 16, 0, 150000),
(4388, 94, 17, 1, 150000),
(4389, 94, 18, 0, 100000),
(4390, 94, 19, 0, 100000),
(4391, 94, 20, 1, 150000),
(4392, 94, 21, 3, 200000),
(4393, 94, 22, 0, 150000),
(4394, 94, 23, 0, 150000),
(4395, 94, 24, 0, 250000),
(4396, 94, 25, 0, 150000),
(4397, 94, 26, 0, 75000),
(4398, 94, 27, 0, 75000),
(4399, 94, 28, 0, 150000),
(4400, 94, 29, 1, 250000),
(4401, 94, 30, 0, 150000),
(4402, 94, 31, 0, 100000),
(4403, 94, 32, 0, 40000),
(4404, 94, 33, 0, 50000),
(4405, 94, 34, 0, 80000),
(4406, 94, 35, 0, 160000),
(4407, 94, 36, 0, 150000),
(4408, 94, 37, 0, 100000),
(4409, 94, 38, 0, 80000),
(4410, 94, 39, 0, 300000),
(4411, 94, 40, 0, 200000),
(4412, 94, 41, 1, 150000),
(4413, 94, 42, 1, 200000),
(4414, 94, 43, 1, 300000),
(4415, 94, 44, 0, 250000),
(4416, 94, 45, 0, 250000),
(4417, 94, 46, 0, 150000),
(4418, 94, 47, 0, 120000),
(4419, 95, 3, 2, 150000),
(4420, 95, 13, 1, 150000),
(4421, 95, 14, 1, 80000),
(4422, 95, 33, 1, 50000),
(4423, 95, 37, 1, 100000),
(4424, 96, 1, 1, 125000),
(4425, 96, 2, 1, 60000),
(4426, 96, 3, 3, 150000),
(4427, 96, 6, 1, 120000),
(4428, 96, 4, 2, 150000),
(4429, 96, 9, 1, 60000),
(4430, 96, 10, 1, 150000),
(4431, 96, 11, 1, 60000),
(4432, 96, 12, 1, 60000),
(4433, 96, 13, 2, 150000),
(4434, 96, 14, 8, 80000),
(4435, 96, 15, 2, 80000),
(4436, 96, 19, 1, 100000),
(4437, 96, 28, 1, 150000),
(4438, 96, 45, 2, 250000),
(4439, 96, 30, 3, 150000),
(4440, 96, 31, 1, 100000),
(4441, 96, 34, 1, 80000),
(4442, 96, 41, 1, 150000),
(4443, 97, 2, 1, 60000),
(4444, 97, 3, 1, 150000),
(4445, 97, 15, 1, 80000),
(4446, 98, 1, 3, 125000),
(4447, 98, 4, 1, 150000),
(4448, 98, 8, 1, 120000),
(4449, 98, 11, 2, 60000),
(4450, 98, 12, 1, 60000),
(4451, 98, 14, 1, 80000),
(4452, 98, 15, 1, 80000),
(4453, 98, 26, 1, 75000),
(4454, 98, 30, 1, 150000),
(4455, 99, 1, 1, 125000),
(4456, 99, 2, 1, 60000),
(4457, 99, 3, 1, 150000),
(4458, 99, 4, 1, 150000),
(4459, 99, 10, 2, 150000),
(4460, 99, 11, 2, 60000),
(4461, 99, 12, 8, 60000),
(4462, 99, 13, 1, 150000),
(4463, 99, 14, 10, 80000),
(4464, 99, 15, 1, 80000),
(4465, 99, 19, 1, 100000),
(4466, 99, 42, 1, 200000),
(4467, 99, 30, 1, 150000),
(4468, 99, 43, 1, 300000),
(4469, 99, 41, 2, 150000),
(4470, 100, 1, 3, 125000),
(4471, 100, 3, 1, 150000),
(4472, 100, 8, 1, 120000),
(4473, 100, 11, 1, 60000),
(4474, 100, 12, 3, 60000),
(4475, 100, 13, 2, 150000),
(4476, 100, 14, 4, 80000),
(4477, 100, 25, 1, 150000),
(4478, 100, 45, 1, 250000),
(4479, 100, 36, 1, 150000),
(4480, 100, 40, 1, 200000),
(4481, 100, 41, 1, 150000),
(4482, 101, 1, 6, 125000),
(4483, 101, 2, 1, 60000),
(4484, 101, 3, 1, 150000),
(4485, 101, 6, 1, 120000),
(4486, 101, 4, 1, 150000),
(4487, 101, 8, 4, 120000),
(4488, 101, 10, 1, 150000),
(4489, 101, 11, 1, 60000),
(4490, 101, 12, 4, 60000),
(4491, 101, 13, 1, 150000),
(4492, 101, 14, 9, 80000),
(4493, 101, 15, 1, 80000),
(4494, 101, 19, 2, 100000),
(4495, 101, 20, 3, 150000),
(4496, 101, 21, 5, 200000),
(4497, 101, 30, 2, 150000),
(4498, 101, 31, 2, 100000),
(4499, 101, 32, 1, 40000),
(4500, 101, 36, 1, 150000),
(4501, 101, 37, 1, 100000),
(4502, 101, 41, 2, 150000),
(4503, 102, 1, 4, 125000),
(4504, 102, 2, 2, 60000),
(4505, 102, 3, 4, 150000),
(4506, 102, 4, 2, 150000),
(4507, 102, 8, 3, 120000),
(4508, 102, 11, 1, 60000),
(4509, 102, 12, 1, 60000),
(4510, 102, 13, 1, 150000),
(4511, 102, 14, 1, 80000),
(4512, 102, 15, 2, 80000),
(4513, 102, 28, 1, 150000),
(4514, 102, 37, 1, 100000),
(4515, 102, 41, 2, 150000),
(4516, 103, 1, 5, 125000),
(4517, 103, 2, 3, 60000),
(4518, 103, 4, 1, 150000),
(4519, 103, 8, 2, 120000),
(4520, 103, 12, 4, 60000),
(4521, 103, 13, 3, 150000),
(4522, 103, 14, 4, 80000),
(4523, 103, 15, 2, 80000),
(4524, 103, 16, 1, 150000),
(4525, 103, 46, 1, 150000),
(4526, 103, 42, 1, 200000),
(4527, 103, 30, 1, 150000),
(4528, 103, 35, 1, 160000),
(4529, 103, 37, 1, 100000),
(4530, 103, 41, 1, 150000),
(4531, 104, 1, 3, 125000),
(4532, 104, 2, 1, 60000),
(4533, 104, 4, 1, 150000),
(4534, 104, 8, 1, 120000),
(4535, 104, 9, 1, 60000),
(4536, 104, 13, 2, 150000),
(4537, 104, 14, 2, 80000),
(4538, 104, 15, 1, 80000),
(4539, 104, 19, 1, 100000),
(4540, 104, 26, 1, 75000),
(4541, 104, 31, 1, 100000),
(4542, 104, 37, 1, 100000),
(4543, 105, 1, 6, 125000),
(4544, 105, 2, 2, 60000),
(4545, 105, 3, 2, 150000),
(4546, 105, 6, 1, 120000),
(4547, 105, 4, 2, 150000),
(4548, 105, 8, 3, 120000),
(4549, 105, 9, 1, 60000),
(4550, 105, 12, 4, 60000),
(4551, 105, 13, 3, 150000),
(4552, 105, 14, 6, 80000),
(4553, 105, 15, 1, 80000),
(4554, 105, 16, 1, 150000),
(4555, 105, 21, 1, 200000),
(4556, 105, 29, 2, 250000),
(4557, 105, 31, 1, 100000),
(4558, 105, 32, 1, 40000),
(4559, 105, 35, 2, 160000),
(4560, 105, 41, 1, 150000),
(4561, 105, 23, 2, 150000),
(4562, 106, 2, 2, 60000),
(4563, 106, 3, 1, 150000),
(4564, 106, 11, 1, 60000),
(4565, 106, 14, 2, 80000),
(4566, 107, 1, 1, 125000),
(4567, 107, 2, 2, 60000),
(4568, 107, 3, 2, 150000),
(4569, 107, 11, 1, 60000),
(4570, 107, 12, 2, 60000),
(4571, 107, 14, 4, 80000),
(4572, 107, 15, 2, 80000),
(4573, 107, 45, 1, 250000),
(4574, 107, 42, 1, 200000),
(4575, 107, 30, 1, 150000),
(4576, 107, 6, 1, 120000),
(4577, 108, 1, 12, 125000),
(4578, 108, 2, 8, 60000),
(4579, 108, 3, 5, 150000),
(4580, 108, 6, 1, 120000),
(4581, 108, 4, 2, 150000),
(4582, 108, 8, 2, 120000),
(4583, 108, 10, 2, 150000),
(4584, 108, 11, 1, 60000),
(4585, 108, 12, 8, 60000),
(4586, 108, 13, 5, 150000),
(4587, 108, 14, 12, 80000),
(4588, 108, 15, 2, 80000),
(4589, 108, 16, 2, 150000),
(4590, 108, 20, 2, 150000),
(4591, 108, 24, 1, 250000),
(4592, 108, 29, 1, 250000),
(4593, 108, 45, 1, 250000),
(4594, 108, 42, 1, 200000),
(4595, 108, 31, 1, 100000),
(4596, 108, 41, 5, 150000),
(4597, 109, 1, 4, 125000),
(4598, 109, 2, 2, 60000),
(4599, 109, 3, 2, 150000),
(4600, 109, 12, 2, 60000),
(4601, 109, 13, 2, 150000),
(4602, 109, 14, 6, 80000),
(4603, 109, 17, 1, 150000),
(4604, 109, 26, 1, 75000),
(4605, 109, 27, 1, 75000),
(4606, 109, 28, 1, 150000),
(4607, 109, 29, 1, 250000),
(4608, 109, 30, 1, 150000),
(4609, 109, 31, 1, 100000),
(4610, 109, 43, 1, 300000),
(4611, 109, 19, 1, 100000),
(4612, 109, 45, 1, 250000),
(4613, 110, 1, 4, 125000),
(4614, 110, 2, 2, 60000),
(4615, 110, 3, 2, 150000),
(4616, 110, 4, 1, 150000),
(4617, 110, 8, 3, 120000),
(4618, 110, 11, 2, 60000),
(4619, 110, 12, 5, 60000),
(4620, 110, 13, 1, 150000),
(4621, 110, 14, 4, 80000),
(4622, 110, 15, 2, 80000),
(4623, 110, 29, 2, 250000),
(4624, 110, 42, 1, 200000),
(4625, 110, 30, 1, 150000),
(4626, 110, 31, 1, 100000),
(4627, 110, 35, 1, 160000),
(4628, 110, 32, 1, 40000),
(4629, 111, 1, 6, 125000),
(4630, 111, 3, 1, 150000),
(4631, 111, 4, 1, 150000),
(4632, 111, 8, 1, 120000),
(4633, 111, 11, 1, 60000),
(4634, 111, 13, 1, 150000),
(4635, 111, 14, 5, 80000),
(4636, 111, 15, 1, 80000),
(4637, 111, 20, 1, 150000),
(4638, 111, 24, 1, 250000),
(4639, 111, 42, 1, 200000),
(4640, 111, 41, 1, 150000),
(4641, 112, 1, 2, 125000),
(4642, 112, 2, 2, 60000),
(4643, 112, 3, 3, 150000),
(4644, 112, 9, 1, 60000),
(4645, 112, 11, 1, 60000),
(4646, 112, 12, 1, 60000),
(4647, 112, 13, 1, 150000),
(4648, 112, 14, 8, 80000),
(4649, 112, 21, 1, 200000),
(4650, 112, 25, 1, 150000),
(4651, 112, 41, 3, 150000),
(4652, 113, 3, 1, 150000),
(4653, 113, 12, 1, 60000),
(4654, 113, 14, 1, 80000),
(4655, 114, 1, 4, 125000),
(4656, 114, 2, 1, 60000),
(4657, 114, 11, 1, 60000),
(4658, 114, 12, 2, 60000),
(4659, 114, 13, 2, 150000),
(4660, 114, 14, 3, 80000),
(4661, 114, 20, 1, 150000),
(4662, 114, 31, 2, 100000),
(4663, 114, 36, 1, 150000),
(4664, 115, 1, 1, 125000),
(4665, 115, 2, 1, 60000),
(4666, 115, 3, 1, 150000),
(4667, 115, 4, 1, 150000),
(4668, 115, 12, 1, 60000),
(4669, 115, 13, 1, 150000),
(4670, 115, 14, 3, 80000),
(4671, 115, 15, 1, 80000),
(4672, 115, 34, 2, 80000),
(4673, 116, 1, 6, 125000),
(4674, 116, 2, 2, 60000),
(4675, 116, 3, 3, 150000),
(4676, 116, 6, 1, 120000),
(4677, 116, 8, 1, 120000),
(4678, 116, 12, 1, 60000),
(4679, 116, 13, 1, 150000),
(4680, 116, 14, 1, 80000),
(4681, 116, 29, 1, 250000),
(4682, 116, 45, 1, 250000),
(4683, 116, 15, 3, 80000),
(4684, 116, 20, 1, 150000),
(4685, 116, 48, 1, 150000),
(4686, 116, 24, 1, 250000),
(4687, 117, 1, 4, 125000),
(4688, 117, 2, 3, 60000),
(4689, 117, 4, 2, 150000),
(4690, 117, 13, 3, 150000),
(4691, 117, 14, 4, 80000),
(4692, 117, 15, 1, 80000),
(4693, 117, 16, 1, 150000),
(4694, 117, 48, 2, 150000),
(4695, 117, 21, 1, 200000),
(4696, 117, 29, 3, 250000),
(4697, 117, 32, 1, 40000),
(4698, 117, 35, 4, 160000),
(4699, 117, 38, 3, 80000),
(4700, 117, 41, 3, 150000),
(4701, 118, 1, 3, 125000),
(4702, 118, 12, 1, 60000),
(4703, 118, 13, 4, 150000),
(4704, 118, 14, 6, 80000),
(4705, 118, 24, 1, 250000),
(4706, 118, 29, 1, 250000),
(4707, 118, 45, 2, 250000),
(4708, 118, 41, 2, 150000),
(4709, 118, 49, 1, 400000),
(4710, 119, 1, 9, 125000),
(4711, 119, 2, 4, 60000),
(4712, 119, 3, 2, 150000),
(4713, 119, 8, 1, 120000),
(4714, 119, 11, 1, 60000),
(4715, 119, 12, 5, 60000),
(4716, 119, 13, 1, 150000),
(4717, 119, 14, 6, 80000),
(4718, 119, 15, 2, 80000),
(4719, 119, 20, 1, 150000),
(4720, 119, 48, 2, 150000),
(4721, 119, 26, 1, 75000),
(4722, 119, 27, 1, 75000),
(4723, 119, 28, 1, 150000),
(4724, 120, 1, 7, 125000),
(4725, 120, 2, 5, 60000),
(4726, 120, 8, 2, 120000),
(4727, 120, 12, 4, 60000),
(4728, 120, 13, 3, 150000),
(4729, 120, 14, 3, 80000),
(4730, 120, 15, 2, 80000),
(4731, 120, 16, 2, 150000),
(4732, 120, 17, 1, 150000),
(4733, 120, 20, 1, 150000),
(4734, 120, 46, 1, 150000),
(4735, 120, 48, 1, 150000),
(4736, 120, 21, 1, 200000),
(4737, 120, 26, 2, 75000),
(4738, 120, 28, 2, 150000),
(4739, 120, 45, 3, 250000),
(4740, 120, 31, 2, 100000),
(4741, 120, 50, 1, 30000),
(4742, 120, 36, 1, 150000),
(4743, 120, 38, 1, 80000),
(4744, 120, 44, 1, 250000),
(4745, 121, 1, 5, 125000),
(4746, 121, 12, 2, 60000),
(4747, 121, 13, 1, 150000),
(4748, 121, 14, 2, 80000),
(4749, 122, 1, 7, 125000),
(4750, 122, 2, 2, 60000),
(4751, 122, 4, 2, 150000),
(4752, 122, 8, 2, 120000),
(4753, 122, 10, 1, 150000),
(4754, 122, 11, 1, 60000),
(4755, 122, 12, 2, 60000),
(4756, 122, 13, 2, 150000),
(4757, 122, 14, 6, 80000),
(4758, 122, 15, 2, 80000),
(4759, 122, 20, 1, 150000),
(4760, 122, 48, 2, 150000),
(4761, 122, 31, 1, 100000),
(4762, 123, 1, 4, 125000),
(4763, 123, 2, 1, 60000),
(4764, 123, 4, 2, 150000),
(4765, 123, 8, 1, 120000),
(4766, 123, 12, 3, 60000),
(4767, 123, 13, 1, 150000),
(4768, 123, 14, 1, 80000),
(4769, 123, 15, 4, 80000),
(4770, 123, 46, 3, 150000),
(4771, 123, 48, 1, 150000),
(4772, 123, 32, 1, 40000),
(4773, 123, 34, 2, 80000),
(4774, 123, 36, 1, 150000),
(4775, 124, 1, 3, 125000),
(4776, 124, 2, 3, 60000),
(4777, 124, 3, 2, 150000),
(4778, 124, 4, 2, 150000),
(4779, 124, 12, 2, 60000),
(4780, 124, 14, 1, 80000),
(4781, 124, 15, 3, 80000),
(4782, 124, 48, 3, 150000),
(4783, 124, 24, 6, 250000),
(4784, 124, 26, 1, 75000),
(4785, 124, 27, 1, 75000),
(4786, 124, 29, 4, 250000),
(4787, 124, 32, 1, 40000),
(4788, 124, 50, 1, 30000),
(4789, 124, 35, 3, 160000),
(4790, 126, 1, 2, 125000),
(4791, 126, 2, 1, 60000),
(4792, 126, 3, 2, 150000),
(4793, 126, 10, 1, 150000),
(4794, 126, 12, 2, 60000),
(4795, 126, 14, 2, 80000),
(4796, 126, 15, 1, 80000),
(4797, 126, 41, 2, 150000),
(4798, 127, 1, 2, 125000),
(4799, 127, 2, 2, 60000),
(4800, 127, 3, 1, 150000),
(4801, 127, 4, 3, 150000),
(4802, 127, 8, 1, 120000),
(4803, 127, 14, 1, 80000),
(4804, 127, 15, 2, 80000),
(4805, 127, 48, 2, 150000),
(4806, 127, 37, 1, 100000),
(4807, 128, 1, 2, 125000),
(4808, 128, 2, 4, 60000),
(4809, 128, 3, 3, 150000),
(4810, 128, 10, 1, 150000),
(4811, 128, 11, 1, 60000),
(4812, 128, 14, 1, 80000),
(4813, 128, 15, 1, 80000),
(4814, 128, 19, 1, 100000),
(4815, 128, 37, 1, 100000),
(4816, 128, 41, 1, 150000),
(4817, 129, 1, 2, 125000),
(4818, 129, 2, 2, 60000),
(4819, 129, 4, 2, 150000),
(4820, 129, 8, 4, 120000),
(4821, 129, 12, 1, 60000),
(4822, 129, 13, 6, 150000),
(4823, 129, 14, 1, 80000),
(4824, 129, 15, 1, 80000),
(4825, 129, 19, 1, 100000),
(4826, 129, 35, 1, 160000),
(4827, 130, 16, 1, 150000),
(4828, 131, 1, 7, 125000),
(4829, 131, 2, 3, 60000),
(4830, 131, 4, 1, 150000),
(4831, 131, 8, 1, 120000),
(4832, 131, 9, 2, 60000),
(4833, 131, 12, 5, 60000),
(4834, 131, 13, 1, 150000),
(4835, 131, 14, 2, 80000),
(4836, 131, 48, 5, 150000),
(4837, 131, 25, 1, 150000),
(4838, 131, 26, 1, 75000),
(4839, 131, 27, 1, 75000),
(4840, 131, 42, 1, 200000),
(4841, 131, 49, 1, 400000),
(4842, 131, 23, 1, 150000),
(4843, 132, 1, 1, 125000),
(4844, 132, 4, 1, 150000),
(4845, 132, 8, 3, 120000),
(4846, 132, 9, 1, 60000),
(4847, 132, 12, 1, 60000),
(4848, 132, 13, 1, 150000),
(4849, 132, 14, 2, 80000),
(4850, 132, 20, 2, 150000),
(4851, 132, 48, 1, 150000),
(4852, 132, 27, 1, 75000),
(4853, 132, 41, 1, 150000),
(4854, 133, 1, 2, 125000),
(4855, 133, 2, 2, 60000),
(4856, 133, 8, 1, 120000),
(4857, 133, 10, 1, 150000),
(4858, 133, 11, 1, 60000),
(4859, 133, 13, 2, 150000),
(4860, 133, 14, 2, 80000),
(4861, 133, 48, 3, 150000),
(4862, 133, 32, 2, 40000),
(4863, 133, 38, 1, 80000),
(4864, 133, 40, 1, 200000),
(4865, 133, 41, 4, 150000),
(4866, 133, 51, 2, 200000),
(4867, 133, 35, 1, 160000),
(4868, 134, 1, 2, 125000),
(4869, 134, 13, 1, 150000),
(4870, 135, 1, 1, 125000),
(4871, 135, 2, 1, 60000),
(4872, 135, 3, 1, 150000),
(4873, 135, 6, 1, 120000),
(4874, 135, 4, 1, 150000),
(4875, 135, 8, 3, 120000),
(4876, 135, 10, 1, 150000),
(4877, 135, 11, 1, 60000),
(4878, 135, 12, 1, 60000),
(4879, 135, 13, 2, 150000),
(4880, 135, 14, 3, 80000),
(4881, 135, 19, 1, 100000),
(4882, 135, 48, 2, 150000),
(4883, 135, 27, 1, 75000),
(4884, 135, 29, 1, 250000),
(4885, 135, 41, 7, 150000),
(4886, 135, 49, 2, 400000),
(4887, 135, 51, 2, 200000),
(4888, 136, 1, 3, 125000),
(4889, 136, 2, 2, 60000),
(4890, 136, 3, 2, 150000),
(4891, 136, 8, 1, 120000),
(4892, 136, 10, 1, 150000),
(4893, 136, 13, 1, 150000),
(4894, 136, 14, 3, 80000),
(4895, 136, 15, 1, 80000),
(4896, 136, 48, 2, 150000),
(4897, 136, 31, 2, 100000),
(4898, 136, 36, 1, 150000),
(4899, 136, 51, 2, 200000),
(4900, 137, 1, 3, 125000),
(4901, 137, 2, 5, 60000),
(4902, 137, 9, 2, 60000),
(4903, 137, 12, 1, 60000),
(4904, 137, 14, 4, 80000),
(4905, 137, 15, 1, 80000),
(4906, 137, 20, 1, 150000),
(4907, 137, 48, 1, 150000),
(4908, 137, 35, 15, 160000),
(4909, 138, 1, 1, 125000),
(4910, 138, 8, 3, 120000),
(4911, 138, 11, 1, 60000),
(4912, 138, 12, 1, 60000),
(4913, 138, 13, 1, 150000),
(4914, 138, 14, 1, 80000),
(4915, 138, 15, 1, 80000),
(4916, 138, 48, 2, 150000),
(4917, 138, 31, 1, 100000),
(4918, 138, 41, 1, 150000),
(4919, 138, 51, 2, 200000),
(4920, 139, 1, 1, 125000),
(4921, 139, 2, 1, 60000),
(4922, 139, 3, 1, 150000),
(4923, 139, 4, 1, 150000),
(4924, 139, 8, 1, 120000),
(4925, 139, 9, 6, 60000),
(4926, 139, 10, 1, 150000),
(4927, 139, 13, 2, 150000),
(4928, 139, 14, 1, 80000),
(4929, 139, 20, 1, 150000),
(4930, 139, 29, 1, 250000),
(4931, 139, 50, 1, 30000),
(4932, 139, 37, 1, 100000),
(4933, 140, 1, 2, 125000),
(4934, 140, 8, 3, 120000),
(4935, 140, 11, 1, 60000),
(4936, 140, 12, 1, 60000),
(4937, 140, 15, 1, 80000),
(4938, 140, 29, 1, 250000),
(4939, 140, 37, 1, 100000),
(4940, 140, 41, 1, 150000),
(4941, 141, 1, 2, 125000),
(4942, 141, 2, 7, 60000),
(4943, 141, 11, 1, 60000),
(4944, 141, 12, 3, 60000),
(4945, 141, 14, 3, 80000),
(4946, 141, 15, 2, 80000),
(4947, 141, 48, 1, 150000),
(4948, 141, 29, 1, 250000),
(4949, 142, 1, 1, 125000),
(4950, 142, 2, 1, 60000),
(4951, 142, 4, 2, 150000),
(4952, 142, 8, 1, 120000),
(4953, 142, 12, 1, 60000),
(4954, 142, 14, 2, 80000),
(4955, 142, 46, 1, 150000),
(4956, 142, 48, 3, 150000),
(4957, 142, 31, 1, 100000),
(4958, 142, 41, 1, 150000),
(4959, 143, 1, 7, 125000),
(4960, 143, 3, 2, 150000),
(4961, 143, 6, 2, 120000),
(4962, 143, 8, 3, 120000),
(4963, 143, 12, 1, 60000),
(4964, 143, 14, 1, 80000),
(4965, 143, 19, 1, 100000),
(4966, 143, 46, 1, 150000),
(4967, 143, 48, 1, 150000),
(4968, 143, 29, 1, 250000),
(4969, 143, 52, 1, 150000),
(4970, 143, 45, 1, 250000),
(4971, 143, 51, 1, 200000),
(4972, 143, 13, 6, 150000),
(4973, 144, 1, 0, 125000),
(4974, 146, 1, 2, 125000),
(4975, 147, 2, 3, 60000),
(4976, 147, 3, 2, 150000),
(4977, 147, 4, 1, 150000),
(4978, 147, 8, 2, 120000),
(4979, 147, 12, 3, 60000),
(4980, 147, 13, 1, 150000),
(4981, 147, 14, 1, 80000),
(4982, 147, 15, 1, 80000),
(4983, 147, 48, 1, 150000),
(4984, 147, 45, 2, 250000),
(4985, 147, 41, 1, 150000),
(4986, 148, 1, 10, 125000),
(4987, 148, 2, 3, 60000),
(4988, 148, 3, 1, 150000),
(4989, 148, 4, 1, 150000),
(4990, 148, 8, 1, 120000),
(4991, 148, 12, 6, 60000),
(4992, 148, 13, 1, 150000),
(4993, 148, 15, 1, 80000),
(4994, 148, 16, 1, 150000),
(4995, 148, 17, 1, 150000),
(4996, 148, 19, 1, 100000),
(4997, 148, 48, 2, 150000),
(4998, 148, 26, 1, 75000),
(4999, 148, 28, 1, 150000),
(5000, 148, 52, 1, 150000),
(5001, 148, 45, 1, 250000),
(5002, 148, 41, 4, 150000),
(5003, 148, 14, 5, 80000),
(5004, 149, 1, 4, 125000),
(5005, 149, 2, 1, 60000),
(5006, 149, 3, 2, 150000),
(5007, 149, 6, 3, 120000),
(5008, 149, 4, 3, 150000),
(5009, 149, 11, 2, 60000),
(5010, 149, 12, 8, 60000),
(5011, 149, 13, 2, 150000),
(5012, 149, 14, 5, 80000),
(5013, 149, 15, 3, 80000),
(5014, 149, 20, 1, 150000),
(5015, 149, 48, 3, 150000),
(5016, 149, 25, 2, 150000),
(5017, 149, 36, 1, 150000),
(5018, 149, 49, 1, 400000),
(5019, 150, 3, 1, 150000),
(5020, 150, 4, 2, 150000),
(5021, 150, 12, 2, 60000),
(5022, 150, 13, 2, 150000),
(5023, 150, 14, 4, 80000),
(5024, 150, 48, 2, 150000),
(5025, 150, 52, 1, 150000),
(5026, 150, 29, 1, 250000),
(5027, 150, 41, 1, 150000),
(5028, 150, 51, 3, 200000),
(5029, 151, 2, 5, 60000),
(5030, 151, 3, 2, 150000),
(5031, 151, 1, 6, 125000),
(5032, 151, 8, 2, 120000),
(5033, 151, 9, 2, 60000),
(5034, 151, 12, 2, 60000),
(5035, 151, 13, 4, 150000),
(5036, 151, 14, 6, 80000),
(5037, 151, 15, 3, 80000),
(5038, 151, 16, 2, 150000),
(5039, 151, 48, 4, 150000),
(5040, 151, 53, 4, 150000),
(5041, 151, 25, 1, 150000),
(5042, 151, 26, 1, 75000),
(5043, 151, 27, 1, 75000),
(5044, 151, 28, 1, 150000),
(5045, 151, 45, 1, 250000),
(5046, 151, 41, 2, 150000),
(5047, 152, 1, 6, 125000),
(5048, 152, 2, 3, 60000),
(5049, 152, 4, 2, 150000),
(5050, 152, 12, 3, 60000),
(5051, 152, 13, 2, 150000),
(5052, 152, 14, 2, 80000),
(5053, 152, 15, 3, 80000),
(5054, 152, 48, 3, 150000),
(5055, 152, 26, 1, 75000),
(5056, 152, 27, 1, 75000),
(5057, 152, 28, 1, 150000),
(5058, 152, 41, 1, 150000),
(5059, 153, 1, 2, 125000),
(5060, 153, 2, 2, 60000),
(5061, 153, 4, 1, 150000),
(5062, 153, 13, 1, 150000),
(5063, 153, 14, 1, 80000),
(5064, 153, 45, 1, 250000),
(5065, 154, 2, 1, 60000),
(5066, 154, 3, 1, 150000),
(5067, 154, 4, 1, 150000),
(5068, 154, 8, 1, 120000),
(5069, 154, 13, 1, 150000),
(5070, 154, 12, 5, 60000),
(5071, 154, 14, 4, 80000),
(5072, 154, 48, 1, 150000),
(5073, 154, 45, 1, 250000),
(5074, 154, 37, 1, 100000),
(5075, 154, 43, 1, 300000),
(5076, 154, 41, 1, 150000),
(5077, 154, 34, 2, 80000),
(5078, 155, 1, 2, 125000),
(5079, 155, 2, 1, 60000),
(5080, 155, 13, 1, 150000),
(5081, 155, 14, 1, 80000),
(5082, 155, 20, 1, 150000),
(5083, 155, 48, 1, 150000),
(5084, 155, 31, 1, 100000),
(5085, 156, 1, 3, 125000),
(5086, 156, 2, 2, 60000),
(5087, 156, 3, 2, 150000),
(5088, 156, 12, 2, 60000),
(5089, 156, 14, 4, 80000),
(5090, 156, 20, 1, 150000),
(5091, 156, 31, 1, 100000),
(5092, 156, 41, 1, 150000),
(5093, 157, 1, 3, 125000),
(5094, 157, 2, 2, 60000),
(5095, 157, 3, 1, 150000),
(5096, 157, 8, 2, 120000),
(5097, 157, 9, 2, 60000),
(5098, 157, 12, 2, 60000),
(5099, 157, 14, 3, 80000),
(5100, 157, 21, 1, 200000),
(5101, 157, 52, 1, 150000),
(5102, 157, 45, 2, 250000),
(5103, 157, 36, 1, 150000),
(5104, 157, 37, 1, 100000),
(5105, 158, 1, 2, 125000),
(5106, 158, 2, 2, 60000),
(5107, 158, 8, 2, 120000),
(5108, 158, 12, 1, 60000),
(5109, 158, 14, 2, 80000),
(5110, 158, 20, 4, 150000),
(5111, 158, 48, 1, 150000),
(5112, 158, 45, 1, 250000),
(5113, 158, 41, 3, 150000),
(5114, 159, 1, 11, 125000),
(5115, 159, 2, 2, 60000),
(5116, 159, 3, 2, 150000),
(5117, 159, 8, 3, 120000),
(5118, 159, 9, 1, 60000),
(5119, 159, 10, 1, 150000),
(5120, 159, 13, 4, 150000),
(5121, 159, 19, 1, 100000),
(5122, 159, 21, 2, 200000),
(5123, 159, 25, 1, 150000),
(5124, 159, 31, 2, 100000),
(5125, 159, 41, 2, 150000),
(5126, 160, 3, 1, 150000),
(5127, 160, 4, 1, 150000),
(5128, 160, 8, 3, 120000),
(5129, 160, 9, 1, 60000),
(5130, 160, 26, 1, 75000),
(5131, 160, 27, 1, 75000),
(5132, 160, 28, 1, 150000),
(5133, 160, 34, 1, 80000),
(5134, 160, 40, 3, 200000),
(5135, 161, 1, 5, 150000),
(5136, 161, 2, 2, 60000),
(5137, 161, 3, 2, 150000),
(5138, 161, 6, 2, 150000),
(5139, 161, 4, 1, 150000),
(5140, 161, 8, 3, 120000),
(5141, 161, 9, 2, 60000),
(5142, 161, 10, 1, 150000),
(5143, 161, 12, 6, 60000),
(5144, 161, 13, 2, 150000),
(5145, 161, 14, 12, 80000),
(5146, 161, 15, 1, 80000),
(5147, 161, 19, 1, 100000),
(5148, 161, 48, 1, 150000),
(5149, 161, 54, 1, 120000),
(5150, 161, 26, 3, 75000),
(5151, 161, 45, 1, 250000),
(5152, 161, 37, 2, 100000),
(5153, 161, 44, 1, 250000),
(5154, 161, 41, 2, 150000),
(5155, 161, 49, 1, 400000),
(5156, 162, 1, 2, 150000),
(5157, 162, 2, 4, 60000),
(5158, 162, 8, 1, 120000),
(5159, 162, 13, 4, 150000),
(5160, 162, 14, 4, 80000),
(5161, 162, 15, 1, 80000),
(5162, 162, 48, 2, 150000),
(5163, 162, 24, 2, 250000),
(5164, 162, 26, 2, 75000),
(5165, 162, 27, 1, 75000),
(5166, 162, 52, 2, 150000),
(5167, 162, 45, 2, 250000),
(5168, 162, 31, 1, 100000),
(5169, 162, 38, 2, 80000),
(5170, 162, 41, 1, 150000),
(5171, 162, 49, 1, 400000),
(5172, 162, 51, 1, 200000),
(5173, 163, 1, 5, 150000),
(5174, 163, 2, 4, 60000),
(5175, 163, 3, 3, 150000),
(5176, 163, 6, 1, 150000),
(5177, 163, 4, 2, 150000),
(5178, 163, 12, 6, 60000),
(5179, 163, 13, 2, 150000),
(5180, 163, 14, 3, 80000),
(5181, 163, 15, 3, 80000),
(5182, 163, 21, 1, 250000),
(5183, 163, 52, 1, 150000),
(5184, 163, 42, 1, 200000),
(5185, 163, 36, 1, 150000),
(5186, 163, 49, 1, 400000),
(5187, 163, 51, 1, 200000),
(5188, 163, 56, 3, 350000),
(5189, 163, 53, 4, 150000),
(5190, 164, 1, 1, 150000),
(5191, 164, 2, 1, 60000),
(5192, 164, 4, 2, 150000),
(5193, 164, 8, 1, 120000),
(5194, 164, 12, 1, 60000),
(5195, 164, 13, 2, 150000),
(5196, 164, 15, 1, 80000),
(5197, 164, 20, 1, 150000),
(5198, 164, 45, 1, 250000),
(5199, 164, 32, 1, 40000),
(5200, 165, 35, 1, 160000),
(5201, 165, 1, 6, 150000),
(5202, 165, 2, 3, 60000),
(5203, 165, 8, 2, 120000),
(5204, 165, 9, 1, 60000),
(5205, 165, 12, 3, 60000),
(5206, 165, 13, 1, 150000),
(5207, 165, 14, 3, 80000),
(5208, 165, 55, 1, 80000),
(5209, 165, 25, 1, 150000),
(5210, 165, 52, 1, 150000),
(5211, 165, 31, 1, 100000),
(5212, 165, 36, 2, 150000),
(5213, 165, 41, 1, 150000),
(5214, 165, 49, 1, 400000),
(5215, 166, 1, 2, 150000),
(5216, 166, 2, 1, 60000),
(5217, 166, 8, 1, 120000),
(5218, 166, 11, 1, 60000),
(5219, 166, 13, 1, 150000),
(5220, 166, 14, 1, 80000),
(5221, 166, 15, 1, 80000),
(5222, 166, 48, 3, 150000),
(5223, 166, 53, 2, 150000),
(5224, 166, 36, 1, 150000),
(5225, 167, 1, 3, 150000),
(5226, 167, 2, 3, 60000),
(5227, 167, 3, 1, 150000),
(5228, 167, 8, 1, 120000),
(5229, 167, 12, 6, 60000),
(5230, 167, 13, 1, 150000),
(5231, 167, 14, 1, 80000),
(5232, 167, 15, 2, 80000),
(5233, 167, 16, 1, 150000),
(5234, 167, 48, 3, 150000),
(5235, 167, 53, 1, 150000),
(5236, 167, 32, 1, 40000),
(5237, 167, 37, 1, 100000),
(5238, 168, 1, 6, 150000),
(5239, 168, 2, 4, 60000),
(5240, 168, 3, 4, 150000),
(5241, 168, 8, 1, 120000),
(5242, 168, 9, 1, 60000),
(5243, 168, 10, 1, 150000),
(5244, 168, 11, 1, 60000),
(5245, 168, 12, 4, 60000),
(5246, 168, 13, 2, 150000),
(5247, 168, 14, 5, 80000),
(5248, 168, 15, 5, 80000),
(5249, 168, 20, 1, 150000),
(5250, 168, 48, 2, 150000),
(5251, 168, 21, 1, 250000),
(5252, 168, 53, 2, 150000),
(5253, 168, 26, 1, 75000),
(5254, 168, 27, 1, 75000),
(5255, 168, 52, 2, 150000),
(5256, 168, 45, 1, 250000),
(5257, 168, 42, 1, 200000),
(5258, 168, 31, 2, 100000),
(5259, 168, 32, 1, 40000),
(5260, 168, 33, 1, 50000),
(5261, 168, 35, 1, 160000),
(5262, 168, 41, 1, 150000),
(5263, 169, 1, 2, 150000),
(5264, 169, 2, 2, 60000),
(5265, 169, 3, 2, 150000),
(5266, 169, 8, 6, 120000),
(5267, 169, 11, 1, 60000),
(5268, 169, 12, 2, 60000),
(5269, 169, 13, 2, 150000),
(5270, 169, 14, 5, 80000),
(5271, 169, 15, 1, 80000),
(5272, 169, 17, 2, 150000),
(5273, 169, 19, 3, 100000),
(5274, 169, 20, 1, 150000),
(5275, 169, 53, 3, 150000),
(5276, 169, 28, 2, 150000),
(5277, 169, 52, 2, 150000),
(5278, 169, 45, 6, 250000),
(5279, 169, 42, 1, 200000),
(5280, 169, 35, 1, 160000),
(5281, 169, 41, 1, 150000),
(5282, 170, 1, 1, 150000),
(5283, 170, 2, 3, 60000),
(5284, 170, 6, 1, 150000),
(5285, 170, 9, 2, 60000),
(5286, 170, 10, 1, 150000),
(5287, 170, 12, 2, 60000),
(5288, 170, 13, 1, 150000),
(5289, 170, 14, 4, 80000),
(5290, 170, 15, 1, 80000),
(5291, 170, 25, 1, 150000),
(5292, 170, 26, 1, 75000),
(5293, 170, 27, 1, 75000),
(5294, 170, 52, 1, 150000),
(5295, 170, 40, 2, 200000),
(5296, 171, 1, 2, 150000),
(5297, 171, 2, 1, 60000),
(5298, 171, 3, 2, 150000),
(5299, 171, 8, 1, 120000),
(5300, 171, 13, 2, 150000),
(5301, 171, 15, 1, 80000),
(5302, 171, 21, 1, 250000),
(5303, 171, 53, 1, 150000),
(5304, 171, 55, 1, 80000),
(5305, 171, 25, 1, 150000),
(5306, 171, 14, 2, 80000),
(5307, 172, 1, 1, 150000),
(5308, 173, 1, 6, 150000),
(5309, 173, 2, 5, 60000),
(5310, 173, 3, 1, 150000),
(5311, 173, 6, 1, 150000),
(5312, 173, 8, 2, 120000),
(5313, 173, 9, 1, 60000),
(5314, 173, 12, 5, 60000),
(5315, 173, 13, 1, 150000),
(5316, 173, 14, 5, 80000),
(5317, 173, 53, 1, 150000),
(5318, 173, 54, 1, 120000),
(5319, 173, 52, 2, 150000),
(5320, 174, 1, 1, 150000),
(5321, 174, 14, 1, 80000),
(5322, 174, 20, 2, 150000),
(5323, 174, 53, 1, 150000),
(5324, 174, 42, 1, 200000),
(5325, 174, 36, 1, 150000),
(5326, 174, 41, 2, 150000),
(5327, 175, 11, 1, 60000),
(5328, 175, 26, 1, 75000),
(5329, 175, 2, 2, 60000),
(5330, 175, 13, 1, 150000),
(5331, 175, 1, 3, 150000),
(5332, 175, 14, 3, 80000),
(5333, 175, 12, 1, 60000),
(5334, 176, 2, 1, 60000),
(5335, 176, 1, 1, 150000),
(5336, 176, 36, 1, 150000),
(5337, 177, 1, 1, 150000),
(5338, 177, 4, 1, 150000),
(5339, 177, 12, 1, 60000),
(5340, 177, 13, 1, 150000),
(5341, 177, 58, 3, 400000),
(5342, 177, 53, 1, 150000),
(5343, 177, 42, 1, 200000),
(5344, 177, 31, 1, 100000),
(5345, 177, 34, 2, 80000),
(5346, 178, 12, 1, 60000),
(5347, 179, 1, 1, 150000),
(5348, 179, 20, 1, 150000),
(5349, 179, 12, 2, 60000),
(5350, 179, 37, 1, 100000),
(5351, 179, 14, 1, 80000),
(5352, 180, 15, 1, 80000),
(5353, 180, 1, 1, 150000),
(5354, 181, 1, 1, 150000),
(5355, 182, 14, 2, 80000),
(5356, 182, 52, 1, 150000),
(5357, 182, 13, 1, 150000),
(5358, 183, 1, 2, 150000),
(5359, 183, 6, 1, 150000),
(5360, 183, 8, 2, 120000),
(5361, 183, 13, 1, 150000),
(5362, 183, 14, 3, 80000),
(5363, 183, 58, 2, 400000),
(5364, 183, 36, 1, 150000),
(5365, 184, 3, 3, 150000),
(5366, 184, 12, 7, 60000),
(5367, 184, 13, 1, 150000),
(5368, 184, 19, 1, 100000),
(5369, 184, 48, 2, 150000),
(5370, 184, 53, 1, 150000),
(5371, 184, 52, 3, 150000),
(5372, 184, 42, 1, 200000),
(5373, 184, 32, 1, 40000),
(5374, 184, 38, 1, 80000),
(5375, 184, 41, 1, 150000),
(5376, 185, 14, 5, 80000),
(5377, 186, 1, 2, 150000),
(5378, 186, 2, 1, 60000),
(5379, 186, 4, 1, 150000),
(5380, 186, 10, 1, 150000),
(5381, 186, 11, 1, 60000),
(5382, 186, 12, 1, 60000),
(5383, 186, 13, 3, 150000),
(5384, 186, 14, 1, 80000),
(5385, 186, 16, 1, 150000),
(5386, 186, 20, 1, 150000),
(5387, 186, 48, 1, 150000),
(5388, 186, 21, 2, 250000),
(5389, 186, 36, 1, 150000),
(5390, 186, 49, 1, 400000),
(5391, 187, 1, 6, 150000),
(5392, 187, 3, 3, 150000),
(5393, 187, 53, 3, 150000),
(5394, 187, 48, 2, 150000),
(5395, 187, 20, 3, 150000),
(5396, 187, 2, 5, 60000),
(5397, 187, 12, 3, 60000),
(5398, 187, 13, 4, 150000),
(5399, 187, 14, 4, 80000),
(5400, 187, 15, 1, 80000),
(5401, 187, 54, 1, 120000),
(5402, 187, 52, 2, 150000),
(5403, 187, 41, 2, 150000),
(5404, 187, 33, 1, 50000),
(5405, 187, 37, 3, 100000),
(5406, 188, 1, 10, 150000),
(5407, 188, 8, 10, 120000),
(5408, 188, 41, 5, 150000),
(5409, 188, 14, 10, 80000),
(5410, 189, 15, 10, 80000),
(5411, 189, 48, 5, 150000),
(5412, 189, 41, 5, 150000),
(5413, 189, 3, 10, 150000),
(5414, 189, 53, 5, 150000),
(5415, 190, 1, 10, 150000),
(5416, 190, 12, 10, 60000),
(5417, 190, 14, 10, 80000),
(5418, 190, 45, 5, 250000),
(5419, 190, 52, 5, 150000),
(5420, 191, 8, 10, 120000),
(5421, 192, 13, 10, 150000),
(5422, 192, 1, 10, 150000),
(5423, 192, 48, 10, 150000),
(5424, 192, 12, 10, 60000),
(5425, 192, 32, 12, 40000),
(5426, 192, 8, 10, 120000),
(5427, 192, 2, 10, 60000),
(5428, 193, 20, 5, 150000),
(5429, 193, 24, 5, 250000),
(5430, 194, 1, 1, 150000),
(5431, 194, 3, 1, 150000),
(5432, 194, 53, 2, 150000),
(5433, 194, 31, 1, 100000),
(5434, 194, 48, 1, 150000),
(5435, 194, 20, 1, 150000),
(5436, 194, 2, 1, 60000),
(5437, 194, 13, 2, 150000),
(5438, 194, 11, 1, 60000),
(5439, 194, 14, 2, 80000),
(5440, 194, 45, 1, 250000),
(5441, 194, 10, 1, 150000),
(5442, 194, 61, 1, 350000),
(5443, 195, 1, 2, 150000),
(5444, 195, 2, 2, 60000),
(5445, 195, 12, 2, 60000),
(5446, 195, 6, 1, 150000),
(5447, 195, 8, 1, 120000),
(5448, 195, 14, 1, 80000),
(5449, 195, 62, 1, 350000),
(5450, 195, 41, 1, 150000),
(5451, 195, 19, 1, 100000),
(5452, 195, 49, 1, 400000),
(5453, 195, 44, 1, 250000),
(5454, 196, 3, 1, 150000),
(5455, 196, 53, 1, 150000),
(5456, 196, 59, 1, 150000),
(5457, 196, 2, 1, 60000),
(5458, 196, 12, 1, 60000),
(5459, 196, 13, 1, 150000),
(5460, 196, 8, 1, 120000),
(5461, 196, 14, 1, 80000),
(5462, 196, 15, 2, 80000),
(5463, 196, 54, 1, 120000),
(5464, 196, 52, 3, 150000),
(5465, 196, 62, 1, 350000),
(5466, 196, 2, 1, 60000),
(5467, 196, 48, 1, 150000),
(5468, 197, 62, 5, 350000),
(5469, 198, 1, 1, 150000),
(5470, 198, 3, 1, 150000),
(5471, 198, 53, 1, 150000),
(5472, 198, 48, 1, 150000),
(5473, 198, 2, 2, 60000),
(5474, 198, 13, 1, 150000),
(5475, 198, 14, 2, 80000),
(5476, 198, 19, 1, 100000),
(5477, 199, 53, 1, 150000),
(5478, 199, 48, 2, 150000),
(5479, 199, 8, 1, 120000),
(5480, 200, 1, 2, 150000),
(5481, 200, 3, 2, 150000),
(5482, 200, 4, 3, 150000),
(5483, 200, 2, 1, 60000),
(5484, 200, 12, 2, 60000),
(5485, 200, 8, 1, 120000),
(5486, 200, 14, 3, 80000),
(5487, 201, 14, 10, 80000),
(5488, 202, 1, 2, 150000),
(5489, 202, 13, 2, 150000),
(5490, 203, 1, 1, 150000),
(5491, 203, 12, 1, 60000),
(5492, 204, 12, 1, 60000),
(5493, 204, 14, 1, 80000),
(5494, 205, 28, 1, 150000),
(5495, 206, 48, 1, 150000),
(5496, 206, 14, 6, 80000),
(5497, 206, 9, 1, 60000),
(5498, 206, 35, 3, 160000),
(5499, 207, 14, 1, 80000),
(5500, 207, 26, 1, 75000),
(5501, 207, 2, 1, 60000),
(5502, 208, 3, 1, 150000),
(5503, 208, 45, 1, 250000),
(5504, 209, 12, 1, 60000),
(5505, 210, 1, 1, 150000),
(5506, 210, 48, 1, 150000),
(5507, 210, 12, 1, 60000),
(5508, 210, 15, 1, 80000),
(5509, 210, 32, 1, 40000),
(5510, 210, 37, 2, 100000),
(5511, 211, 1, 10, 150000),
(5512, 211, 3, 10, 150000),
(5513, 211, 52, 10, 150000),
(5514, 211, 41, 10, 150000),
(5515, 211, 12, 10, 60000),
(5516, 212, 62, 4, 350000),
(5517, 213, 46, 1, 150000),
(5518, 213, 38, 1, 80000),
(5519, 213, 60, 2, 200000),
(5520, 214, 12, 1, 60000),
(5521, 214, 43, 3, 300000),
(5522, 214, 14, 1, 80000),
(5523, 214, 1, 1, 150000),
(5524, 215, 8, 1, 120000),
(5525, 215, 9, 1, 60000),
(5526, 215, 14, 1, 80000),
(5527, 215, 2, 1, 60000),
(5528, 216, 62, 1, 350000),
(5529, 216, 57, 6, 150000),
(5530, 217, 10, 1, 150000),
(5531, 217, 12, 1, 60000),
(5532, 218, 4, 10, 150000),
(5533, 218, 2, 10, 60000),
(5534, 218, 14, 10, 80000),
(5535, 218, 9, 10, 60000),
(5536, 219, 1, 2, 150000),
(5537, 219, 53, 1, 150000),
(5538, 219, 2, 1, 60000),
(5539, 219, 12, 2, 60000),
(5540, 219, 13, 2, 150000),
(5541, 219, 14, 1, 80000),
(5542, 219, 15, 1, 80000),
(5543, 219, 52, 2, 150000),
(5544, 219, 45, 1, 250000),
(5545, 219, 28, 1, 200000),
(5546, 220, 1, 3, 150000),
(5547, 220, 4, 2, 150000),
(5548, 220, 31, 1, 100000),
(5549, 220, 48, 2, 150000),
(5550, 220, 2, 4, 60000),
(5551, 220, 12, 4, 60000),
(5552, 220, 13, 2, 150000),
(5553, 220, 8, 1, 120000),
(5554, 220, 14, 5, 80000),
(5555, 220, 15, 1, 80000),
(5556, 220, 54, 1, 120000),
(5557, 220, 52, 1, 150000),
(5558, 220, 45, 1, 250000),
(5559, 220, 41, 1, 150000),
(5560, 220, 21, 2, 250000),
(5561, 220, 51, 1, 200000),
(5562, 220, 61, 1, 350000),
(5563, 221, 41, 1, 150000),
(5564, 222, 20, 2, 150000),
(5565, 222, 1, 7, 150000),
(5566, 222, 12, 3, 60000),
(5567, 222, 49, 1, 400000),
(5568, 222, 41, 1, 150000),
(5569, 222, 14, 2, 80000),
(5570, 222, 2, 1, 60000),
(5571, 222, 53, 2, 150000),
(5572, 222, 48, 1, 150000),
(5573, 224, 37, 1, 100000),
(5574, 225, 53, 1, 150000),
(5575, 225, 16, 1, 150000),
(5576, 225, 49, 1, 400000),
(5577, 226, 63, 1, 2280000),
(5578, 227, 64, 1, 630000),
(5579, 228, 12, 1, 60000),
(5580, 228, 14, 1, 80000),
(5581, 228, 1, 1, 150000),
(5582, 228, 37, 1, 100000),
(5583, 229, 53, 10, 150000),
(5584, 229, 8, 10, 120000),
(5585, 229, 6, 10, 150000),
(5586, 229, 20, 10, 150000),
(5587, 230, 2, 3, 60000),
(5588, 231, 1, 1, 150000),
(5589, 231, 13, 1, 150000),
(5590, 231, 41, 1, 150000),
(5591, 232, 13, 2, 150000),
(5592, 233, 48, 2, 150000),
(5593, 233, 15, 2, 80000),
(5594, 233, 53, 1, 150000),
(5595, 234, 53, 1, 150000),
(5596, 234, 2, 1, 60000),
(5597, 235, 14, 1, 80000),
(5598, 235, 1, 2, 150000),
(5599, 236, 13, 1, 150000),
(5600, 236, 14, 1, 80000),
(5601, 237, 1, 1, 150000),
(5602, 238, 21, 1, 250000),
(5603, 239, 20, 1, 150000),
(5604, 239, 2, 1, 60000),
(5605, 240, 48, 1, 150000),
(5606, 240, 19, 1, 100000),
(5607, 241, 1, 1, 150000),
(5608, 242, 1, 1, 150000),
(5609, 242, 62, 1, 350000),
(5610, 242, 2, 1, 60000),
(5611, 242, 15, 1, 80000),
(5612, 243, 3, 1, 150000),
(5613, 244, 20, 4, 150000),
(5614, 244, 62, 1, 350000),
(5615, 244, 12, 1, 60000),
(5616, 245, 21, 1, 250000),
(5617, 245, 45, 1, 250000),
(5618, 245, 14, 1, 80000),
(5619, 245, 13, 1, 150000),
(5620, 245, 37, 1, 100000),
(5621, 245, 8, 1, 120000),
(5622, 245, 1, 1, 150000),
(5623, 246, 20, 1, 150000),
(5624, 246, 13, 1, 150000),
(5625, 246, 1, 1, 150000),
(5626, 247, 1, 6, 150000),
(5627, 247, 53, 2, 150000),
(5628, 247, 48, 3, 150000),
(5629, 247, 62, 1, 350000),
(5630, 247, 2, 6, 60000),
(5631, 247, 13, 7, 150000),
(5632, 247, 8, 5, 120000),
(5633, 247, 11, 1, 60000),
(5634, 247, 14, 6, 80000),
(5635, 247, 15, 3, 80000),
(5636, 247, 52, 1, 150000),
(5637, 247, 45, 1, 250000),
(5638, 247, 41, 3, 150000),
(5639, 247, 37, 3, 100000),
(5640, 247, 56, 1, 350000),
(5641, 247, 57, 1, 150000),
(5642, 248, 18, 1, 100000),
(5643, 248, 16, 1, 150000),
(5644, 248, 14, 1, 80000),
(5645, 248, 48, 1, 150000),
(5646, 248, 53, 1, 150000),
(5647, 248, 2, 1, 60000),
(5648, 249, 1, 3, 150000),
(5649, 249, 6, 1, 150000),
(5650, 249, 41, 5, 150000),
(5651, 249, 23, 1, 150000),
(5652, 250, 1, 2, 150000),
(5653, 250, 2, 1, 60000),
(5654, 250, 12, 4, 60000),
(5655, 250, 13, 3, 150000),
(5656, 250, 8, 2, 120000),
(5657, 250, 14, 1, 80000),
(5658, 250, 15, 1, 80000),
(5659, 250, 19, 1, 100000),
(5660, 250, 37, 1, 100000),
(5661, 251, 3, 1, 150000),
(5662, 251, 48, 2, 150000),
(5663, 251, 20, 4, 150000),
(5664, 251, 59, 1, 150000),
(5665, 251, 62, 2, 350000),
(5666, 251, 12, 1, 60000),
(5667, 251, 6, 1, 150000),
(5668, 251, 8, 1, 120000),
(5669, 251, 14, 4, 80000),
(5670, 251, 15, 1, 80000),
(5671, 251, 26, 1, 75000),
(5672, 251, 16, 1, 150000),
(5673, 251, 54, 1, 120000),
(5674, 251, 42, 1, 200000),
(5675, 251, 10, 1, 150000),
(5676, 251, 55, 1, 80000),
(5677, 251, 40, 1, 200000),
(5678, 251, 33, 1, 50000),
(5679, 251, 37, 1, 100000),
(5680, 251, 43, 1, 300000),
(5681, 251, 57, 1, 150000),
(5682, 251, 60, 1, 200000),
(5683, 251, 61, 1, 350000),
(5684, 252, 40, 1, 200000),
(5685, 252, 2, 1, 60000),
(5686, 252, 13, 1, 150000),
(5687, 252, 14, 1, 80000),
(5688, 252, 12, 1, 60000),
(5689, 252, 1, 2, 150000),
(5690, 253, 14, 1, 80000),
(5691, 253, 12, 1, 60000),
(5692, 253, 1, 1, 150000),
(5693, 253, 41, 1, 150000),
(5694, 254, 1, 6, 150000),
(5695, 254, 3, 3, 150000),
(5696, 254, 4, 5, 150000),
(5697, 254, 48, 2, 150000),
(5698, 254, 2, 2, 60000),
(5699, 254, 12, 3, 60000),
(5700, 254, 13, 5, 150000),
(5701, 254, 14, 5, 80000),
(5702, 254, 15, 3, 80000),
(5703, 254, 24, 1, 250000),
(5704, 254, 51, 1, 200000),
(5705, 255, 1, 8, 150000),
(5706, 255, 3, 1, 150000),
(5707, 255, 53, 1, 150000),
(5708, 255, 48, 1, 150000),
(5709, 255, 2, 7, 60000),
(5710, 255, 12, 4, 60000),
(5711, 255, 13, 2, 150000),
(5712, 255, 14, 1, 80000),
(5713, 255, 15, 1, 80000),
(5714, 255, 52, 1, 150000),
(5715, 255, 45, 1, 250000),
(5716, 255, 28, 1, 200000),
(5717, 255, 32, 1, 40000),
(5718, 255, 23, 1, 150000),
(5719, 256, 1, 2, 150000),
(5720, 256, 53, 1, 150000),
(5721, 256, 48, 2, 150000),
(5722, 256, 12, 2, 60000),
(5723, 256, 13, 1, 150000),
(5724, 256, 8, 2, 120000),
(5725, 256, 14, 3, 80000),
(5726, 256, 15, 2, 80000),
(5727, 256, 32, 12, 40000),
(5728, 256, 34, 1, 80000),
(5729, 256, 37, 1, 100000),
(5730, 257, 1, 1, 150000),
(5731, 257, 4, 1, 150000),
(5732, 257, 31, 1, 100000),
(5733, 257, 2, 3, 60000),
(5734, 257, 14, 3, 80000),
(5735, 257, 15, 1, 80000),
(5736, 257, 24, 1, 250000),
(5737, 257, 45, 1, 250000),
(5738, 257, 32, 1, 40000),
(5739, 257, 35, 1, 160000),
(5740, 258, 28, 1, 200000),
(5741, 258, 37, 1, 100000),
(5742, 258, 1, 3, 150000),
(5743, 258, 4, 1, 150000),
(5744, 258, 48, 1, 150000),
(5745, 258, 12, 2, 60000),
(5746, 258, 13, 2, 150000),
(5747, 258, 8, 1, 120000),
(5748, 258, 14, 1, 80000),
(5749, 258, 25, 1, 150000),
(5750, 259, 1, 4, 150000),
(5751, 259, 48, 1, 150000),
(5752, 259, 20, 1, 150000),
(5753, 259, 2, 2, 60000),
(5754, 259, 13, 1, 150000),
(5755, 259, 8, 2, 120000),
(5756, 259, 14, 4, 80000),
(5757, 259, 24, 1, 250000),
(5758, 260, 1, 3, 150000),
(5759, 260, 53, 2, 150000),
(5760, 260, 31, 1, 100000),
(5761, 260, 20, 1, 150000),
(5762, 260, 62, 1, 350000),
(5763, 260, 2, 3, 60000),
(5764, 260, 12, 4, 60000),
(5765, 260, 13, 1, 150000),
(5766, 260, 8, 1, 120000),
(5767, 260, 14, 5, 80000),
(5768, 260, 27, 1, 75000),
(5769, 260, 9, 1, 60000),
(5770, 260, 52, 1, 150000),
(5771, 260, 45, 1, 250000),
(5772, 260, 21, 1, 250000),
(5773, 260, 32, 1, 40000),
(5774, 260, 49, 1, 400000),
(5775, 260, 61, 1, 350000),
(5776, 261, 1, 4, 150000),
(5777, 261, 53, 2, 150000),
(5778, 261, 48, 1, 150000),
(5779, 261, 20, 1, 150000),
(5780, 261, 2, 1, 60000),
(5781, 261, 12, 5, 60000),
(5782, 261, 8, 3, 120000),
(5783, 261, 14, 1, 80000),
(5784, 261, 15, 1, 80000),
(5785, 261, 52, 2, 150000),
(5786, 261, 45, 1, 250000),
(5787, 261, 19, 1, 100000),
(5788, 261, 21, 1, 250000),
(5789, 261, 28, 1, 200000),
(5790, 261, 34, 1, 80000),
(5791, 261, 36, 2, 150000),
(5792, 261, 37, 2, 100000),
(5793, 262, 1, 7, 150000),
(5794, 262, 3, 1, 150000),
(5795, 262, 53, 1, 150000),
(5796, 262, 48, 1, 150000),
(5797, 262, 59, 1, 150000),
(5798, 262, 2, 4, 60000),
(5799, 262, 12, 3, 60000),
(5800, 262, 13, 2, 150000),
(5801, 262, 11, 2, 60000),
(5802, 262, 14, 2, 80000),
(5803, 262, 52, 2, 150000),
(5804, 262, 41, 2, 150000),
(5805, 262, 33, 1, 50000),
(5806, 262, 61, 1, 350000),
(5807, 263, 1, 5, 150000),
(5808, 263, 4, 1, 150000),
(5809, 263, 53, 3, 150000),
(5810, 263, 48, 3, 150000),
(5811, 263, 62, 1, 350000),
(5812, 263, 2, 4, 60000),
(5813, 263, 12, 8, 60000),
(5814, 263, 8, 2, 120000),
(5815, 263, 14, 2, 80000),
(5816, 263, 15, 7, 80000),
(5817, 263, 54, 4, 120000),
(5818, 263, 65, 5, 300000),
(5819, 263, 41, 1, 150000),
(5820, 263, 34, 1, 80000),
(5821, 263, 36, 1, 150000),
(5822, 263, 37, 2, 100000),
(5823, 263, 51, 1, 200000),
(5824, 263, 61, 2, 350000),
(5825, 264, 1, 2, 150000),
(5826, 264, 3, 2, 150000),
(5827, 264, 2, 1, 60000),
(5828, 264, 12, 5, 60000),
(5829, 264, 62, 1, 350000),
(5830, 264, 14, 2, 80000),
(5831, 264, 41, 1, 150000),
(5832, 264, 34, 1, 80000),
(5833, 265, 4, 1, 150000),
(5834, 265, 53, 1, 150000),
(5835, 265, 13, 2, 150000),
(5836, 265, 11, 1, 60000),
(5837, 265, 52, 2, 150000),
(5838, 265, 13, 1, 150000),
(5839, 265, 48, 3, 150000),
(5840, 265, 62, 1, 350000),
(5841, 265, 15, 1, 80000),
(5842, 265, 27, 1, 75000),
(5843, 265, 19, 1, 100000),
(5844, 265, 51, 1, 200000),
(5845, 266, 1, 7, 150000),
(5846, 266, 2, 3, 60000),
(5847, 266, 12, 3, 60000),
(5848, 266, 14, 5, 80000),
(5849, 266, 32, 1, 40000),
(5850, 266, 36, 1, 150000),
(5851, 266, 49, 1, 400000),
(5852, 267, 53, 1, 150000),
(5853, 267, 51, 1, 200000),
(5854, 268, 3, 1, 150000),
(5855, 268, 53, 2, 150000),
(5856, 268, 2, 1, 60000),
(5857, 268, 11, 2, 60000),
(5858, 268, 65, 1, 300000),
(5859, 268, 1, 2, 150000),
(5860, 268, 12, 2, 60000),
(5861, 268, 14, 4, 80000),
(5862, 269, 3, 1, 150000),
(5863, 269, 53, 2, 150000),
(5864, 269, 2, 1, 60000),
(5865, 269, 11, 2, 60000),
(5866, 269, 65, 1, 300000),
(5867, 269, 1, 2, 150000),
(5868, 269, 12, 2, 60000),
(5869, 269, 14, 4, 80000),
(5870, 270, 3, 1, 150000),
(5871, 270, 53, 2, 150000),
(5872, 270, 2, 1, 60000),
(5873, 270, 11, 2, 60000),
(5874, 270, 65, 1, 300000),
(5875, 270, 1, 2, 150000),
(5876, 270, 12, 2, 60000),
(5877, 270, 14, 4, 80000),
(5878, 271, 3, 1, 150000),
(5879, 271, 53, 2, 150000),
(5880, 273, 65, 1, 300000),
(5881, 273, 20, 1, 150000),
(5882, 273, 36, 1, 150000),
(5883, 274, 2, 1, 60000),
(5884, 274, 13, 1, 150000),
(5885, 274, 52, 1, 150000),
(5886, 274, 48, 1, 150000),
(5887, 274, 59, 1, 150000),
(5888, 274, 62, 1, 350000),
(5889, 274, 15, 1, 80000),
(5890, 274, 41, 1, 150000),
(5891, 274, 61, 1, 350000),
(5892, 275, 53, 1, 150000),
(5893, 275, 4, 2, 150000),
(5894, 275, 48, 2, 150000),
(5895, 275, 37, 2, 100000),
(5896, 275, 8, 2, 150000),
(5897, 275, 6, 6, 150000),
(5898, 275, 43, 1, 300000),
(5899, 275, 35, 1, 160000),
(5900, 275, 13, 4, 150000),
(5901, 275, 2, 7, 60000),
(5902, 275, 52, 1, 150000),
(5903, 275, 55, 1, 80000),
(5904, 275, 40, 3, 200000),
(5905, 275, 14, 3, 80000),
(5906, 275, 56, 2, 350000),
(5907, 275, 42, 3, 200000),
(5908, 275, 28, 4, 200000),
(5909, 276, 1, 7, 150000),
(5910, 276, 53, 1, 150000),
(5911, 276, 2, 2, 60000),
(5912, 276, 12, 5, 60000),
(5913, 276, 52, 1, 150000),
(5914, 276, 65, 4, 300000),
(5915, 276, 14, 4, 80000),
(5916, 276, 15, 1, 80000),
(5917, 276, 36, 1, 150000),
(5918, 277, 1, 3, 150000),
(5919, 277, 12, 1, 60000),
(5920, 277, 14, 1, 80000),
(5921, 278, 1, 4, 150000),
(5922, 278, 2, 1, 60000),
(5923, 278, 12, 2, 60000),
(5924, 278, 13, 1, 150000),
(5925, 278, 14, 1, 80000),
(5926, 278, 41, 1, 150000),
(5927, 279, 4, 1, 150000),
(5928, 279, 24, 1, 250000),
(5929, 279, 15, 1, 80000),
(5930, 279, 56, 1, 350000),
(5931, 279, 20, 1, 150000),
(5932, 280, 41, 1, 150000),
(5933, 280, 3, 1, 150000),
(5934, 281, 1, 2, 150000),
(5935, 281, 13, 2, 150000),
(5936, 282, 1, 2, 150000),
(5937, 283, 1, 1, 150000),
(5938, 283, 4, 1, 150000),
(5939, 283, 12, 2, 60000),
(5940, 283, 13, 2, 150000),
(5941, 283, 62, 1, 350000),
(5942, 283, 14, 1, 80000),
(5943, 283, 41, 1, 150000),
(5944, 284, 1, 1, 150000),
(5945, 284, 62, 1, 350000),
(5946, 284, 48, 1, 150000),
(5947, 284, 12, 1, 60000),
(5948, 285, 12, 1, 60000),
(5949, 285, 9, 1, 60000),
(5950, 286, 1, 1, 150000),
(5951, 286, 13, 1, 150000),
(5952, 286, 14, 1, 80000),
(5953, 287, 1, 3, 150000),
(5954, 287, 3, 1, 150000),
(5955, 287, 4, 1, 150000),
(5956, 287, 53, 1, 150000),
(5957, 287, 2, 3, 60000),
(5958, 287, 13, 6, 150000),
(5959, 287, 6, 1, 150000),
(5960, 287, 20, 4, 150000),
(5961, 288, 14, 6, 80000),
(5962, 289, 41, 1, 150000),
(5963, 289, 13, 2, 150000),
(5964, 289, 53, 1, 150000),
(5965, 289, 14, 1, 80000),
(5966, 289, 1, 1, 150000),
(5967, 290, 53, 1, 150000),
(5968, 290, 4, 3, 150000),
(5969, 290, 37, 2, 100000),
(5970, 290, 18, 6, 100000),
(5971, 290, 41, 1, 150000),
(5972, 290, 27, 2, 75000),
(5973, 290, 19, 2, 100000),
(5974, 290, 35, 2, 160000),
(5975, 290, 62, 1, 350000),
(5976, 290, 3, 2, 150000),
(5977, 290, 23, 1, 150000),
(5978, 290, 1, 17, 150000),
(5979, 290, 13, 4, 150000),
(5980, 290, 12, 8, 60000),
(5981, 290, 2, 8, 60000),
(5982, 290, 52, 1, 150000),
(5983, 290, 36, 2, 150000),
(5984, 290, 14, 11, 80000),
(5985, 290, 26, 1, 75000),
(5986, 290, 20, 3, 150000),
(5987, 290, 28, 2, 200000),
(5988, 291, 2, 2, 60000),
(5989, 291, 14, 1, 60000),
(5990, 292, 12, 1, 60000),
(5991, 293, 56, 3, 350000),
(5992, 294, 20, 1, 150000),
(5993, 294, 45, 1, 250000),
(5994, 295, 12, 2, 60000),
(5995, 295, 62, 1, 350000),
(5996, 295, 1, 1, 150000),
(5997, 296, 1, 6, 150000),
(5998, 296, 53, 2, 150000),
(5999, 296, 66, 2, 150000),
(6000, 296, 2, 1, 60000),
(6001, 296, 13, 3, 150000),
(6002, 296, 48, 2, 150000),
(6003, 296, 14, 1, 80000),
(6004, 296, 15, 1, 80000),
(6005, 296, 32, 2, 40000),
(6006, 296, 17, 1, 150000),
(6007, 297, 12, 1, 60000),
(6008, 298, 13, 1, 150000),
(6009, 298, 3, 1, 150000),
(6010, 299, 1, 9, 150000),
(6011, 299, 3, 4, 150000),
(6012, 299, 4, 1, 150000),
(6013, 299, 53, 3, 150000),
(6014, 299, 31, 1, 100000),
(6015, 299, 66, 1, 150000),
(6016, 299, 2, 4, 60000),
(6017, 299, 12, 4, 60000),
(6018, 299, 13, 4, 150000),
(6019, 299, 8, 1, 150000),
(6020, 299, 52, 2, 150000),
(6021, 299, 48, 1, 150000),
(6022, 299, 20, 2, 150000),
(6023, 299, 62, 5, 350000),
(6024, 299, 14, 3, 80000),
(6025, 299, 15, 2, 80000),
(6026, 299, 26, 1, 75000),
(6027, 299, 27, 1, 75000),
(6028, 299, 41, 1, 150000),
(6029, 299, 21, 1, 250000),
(6030, 299, 42, 1, 200000),
(6031, 299, 55, 1, 80000),
(6032, 299, 33, 1, 50000),
(6033, 299, 34, 2, 50000),
(6034, 299, 36, 1, 150000),
(6035, 299, 37, 1, 100000),
(6036, 299, 51, 1, 200000),
(6037, 299, 56, 1, 350000),
(6038, 299, 67, 1, 350000),
(6039, 300, 14, 1, 80000),
(6040, 300, 65, 1, 300000),
(6041, 301, 12, 1, 60000),
(6042, 301, 4, 1, 150000),
(6043, 302, 53, 1, 150000),
(6044, 303, 53, 2, 150000),
(6045, 303, 20, 1, 150000),
(6046, 303, 14, 4, 80000),
(6047, 303, 10, 1, 150000),
(6048, 303, 55, 1, 80000),
(6049, 303, 12, 2, 60000),
(6050, 304, 2, 2, 60000),
(6051, 304, 52, 1, 60000),
(6052, 304, 15, 1, 80000),
(6053, 305, 61, 2, 350000),
(6054, 306, 53, 2, 150000),
(6055, 306, 4, 3, 150000),
(6056, 306, 48, 1, 150000),
(6057, 306, 8, 2, 150000),
(6058, 306, 24, 1, 250000),
(6059, 306, 65, 1, 300000),
(6060, 306, 33, 1, 50000),
(6061, 306, 1, 5, 150000),
(6062, 306, 13, 1, 150000),
(6063, 306, 12, 2, 60000),
(6064, 306, 2, 1, 60000),
(6065, 306, 14, 1, 80000),
(6066, 307, 14, 1, 80000),
(6067, 308, 2, 2, 60000),
(6068, 308, 12, 2, 60000),
(6069, 308, 13, 2, 150000),
(6070, 308, 1, 3, 150000),
(6071, 309, 1, 2, 150000),
(6072, 309, 66, 1, 150000),
(6073, 309, 13, 4, 150000),
(6074, 309, 15, 1, 150000),
(6075, 309, 15, 1, 150000),
(6076, 310, 41, 1, 150000),
(6077, 310, 37, 2, 100000),
(6078, 310, 3, 1, 150000),
(6079, 310, 1, 4, 150000),
(6080, 310, 13, 2, 150000),
(6081, 310, 12, 5, 60000),
(6082, 310, 53, 1, 150000),
(6083, 310, 51, 1, 200000),
(6084, 310, 20, 1, 150000),
(6085, 310, 8, 2, 150000),
(6086, 311, 14, 1, 80000),
(6087, 311, 53, 1, 150000),
(6088, 312, 14, 2, 80000),
(6089, 312, 1, 1, 150000),
(6090, 313, 53, 1, 150000),
(6091, 313, 66, 1, 150000),
(6092, 313, 43, 3, 300000),
(6093, 313, 2, 3, 60000),
(6094, 313, 52, 1, 150000),
(6095, 313, 36, 1, 150000),
(6096, 313, 51, 1, 200000),
(6097, 313, 14, 4, 80000),
(6098, 314, 1, 1, 150000),
(6099, 314, 14, 1, 80000),
(6100, 314, 13, 2, 150000),
(6101, 315, 1, 2, 150000),
(6102, 315, 12, 1, 60000);
INSERT INTO `detail_apotik` (`id`, `id_apotik`, `id_obat`, `jumlah`, `harga_satuan`) VALUES
(6103, 316, 1, 3, 150000),
(6104, 316, 3, 1, 150000),
(6105, 316, 12, 3, 60000),
(6106, 316, 13, 2, 150000),
(6107, 316, 8, 3, 150000),
(6108, 316, 59, 3, 150000),
(6109, 316, 62, 1, 350000),
(6110, 316, 14, 2, 80000),
(6111, 317, 1, 2, 150000),
(6112, 317, 53, 1, 150000),
(6113, 317, 66, 2, 150000),
(6114, 317, 2, 1, 60000),
(6115, 317, 12, 1, 60000),
(6116, 317, 48, 1, 150000),
(6117, 317, 14, 2, 80000),
(6118, 317, 32, 1, 40000),
(6119, 317, 50, 1, 30000),
(6120, 317, 36, 1, 150000),
(6121, 317, 49, 1, 400000),
(6122, 318, 1, 1, 150000),
(6123, 318, 12, 1, 60000),
(6124, 318, 41, 1, 150000),
(6125, 318, 6, 1, 150000),
(6126, 319, 1, 1, 150000),
(6127, 319, 2, 1, 60000),
(6128, 319, 13, 1, 150000),
(6129, 319, 52, 3, 150000),
(6130, 319, 14, 1, 80000),
(6131, 319, 19, 1, 100000),
(6132, 319, 24, 1, 250000),
(6133, 320, 8, 1, 150000),
(6134, 321, 14, 1, 80000),
(6135, 321, 12, 1, 60000),
(6136, 321, 52, 1, 150000),
(6137, 322, 2, 2, 60000),
(6138, 322, 25, 1, 150000),
(6139, 323, 1, 1, 150000),
(6140, 323, 12, 1, 60000),
(6141, 323, 14, 1, 80000),
(6142, 323, 41, 1, 150000),
(6143, 324, 8, 1, 150000),
(6144, 325, 1, 4, 150000),
(6145, 325, 4, 1, 150000),
(6146, 325, 53, 2, 150000),
(6147, 325, 66, 1, 150000),
(6148, 325, 12, 4, 60000),
(6149, 325, 13, 1, 150000),
(6150, 325, 6, 1, 150000),
(6151, 325, 8, 2, 150000),
(6152, 325, 11, 1, 60000),
(6153, 325, 25, 1, 150000),
(6154, 325, 45, 1, 250000),
(6155, 325, 48, 1, 150000),
(6156, 325, 14, 5, 80000),
(6157, 325, 15, 2, 80000),
(6158, 325, 42, 4, 200000),
(6159, 325, 10, 2, 150000),
(6160, 325, 28, 1, 200000),
(6161, 325, 69, 1, 200000),
(6162, 326, 14, 1, 80000),
(6163, 327, 57, 2, 150000),
(6164, 328, 1, 1, 150000),
(6165, 328, 11, 1, 60000),
(6166, 329, 3, 1, 150000),
(6167, 329, 13, 2, 150000),
(6168, 330, 13, 1, 150000),
(6169, 331, 12, 1, 60000),
(6170, 331, 1, 1, 150000),
(6171, 331, 14, 1, 80000),
(6172, 332, 1, 1, 150000),
(6173, 332, 13, 1, 150000),
(6174, 333, 1, 1, 150000),
(6175, 333, 13, 1, 150000),
(6176, 334, 37, 1, 100000),
(6177, 334, 12, 1, 60000),
(6178, 334, 13, 2, 150000),
(6179, 334, 14, 1, 80000),
(6180, 334, 1, 2, 150000),
(6181, 334, 65, 1, 300000),
(6182, 335, 4, 1, 150000),
(6183, 335, 8, 2, 150000),
(6184, 335, 41, 1, 150000),
(6185, 335, 66, 1, 150000),
(6186, 335, 3, 1, 150000),
(6187, 335, 1, 3, 150000),
(6188, 335, 12, 2, 60000),
(6189, 335, 51, 1, 200000),
(6190, 335, 15, 1, 80000),
(6191, 335, 69, 2, 200000),
(6192, 336, 12, 1, 60000),
(6193, 336, 62, 1, 350000),
(6194, 337, 1, 1, 150000),
(6195, 338, 1, 3, 150000),
(6196, 338, 12, 2, 60000),
(6197, 339, 12, 1, 60000),
(6198, 340, 8, 1, 150000),
(6199, 340, 12, 1, 60000),
(6200, 340, 14, 1, 80000),
(6201, 341, 4, 1, 150000),
(6202, 341, 48, 1, 150000),
(6203, 342, 1, 2, 150000),
(6204, 342, 12, 2, 60000),
(6205, 342, 13, 2, 150000),
(6206, 343, 1, 1, 150000),
(6207, 343, 27, 1, 75000),
(6208, 343, 26, 1, 75000),
(6209, 344, 53, 1, 150000),
(6210, 344, 8, 1, 150000),
(6211, 344, 17, 1, 150000),
(6212, 344, 65, 3, 300000),
(6213, 344, 62, 1, 350000),
(6214, 344, 15, 1, 80000),
(6215, 344, 14, 1, 80000),
(6216, 344, 42, 2, 200000),
(6217, 345, 1, 2, 150000),
(6218, 345, 14, 1, 80000),
(6219, 346, 20, 1, 150000),
(6220, 347, 3, 1, 150000),
(6221, 348, 1, 8, 150000),
(6222, 348, 3, 1, 150000),
(6223, 348, 4, 1, 150000),
(6224, 348, 53, 1, 150000),
(6225, 348, 31, 3, 150000),
(6226, 348, 12, 7, 60000),
(6227, 348, 13, 4, 150000),
(6228, 348, 8, 2, 150000),
(6229, 348, 25, 1, 150000),
(6230, 348, 52, 2, 150000),
(6231, 348, 48, 1, 150000),
(6232, 348, 14, 9, 80000),
(6233, 348, 15, 1, 80000),
(6234, 348, 41, 1, 150000),
(6235, 348, 21, 1, 250000),
(6236, 348, 35, 1, 160000),
(6237, 348, 37, 1, 100000),
(6238, 348, 51, 1, 200000),
(6239, 348, 49, 1, 400000),
(6240, 349, 31, 1, 150000),
(6241, 349, 37, 1, 100000),
(6242, 349, 53, 1, 150000),
(6243, 349, 36, 1, 150000),
(6244, 349, 12, 2, 60000),
(6245, 349, 14, 1, 80000),
(6246, 349, 8, 1, 150000),
(6247, 349, 15, 1, 80000),
(6248, 349, 27, 1, 75000),
(6249, 349, 26, 1, 75000),
(6250, 349, 48, 2, 150000),
(6251, 349, 3, 1, 150000),
(6252, 349, 66, 2, 150000),
(6253, 349, 52, 1, 150000),
(6254, 349, 57, 1, 150000),
(6255, 350, 3, 1, 150000),
(6256, 350, 13, 1, 150000),
(6257, 351, 15, 1, 80000),
(6258, 351, 53, 1, 150000),
(6259, 352, 14, 1, 80000),
(6260, 352, 13, 1, 150000),
(6261, 352, 1, 2, 150000),
(6262, 352, 10, 1, 150000),
(6263, 352, 62, 1, 350000),
(6264, 353, 1, 1, 150000),
(6265, 353, 52, 1, 150000),
(6266, 353, 2, 1, 60000),
(6267, 354, 3, 1, 150000),
(6268, 354, 12, 2, 60000),
(6269, 354, 13, 1, 150000),
(6270, 354, 8, 1, 150000),
(6271, 354, 14, 1, 80000),
(6272, 355, 15, 1, 80000),
(6273, 356, 12, 1, 60000),
(6274, 357, 28, 2, 200000),
(6275, 358, 28, 1, 200000),
(6276, 359, 1, 1, 150000),
(6277, 359, 2, 1, 60000),
(6278, 360, 12, 2, 60000),
(6279, 361, 15, 1, 80000),
(6280, 361, 14, 1, 80000),
(6281, 362, 12, 1, 60000),
(6282, 362, 48, 1, 150000),
(6283, 362, 67, 1, 350000),
(6284, 363, 49, 1, 400000),
(6285, 364, 15, 1, 80000),
(6286, 364, 1, 1, 150000),
(6287, 364, 13, 1, 150000),
(6288, 364, 20, 1, 150000),
(6289, 365, 12, 2, 60000),
(6290, 365, 20, 1, 150000),
(6291, 365, 14, 1, 80000),
(6292, 366, 14, 1, 80000),
(6293, 367, 14, 1, 80000),
(6294, 367, 11, 1, 60000),
(6295, 367, 12, 1, 60000),
(6296, 368, 53, 1, 150000),
(6297, 368, 12, 1, 60000),
(6298, 368, 8, 2, 150000),
(6299, 368, 20, 1, 150000),
(6300, 368, 37, 1, 100000),
(6301, 369, 1, 1, 150000),
(6302, 369, 3, 1, 150000),
(6303, 369, 53, 1, 150000),
(6304, 369, 12, 2, 60000),
(6305, 369, 13, 3, 150000),
(6306, 369, 14, 2, 80000),
(6307, 369, 15, 1, 80000),
(6308, 369, 36, 2, 150000),
(6309, 370, 1, 5, 150000),
(6310, 370, 2, 1, 60000),
(6311, 370, 4, 2, 65000),
(6312, 370, 53, 1, 150000),
(6313, 370, 31, 1, 150000),
(6314, 370, 66, 1, 150000),
(6315, 370, 12, 1, 60000),
(6316, 370, 8, 1, 150000),
(6317, 370, 45, 1, 250000),
(6318, 370, 48, 1, 150000),
(6319, 370, 20, 1, 150000),
(6320, 370, 14, 1, 80000),
(6321, 370, 15, 1, 80000),
(6322, 370, 21, 1, 250000),
(6323, 370, 34, 1, 80000),
(6324, 370, 51, 2, 200000),
(6325, 371, 4, 1, 65000),
(6326, 371, 19, 3, 100000),
(6327, 371, 11, 1, 60000),
(6328, 371, 49, 1, 400000),
(6329, 371, 14, 1, 80000),
(6330, 372, 14, 1, 80000),
(6331, 372, 12, 1, 60000),
(6332, 373, 12, 1, 60000),
(6333, 373, 20, 1, 150000),
(6334, 374, 32, 1, 40000),
(6335, 374, 35, 1, 160000),
(6336, 375, 37, 1, 100000),
(6337, 376, 44, 1, 250000),
(6338, 377, 9, 1, 60000),
(6339, 378, 1, 1, 150000),
(6340, 378, 14, 1, 80000),
(6341, 378, 12, 1, 60000),
(6342, 379, 14, 1, 80000),
(6343, 379, 2, 1, 60000),
(6344, 380, 52, 1, 150000),
(6345, 380, 1, 1, 150000),
(6346, 380, 14, 1, 80000),
(6347, 381, 3, 2, 150000),
(6348, 381, 2, 1, 60000),
(6349, 381, 12, 1, 60000),
(6350, 381, 14, 2, 80000),
(6351, 381, 15, 1, 80000),
(6352, 382, 1, 1, 150000),
(6353, 382, 12, 1, 60000),
(6354, 382, 14, 1, 80000),
(6355, 383, 13, 2, 150000),
(6356, 383, 28, 1, 200000),
(6357, 384, 1, 1, 150000),
(6358, 384, 13, 1, 150000),
(6359, 384, 14, 1, 80000),
(6360, 385, 13, 1, 150000),
(6361, 386, 14, 1, 80000),
(6362, 387, 1, 1, 150000),
(6363, 388, 1, 1, 150000),
(6364, 389, 14, 1, 80000),
(6365, 389, 12, 1, 60000),
(6366, 389, 3, 1, 150000),
(6367, 389, 4, 1, 65000),
(6368, 390, 57, 1, 150000),
(6369, 390, 37, 1, 100000),
(6370, 391, 14, 1, 80000),
(6371, 391, 1, 1, 150000),
(6372, 391, 12, 1, 60000),
(6373, 392, 62, 1, 350000),
(6374, 393, 62, 1, 350000),
(6375, 394, 57, 1, 150000),
(6376, 394, 37, 1, 100000),
(6377, 395, 1, 1, 150000),
(6378, 396, 1, 1, 150000),
(6379, 397, 52, 1, 150000),
(6380, 398, 14, 1, 80000),
(6381, 399, 37, 2, 100000),
(6382, 399, 8, 1, 150000),
(6383, 399, 36, 1, 150000),
(6384, 399, 13, 2, 150000),
(6385, 399, 53, 1, 150000),
(6386, 399, 3, 7, 150000),
(6387, 399, 62, 1, 350000),
(6388, 399, 19, 1, 100000),
(6389, 399, 2, 2, 60000),
(6390, 399, 14, 1, 80000),
(6391, 399, 20, 2, 150000),
(6392, 399, 15, 1, 80000),
(6393, 399, 6, 1, 150000),
(6394, 399, 48, 2, 150000),
(6395, 400, 53, 1, 150000),
(6396, 400, 2, 2, 60000),
(6397, 400, 14, 1, 80000),
(6398, 401, 12, 1, 60000),
(6399, 401, 4, 1, 65000),
(6400, 402, 66, 1, 150000),
(6401, 403, 1, 1, 150000),
(6402, 403, 14, 1, 80000),
(6403, 404, 8, 1, 150000),
(6404, 405, 32, 1, 40000),
(6405, 405, 8, 1, 150000),
(6406, 406, 8, 1, 150000),
(6407, 406, 13, 1, 150000),
(6408, 406, 3, 1, 150000),
(6409, 407, 66, 1, 150000),
(6410, 407, 14, 1, 80000),
(6411, 408, 14, 1, 80000),
(6412, 409, 10, 1, 150000),
(6413, 410, 14, 1, 80000),
(6414, 411, 13, 1, 150000),
(6415, 411, 45, 1, 250000),
(6416, 411, 27, 1, 75000),
(6417, 411, 1, 1, 150000),
(6418, 412, 1, 1, 150000),
(6419, 412, 14, 1, 80000),
(6420, 413, 4, 1, 65000),
(6421, 414, 1, 1, 150000),
(6422, 414, 13, 1, 150000),
(6423, 414, 14, 1, 80000),
(6424, 414, 20, 1, 150000),
(6425, 415, 13, 1, 150000),
(6426, 415, 1, 1, 150000),
(6427, 416, 14, 1, 80000),
(6428, 416, 1, 1, 150000),
(6429, 416, 12, 1, 60000),
(6430, 416, 9, 1, 60000),
(6431, 417, 53, 1, 150000),
(6432, 417, 2, 1, 60000),
(6433, 418, 2, 2, 60000),
(6434, 418, 3, 1, 150000),
(6435, 419, 3, 1, 150000),
(6436, 420, 1, 1, 150000),
(6437, 420, 13, 1, 150000),
(6438, 420, 20, 2, 150000),
(6439, 421, 14, 1, 80000),
(6440, 421, 2, 1, 60000),
(6441, 421, 1, 1, 150000),
(6442, 422, 14, 1, 80000),
(6443, 422, 1, 1, 150000),
(6444, 423, 1, 1, 150000),
(6445, 423, 2, 1, 60000),
(6446, 424, 66, 1, 150000),
(6447, 424, 14, 1, 80000),
(6448, 424, 53, 1, 150000),
(6449, 425, 1, 1, 150000),
(6450, 425, 53, 1, 150000),
(6451, 425, 12, 1, 60000),
(6452, 425, 14, 1, 80000),
(6453, 425, 15, 1, 80000),
(6454, 425, 34, 1, 80000),
(6455, 425, 37, 2, 100000),
(6456, 425, 8, 2, 150000),
(6457, 425, 52, 1, 150000),
(6458, 425, 72, 1, 50000),
(6459, 425, 71, 1, 150000),
(6460, 426, 1, 1, 150000),
(6461, 426, 53, 1, 150000),
(6462, 426, 12, 1, 60000),
(6463, 426, 14, 1, 80000),
(6464, 426, 15, 1, 80000),
(6465, 426, 34, 1, 80000),
(6466, 426, 37, 2, 100000),
(6467, 426, 8, 2, 150000),
(6468, 426, 52, 1, 150000),
(6469, 426, 72, 2, 50000),
(6470, 427, 4, 1, 65000),
(6471, 427, 13, 1, 150000),
(6472, 428, 1, 1, 150000),
(6473, 428, 15, 1, 80000),
(6474, 429, 42, 1, 200000),
(6475, 429, 28, 1, 200000),
(6476, 429, 14, 1, 80000),
(6477, 429, 20, 1, 150000),
(6478, 430, 2, 1, 60000),
(6479, 430, 13, 1, 150000),
(6480, 430, 3, 1, 150000),
(6481, 431, 1, 1, 150000),
(6482, 432, 8, 1, 150000),
(6483, 432, 37, 1, 100000),
(6484, 433, 14, 2, 80000),
(6485, 434, 8, 1, 150000),
(6486, 435, 1, 1, 150000),
(6487, 436, 14, 4, 80000),
(6488, 437, 1, 1, 150000),
(6489, 437, 20, 1, 150000),
(6490, 437, 14, 1, 80000),
(6491, 437, 13, 1, 150000),
(6492, 438, 8, 1, 150000),
(6493, 438, 68, 1, 150000),
(6494, 439, 1, 1, 150000),
(6495, 440, 66, 1, 150000),
(6496, 440, 15, 1, 80000),
(6497, 441, 1, 1, 150000),
(6498, 442, 53, 1, 150000),
(6499, 442, 4, 1, 65000),
(6500, 442, 10, 1, 150000),
(6501, 442, 6, 1, 150000),
(6502, 442, 66, 1, 150000),
(6503, 442, 68, 1, 150000),
(6504, 442, 12, 1, 60000),
(6505, 442, 2, 1, 60000),
(6506, 442, 9, 1, 60000),
(6507, 442, 36, 1, 150000),
(6508, 442, 14, 1, 80000),
(6509, 442, 70, 2, 150000),
(6510, 442, 13, 2, 150000),
(6511, 442, 1, 3, 150000),
(6512, 442, 8, 4, 150000),
(6513, 442, 44, 1, 350000),
(6514, 442, 61, 1, 350000),
(6515, 443, 66, 1, 150000),
(6516, 443, 15, 1, 80000),
(6517, 444, 2, 1, 60000),
(6518, 444, 15, 1, 80000),
(6519, 445, 19, 1, 100000),
(6520, 446, 69, 1, 200000),
(6521, 446, 15, 1, 80000),
(6522, 446, 1, 1, 150000),
(6523, 446, 12, 1, 60000),
(6524, 447, 36, 1, 150000),
(6525, 448, 2, 1, 60000),
(6526, 448, 69, 1, 200000),
(6527, 449, 35, 1, 160000),
(6528, 450, 8, 1, 150000),
(6529, 450, 53, 1, 150000),
(6530, 450, 66, 1, 150000),
(6531, 451, 14, 1, 80000),
(6532, 451, 12, 1, 60000),
(6533, 451, 1, 1, 150000),
(6534, 451, 20, 1, 150000),
(6535, 452, 4, 1, 65000),
(6536, 452, 32, 1, 40000),
(6537, 453, 37, 1, 100000),
(6538, 453, 33, 1, 50000),
(6539, 453, 11, 1, 60000),
(6540, 454, 66, 4, 150000),
(6541, 455, 14, 1, 80000),
(6542, 455, 52, 1, 150000),
(6543, 456, 13, 1, 150000),
(6544, 456, 3, 1, 150000),
(6545, 457, 65, 1, 300000),
(6546, 457, 1, 1, 150000),
(6547, 457, 13, 1, 150000),
(6548, 458, 1, 1, 150000),
(6549, 459, 14, 1, 80000),
(6550, 459, 1, 1, 150000),
(6551, 460, 14, 1, 80000),
(6552, 461, 14, 1, 80000),
(6553, 462, 14, 1, 80000),
(6554, 462, 2, 1, 60000),
(6555, 463, 1, 1, 150000),
(6556, 464, 1, 1, 150000),
(6557, 464, 66, 1, 150000),
(6558, 464, 14, 1, 80000),
(6559, 465, 8, 1, 150000),
(6560, 465, 13, 1, 150000),
(6561, 466, 14, 1, 80000),
(6562, 466, 4, 1, 65000),
(6563, 466, 1, 1, 150000),
(6564, 467, 13, 1, 150000),
(6565, 467, 52, 1, 150000),
(6566, 468, 35, 1, 160000),
(6567, 469, 35, 1, 160000),
(6568, 470, 24, 1, 250000),
(6569, 470, 33, 1, 50000),
(6570, 471, 14, 1, 80000),
(6571, 472, 1, 2, 150000),
(6572, 472, 13, 2, 150000),
(6573, 472, 62, 1, 350000),
(6574, 473, 35, 1, 160000),
(6575, 474, 1, 1, 150000),
(6576, 474, 14, 1, 80000),
(6577, 474, 12, 1, 60000),
(6578, 475, 36, 1, 150000),
(6579, 476, 11, 1, 60000),
(6580, 476, 2, 1, 60000),
(6581, 476, 14, 1, 80000),
(6582, 477, 1, 1, 150000),
(6583, 477, 14, 1, 80000),
(6584, 477, 52, 1, 150000),
(6585, 478, 8, 1, 150000),
(6586, 479, 14, 1, 80000),
(6587, 479, 1, 1, 150000),
(6588, 479, 12, 1, 60000),
(6589, 480, 1, 1, 150000),
(6590, 480, 20, 1, 150000),
(6591, 480, 14, 1, 80000),
(6592, 481, 15, 1, 80000),
(6593, 481, 53, 1, 150000),
(6594, 481, 2, 1, 60000),
(6595, 482, 20, 1, 150000),
(6596, 483, 14, 2, 80000),
(6597, 484, 14, 1, 80000),
(6598, 484, 53, 1, 150000),
(6599, 485, 15, 1, 80000),
(6600, 486, 1, 1, 150000),
(6601, 487, 14, 1, 80000),
(6602, 487, 13, 1, 150000),
(6603, 487, 20, 1, 150000),
(6604, 488, 20, 1, 150000),
(6605, 488, 1, 1, 150000),
(6606, 489, 1, 1, 150000),
(6607, 490, 3, 1, 150000),
(6608, 490, 4, 1, 65000),
(6609, 490, 2, 1, 60000),
(6610, 490, 12, 4, 60000),
(6611, 490, 13, 2, 150000),
(6612, 490, 8, 2, 150000),
(6613, 490, 45, 2, 250000),
(6614, 490, 65, 1, 300000),
(6615, 490, 20, 2, 150000),
(6616, 490, 14, 4, 80000),
(6617, 490, 24, 2, 250000),
(6618, 490, 28, 1, 200000),
(6619, 490, 17, 1, 150000),
(6620, 490, 35, 1, 160000),
(6621, 490, 36, 1, 150000),
(6622, 490, 37, 3, 100000),
(6623, 490, 57, 1, 150000),
(6624, 490, 61, 2, 350000),
(6625, 490, 56, 1, 350000),
(6626, 491, 20, 1, 150000),
(6627, 491, 13, 1, 150000),
(6628, 492, 10, 1, 150000),
(6629, 492, 1, 1, 150000),
(6630, 493, 15, 1, 80000),
(6631, 494, 12, 1, 60000),
(6632, 494, 20, 1, 150000),
(6633, 494, 14, 1, 80000),
(6634, 495, 26, 1, 75000),
(6635, 495, 27, 1, 75000),
(6636, 495, 13, 1, 150000),
(6637, 495, 14, 1, 80000),
(6638, 495, 8, 1, 150000),
(6639, 496, 13, 1, 150000),
(6640, 497, 72, 3, 50000),
(6641, 498, 3, 1, 150000),
(6642, 498, 13, 1, 150000),
(6643, 499, 50, 1, 30000),
(6644, 500, 12, 1, 60000),
(6645, 500, 20, 1, 150000),
(6646, 501, 35, 2, 160000),
(6647, 501, 32, 2, 40000),
(6648, 502, 37, 1, 100000),
(6649, 502, 72, 1, 50000),
(6650, 503, 14, 1, 80000),
(6651, 503, 12, 1, 60000),
(6652, 503, 20, 1, 150000),
(6653, 503, 1, 1, 150000),
(6654, 504, 3, 1, 150000),
(6655, 504, 13, 1, 150000),
(6656, 505, 8, 1, 150000),
(6657, 505, 13, 1, 150000),
(6658, 505, 33, 1, 50000),
(6659, 506, 1, 1, 150000),
(6660, 506, 14, 1, 80000),
(6661, 507, 1, 1, 150000),
(6662, 507, 12, 1, 60000),
(6663, 508, 1, 1, 150000),
(6664, 508, 20, 1, 150000),
(6665, 509, 15, 1, 80000),
(6666, 509, 53, 1, 150000),
(6667, 509, 4, 1, 65000),
(6668, 509, 2, 1, 60000),
(6669, 510, 14, 1, 80000),
(6670, 510, 1, 1, 150000),
(6671, 511, 1, 1, 150000),
(6672, 511, 2, 1, 60000),
(6673, 511, 15, 1, 80000),
(6674, 512, 12, 2, 60000),
(6675, 513, 15, 1, 80000),
(6676, 514, 1, 1, 150000),
(6677, 514, 12, 1, 60000),
(6678, 514, 14, 1, 80000),
(6679, 514, 20, 1, 150000),
(6680, 515, 52, 1, 150000),
(6681, 515, 12, 1, 60000),
(6682, 515, 14, 1, 80000),
(6683, 516, 56, 1, 350000),
(6684, 516, 24, 3, 250000),
(6685, 516, 14, 1, 80000),
(6686, 517, 14, 1, 80000),
(6687, 518, 52, 1, 150000),
(6688, 518, 14, 1, 80000),
(6689, 518, 2, 1, 60000),
(6690, 518, 4, 1, 65000),
(6691, 519, 2, 1, 60000),
(6692, 519, 3, 1, 150000),
(6693, 520, 37, 1, 100000),
(6694, 521, 53, 1, 150000),
(6695, 521, 4, 1, 65000),
(6696, 521, 1, 1, 150000),
(6697, 521, 2, 2, 60000),
(6698, 522, 62, 1, 350000),
(6699, 522, 13, 1, 150000),
(6700, 522, 2, 1, 60000),
(6701, 522, 14, 1, 80000),
(6702, 523, 65, 1, 300000),
(6703, 524, 14, 1, 80000),
(6704, 524, 13, 1, 150000),
(6705, 524, 52, 1, 150000),
(6706, 525, 37, 1, 100000),
(6707, 525, 32, 2, 40000),
(6708, 525, 35, 1, 160000),
(6709, 525, 8, 2, 150000),
(6710, 526, 14, 2, 80000),
(6711, 526, 1, 1, 150000),
(6712, 527, 53, 1, 150000),
(6713, 528, 12, 1, 60000),
(6714, 529, 12, 1, 60000),
(6715, 530, 52, 1, 150000),
(6716, 531, 35, 1, 160000),
(6717, 531, 32, 1, 40000),
(6718, 532, 4, 1, 65000),
(6719, 532, 66, 1, 150000),
(6720, 533, 33, 1, 50000),
(6721, 534, 13, 1, 150000),
(6722, 535, 13, 1, 150000),
(6723, 536, 13, 1, 150000),
(6724, 537, 13, 1, 150000),
(6725, 538, 1, 1, 150000),
(6726, 538, 3, 2, 150000),
(6727, 538, 66, 1, 150000),
(6728, 538, 13, 1, 150000),
(6729, 538, 9, 1, 60000),
(6730, 538, 20, 1, 150000),
(6731, 538, 14, 4, 80000),
(6732, 538, 15, 1, 80000),
(6733, 538, 33, 1, 50000),
(6734, 538, 36, 1, 150000),
(6735, 538, 72, 1, 50000),
(6736, 539, 11, 1, 60000),
(6737, 539, 1, 1, 150000),
(6738, 540, 12, 1, 60000),
(6739, 541, 2, 1, 60000),
(6740, 543, 66, 1, 150000),
(6741, 544, 1, 1, 150000),
(6742, 544, 2, 1, 60000),
(6743, 545, 57, 1, 150000),
(6744, 546, 69, 1, 200000),
(6745, 547, 1, 1, 150000),
(6746, 547, 14, 1, 80000),
(6747, 548, 14, 1, 80000),
(6748, 548, 53, 1, 150000),
(6749, 548, 66, 1, 150000),
(6750, 549, 13, 1, 150000),
(6751, 549, 1, 1, 150000),
(6752, 550, 45, 1, 250000),
(6753, 550, 13, 1, 150000),
(6754, 551, 6, 1, 150000),
(6755, 551, 13, 1, 150000),
(6756, 552, 66, 1, 150000),
(6757, 552, 15, 1, 80000),
(6758, 553, 12, 1, 60000),
(6759, 553, 14, 1, 80000),
(6760, 553, 1, 1, 150000),
(6761, 554, 45, 1, 250000),
(6762, 554, 12, 1, 60000),
(6763, 555, 12, 1, 60000),
(6764, 555, 14, 1, 80000),
(6765, 555, 1, 1, 150000),
(6766, 556, 4, 1, 65000),
(6767, 556, 66, 1, 150000),
(6768, 556, 15, 1, 80000),
(6769, 557, 12, 1, 60000),
(6770, 557, 4, 1, 65000),
(6771, 558, 12, 1, 60000),
(6772, 558, 14, 1, 80000),
(6773, 558, 1, 1, 150000),
(6774, 559, 13, 1, 150000),
(6775, 559, 45, 1, 250000),
(6776, 559, 3, 1, 150000),
(6777, 559, 20, 1, 150000),
(6778, 560, 8, 2, 150000),
(6779, 561, 14, 1, 80000),
(6780, 562, 52, 1, 150000),
(6781, 563, 12, 1, 60000),
(6782, 564, 14, 1, 80000),
(6783, 565, 12, 1, 60000),
(6784, 566, 14, 1, 80000),
(6785, 567, 66, 1, 150000),
(6786, 567, 14, 1, 80000),
(6787, 568, 12, 1, 60000),
(6788, 568, 1, 1, 150000),
(6789, 568, 4, 1, 65000),
(6790, 569, 14, 1, 80000),
(6791, 569, 2, 1, 60000),
(6792, 570, 52, 1, 150000),
(6793, 570, 13, 1, 150000),
(6794, 571, 13, 1, 150000),
(6795, 571, 3, 1, 150000),
(6796, 572, 15, 2, 80000),
(6797, 573, 12, 1, 60000),
(6798, 573, 4, 1, 65000),
(6799, 574, 53, 3, 150000),
(6800, 574, 1, 5, 150000),
(6801, 574, 4, 2, 65000),
(6802, 574, 66, 1, 150000),
(6803, 574, 2, 5, 60000),
(6804, 574, 8, 4, 150000),
(6805, 574, 12, 2, 60000),
(6806, 574, 9, 1, 60000),
(6807, 574, 65, 3, 300000),
(6808, 574, 62, 1, 350000),
(6809, 574, 19, 1, 100000),
(6810, 574, 15, 2, 80000),
(6811, 574, 14, 1, 80000),
(6812, 574, 21, 1, 250000),
(6813, 574, 32, 1, 40000),
(6814, 574, 33, 3, 50000),
(6815, 574, 34, 1, 80000),
(6816, 574, 35, 1, 160000),
(6817, 575, 12, 1, 60000),
(6818, 576, 14, 1, 80000),
(6819, 577, 32, 1, 40000),
(6820, 577, 34, 1, 80000),
(6821, 578, 14, 1, 80000),
(6822, 579, 11, 1, 60000),
(6823, 579, 14, 1, 80000),
(6824, 580, 2, 2, 60000),
(6825, 580, 4, 1, 65000),
(6826, 581, 13, 1, 150000),
(6827, 581, 1, 1, 150000),
(6828, 581, 20, 1, 150000),
(6829, 582, 12, 3, 60000),
(6830, 583, 35, 1, 160000),
(6831, 584, 45, 1, 250000),
(6832, 584, 13, 1, 150000),
(6833, 584, 1, 1, 150000),
(6834, 585, 1, 1, 150000),
(6835, 585, 12, 1, 60000),
(6836, 586, 14, 1, 80000),
(6837, 586, 9, 1, 60000),
(6838, 587, 1, 1, 150000),
(6839, 588, 33, 1, 50000),
(6840, 589, 8, 1, 150000),
(6841, 590, 37, 1, 100000),
(6842, 590, 33, 1, 50000),
(6843, 591, 8, 1, 150000),
(6844, 591, 14, 1, 80000),
(6845, 591, 12, 1, 60000),
(6846, 591, 1, 1, 150000),
(6847, 591, 20, 1, 150000),
(6848, 592, 36, 1, 150000),
(6849, 592, 73, 1, 65000),
(6850, 592, 66, 1, 150000),
(6851, 592, 14, 1, 80000),
(6852, 593, 37, 1, 100000),
(6853, 593, 72, 1, 50000),
(6854, 593, 8, 1, 150000),
(6855, 594, 1, 1, 150000),
(6856, 595, 34, 1, 80000),
(6857, 596, 73, 1, 65000),
(6858, 596, 19, 1, 100000),
(6859, 596, 1, 4, 150000),
(6860, 596, 2, 1, 60000),
(6861, 596, 52, 1, 150000),
(6862, 596, 11, 2, 60000),
(6863, 596, 15, 2, 80000),
(6864, 596, 14, 5, 80000),
(6865, 596, 66, 1, 150000),
(6866, 596, 20, 2, 150000),
(6867, 597, 52, 1, 150000),
(6868, 597, 14, 1, 80000),
(6869, 597, 13, 1, 150000),
(6870, 597, 1, 1, 150000),
(6871, 598, 1, 1, 150000),
(6872, 599, 1, 1, 150000),
(6873, 599, 13, 2, 150000),
(6874, 600, 13, 1, 150000),
(6875, 600, 1, 1, 150000),
(6876, 600, 73, 1, 65000),
(6877, 601, 14, 1, 80000),
(6878, 602, 1, 1, 150000),
(6879, 603, 12, 1, 60000),
(6880, 603, 1, 1, 150000),
(6881, 603, 14, 1, 80000),
(6882, 604, 32, 1, 40000),
(6883, 605, 2, 1, 60000),
(6884, 606, 8, 1, 150000),
(6885, 607, 9, 1, 60000),
(6886, 607, 1, 1, 150000),
(6887, 608, 73, 1, 65000),
(6888, 608, 37, 4, 100000),
(6889, 608, 53, 1, 150000),
(6890, 608, 66, 1, 150000),
(6891, 608, 2, 1, 60000),
(6892, 608, 8, 4, 150000),
(6893, 608, 65, 2, 300000),
(6894, 608, 62, 1, 350000),
(6895, 608, 14, 1, 80000),
(6896, 608, 14, 3, 80000),
(6897, 608, 32, 1, 40000),
(6898, 608, 33, 1, 50000),
(6899, 608, 34, 1, 80000),
(6900, 609, 14, 1, 80000),
(6901, 609, 12, 1, 60000),
(6902, 610, 15, 1, 80000),
(6903, 610, 66, 1, 150000),
(6904, 610, 53, 1, 150000),
(6905, 610, 27, 1, 75000),
(6906, 610, 26, 1, 75000),
(6907, 611, 12, 1, 60000),
(6908, 611, 1, 1, 150000),
(6909, 611, 14, 1, 80000),
(6910, 612, 12, 1, 60000),
(6911, 612, 62, 1, 350000),
(6912, 613, 1, 1, 150000),
(6913, 613, 12, 1, 60000),
(6914, 613, 14, 1, 80000),
(6915, 613, 73, 1, 65000),
(6916, 614, 14, 1, 80000),
(6917, 614, 53, 1, 150000),
(6918, 615, 8, 1, 150000),
(6919, 616, 13, 1, 150000),
(6920, 617, 1, 1, 150000),
(6921, 618, 8, 1, 150000),
(6922, 619, 14, 1, 80000),
(6923, 619, 12, 1, 60000),
(6924, 619, 20, 1, 150000),
(6925, 620, 14, 1, 80000),
(6926, 620, 2, 1, 60000),
(6927, 620, 3, 1, 150000),
(6928, 621, 14, 1, 80000),
(6929, 621, 13, 1, 150000),
(6930, 621, 45, 1, 250000),
(6931, 622, 24, 1, 200000),
(6932, 622, 8, 1, 150000),
(6933, 623, 53, 1, 150000),
(6934, 623, 15, 1, 80000),
(6935, 623, 66, 1, 150000),
(6936, 624, 2, 1, 60000),
(6937, 624, 14, 1, 80000),
(6938, 624, 20, 1, 150000),
(6939, 625, 13, 1, 150000),
(6940, 625, 20, 1, 150000),
(6941, 625, 45, 1, 250000),
(6942, 626, 14, 1, 80000),
(6943, 626, 1, 1, 150000),
(6944, 626, 45, 1, 250000),
(6945, 627, 12, 1, 60000),
(6946, 628, 12, 2, 60000),
(6947, 628, 9, 1, 60000),
(6948, 628, 72, 1, 50000),
(6949, 629, 1, 1, 150000),
(6950, 629, 73, 1, 65000),
(6951, 629, 66, 1, 150000),
(6952, 630, 36, 1, 150000),
(6953, 630, 2, 1, 60000),
(6954, 630, 3, 1, 150000),
(6955, 631, 66, 1, 150000);

-- --------------------------------------------------------

--
-- Table structure for table `detail_layanan`
--

CREATE TABLE `detail_layanan` (
  `id` int(11) NOT NULL,
  `id_rekam_medis` int(11) NOT NULL,
  `id_layanan` int(11) NOT NULL,
  `harga_layanan` int(20) NOT NULL
) ENGINE=InnoDB DEFAULT CHARSET=latin1;

--
-- Dumping data for table `detail_layanan`
--

INSERT INTO `detail_layanan` (`id`, `id_rekam_medis`, `id_layanan`, `harga_layanan`) VALUES
(1, 2, 2, 125000),
(2, 8, 8, 350000),
(3, 18, 13, 250000),
(4, 20, 15, 400000),
(5, 20, 14, 250000),
(6, 21, 16, 200000),
(7, 22, 16, 200000),
(8, 23, 14, 250000),
(9, 24, 15, 400000),
(10, 26, 17, 500000),
(11, 27, 10, 200000),
(12, 29, 5, 500000),
(13, 30, 9, 1250000),
(14, 30, 15, 400000),
(15, 32, 18, 150000),
(16, 33, 8, 350000),
(17, 35, 19, 1500000),
(18, 35, 9, 1250000),
(19, 40, 8, 350000),
(20, 41, 8, 350000),
(21, 41, 15, 400000),
(22, 39, 15, 400000),
(23, 43, 15, 400000),
(24, 44, 15, 400000),
(25, 45, 9, 1250000),
(26, 46, 17, 500000),
(27, 46, 20, 150000),
(28, 47, 8, 350000),
(29, 47, 21, 400000),
(30, 55, 15, 400000),
(31, 48, 14, 250000),
(32, 54, 14, 250000),
(33, 54, 15, 400000),
(34, 61, 15, 400000),
(35, 61, 20, 150000),
(36, 62, 16, 350000),
(37, 63, 14, 250000),
(38, 63, 15, 400000),
(39, 64, 13, 250000),
(40, 64, 15, 400000),
(41, 64, 9, 1250000),
(42, 64, 22, 1000000),
(43, 64, 23, 2000000),
(44, 65, 14, 250000),
(45, 68, 14, 250000),
(46, 71, 15, 400000),
(47, 71, 14, 250000),
(48, 73, 8, 350000),
(49, 72, 26, 300000),
(50, 78, 32, 100000),
(51, 80, 15, 400000),
(52, 80, 6, 150000),
(53, 80, 20, 150000),
(54, 83, 4, 750000),
(55, 83, 13, 250000),
(56, 79, 33, 3500000),
(57, 79, 24, 700000),
(58, 84, 15, 400000),
(59, 19, 24, 100000),
(60, 86, 15, 400000),
(61, 87, 8, 350000),
(62, 89, 6, 150000),
(63, 100, 34, 800000),
(64, 101, 8, 350000),
(65, 102, 16, 200000),
(66, 103, 19, 1500000),
(67, 107, 32, 100000),
(68, 108, 16, 200000),
(69, 108, 35, 150000),
(70, 91, 15, 400000),
(71, 91, 12, 350000),
(72, 109, 16, 200000),
(73, 110, 16, 200000),
(74, 110, 35, 150000),
(75, 111, 17, 500000),
(76, 111, 35, 150000),
(77, 112, 15, 400000),
(78, 112, 22, 100000),
(79, 93, 29, 500000),
(80, 94, 2, 125000),
(81, 95, 17, 500000),
(82, 113, 3, 300000),
(83, 118, 19, 1500000),
(84, 117, 31, 250000),
(85, 119, 31, 750000),
(86, 114, 17, 500000),
(87, 120, 4, 750000),
(88, 125, 5, 400000),
(89, 122, 25, 2000000),
(90, 130, 34, 800000),
(91, 131, 26, 300000),
(92, 132, 15, 400000),
(93, 134, 26, 300000),
(94, 136, 34, 800000),
(95, 133, 19, 1500000),
(96, 137, 17, 500000),
(97, 138, 7, 400000),
(98, 139, 15, 360000),
(99, 141, 15, 400000),
(100, 142, 19, 1500000),
(101, 143, 26, 300000),
(102, 144, 37, 360000),
(103, 145, 38, 200000),
(104, 146, 16, 200000),
(105, 148, 19, 1050000),
(106, 160, 7, 400000),
(107, 168, 36, 250000),
(108, 169, 5, 500000),
(109, 172, 31, 750000),
(110, 174, 26, 300000),
(111, 181, 32, 300000),
(112, 150, 4, 500000),
(113, 97, 16, 200000),
(114, 98, 15, 400000),
(115, 99, 16, 200000),
(116, 152, 27, 100000),
(117, 152, 15, 400000),
(118, 153, 16, 200000),
(119, 154, 2, 125000),
(120, 155, 14, 350000),
(121, 156, 2, 125000),
(122, 157, 22, 100000),
(123, 9, 7, 400000),
(124, 189, 36, 250000),
(125, 189, 15, 400000),
(126, 189, 9, 1250000),
(127, 188, 36, 250000),
(128, 190, 19, 3000000),
(129, 191, 26, 300000),
(130, 191, 15, 400000),
(131, 191, 34, 800000),
(132, 192, 36, 250000),
(133, 193, 26, 300000),
(134, 193, 9, 1250000),
(135, 197, 32, 100000),
(136, 199, 31, 750000),
(137, 201, 37, 360000),
(138, 202, 9, 1250000),
(139, 203, 15, 400000),
(140, 208, 5, 350000),
(141, 209, 32, 150000),
(142, 210, 5, 350000),
(143, 206, 26, 300000),
(144, 206, 15, 400000),
(145, 215, 15, 400000),
(146, 214, 26, 300000),
(147, 212, 32, 100000),
(148, 217, 32, 100000),
(149, 213, 32, 100000),
(150, 216, 15, 400000),
(151, 216, 34, 800000),
(152, 218, 32, 100000),
(153, 222, 26, 300000),
(154, 222, 15, 400000),
(155, 221, 32, 100000),
(156, 224, 32, 100000),
(157, 225, 32, 100000),
(158, 226, 37, 360000),
(159, 226, 9, 1250000),
(160, 226, 35, 100000),
(161, 233, 3, 125000),
(162, 234, 9, 1250000),
(163, 238, 36, 250000),
(164, 235, 26, 300000),
(165, 236, 19, 1500000),
(166, 243, 5, 300000),
(167, 242, 32, 100000),
(168, 247, 2, 125000),
(169, 250, 32, 100000),
(170, 249, 32, 100000),
(171, 248, 39, 200000),
(172, 239, 7, 400000),
(173, 239, 31, 250000),
(174, 254, 32, 100000),
(175, 255, 39, 300000),
(176, 261, 7, 400000),
(177, 272, 32, 100000),
(178, 273, 36, 250000),
(179, 273, 15, 400000),
(180, 276, 32, 100000),
(181, 277, 15, 400000),
(182, 277, 35, 150000),
(183, 259, 31, 1000000),
(184, 279, 26, 300000),
(185, 279, 6, 150000),
(186, 279, 9, 1250000),
(187, 279, 17, 500000),
(188, 281, 5, 150000),
(189, 281, 15, 400000),
(190, 282, 34, 800000),
(191, 282, 17, 500000),
(192, 258, 24, 1000000),
(193, 264, 36, 250000),
(194, 265, 40, 300000),
(195, 283, 26, 250000),
(196, 267, 36, 250000),
(197, 268, 36, 250000),
(198, 286, 26, 300000),
(199, 287, 26, 300000),
(200, 289, 40, 300000),
(201, 290, 4, 750000),
(202, 10, 16, 200000),
(203, 288, 33, 3500000),
(204, 285, 19, 1500000),
(205, 11, 14, 350000),
(206, 12, 15, 400000),
(207, 284, 16, 200000),
(208, 280, 15, 400000),
(209, 271, 41, 350000),
(210, 246, 19, 1500000),
(211, 294, 15, 400000),
(212, 294, 35, 150000),
(213, 295, 4, 750000),
(214, 295, 15, 400000),
(215, 295, 35, 150000),
(216, 297, 31, 500000),
(217, 298, 4, 750000),
(218, 299, 42, 1000000),
(219, 301, 16, 200000),
(220, 301, 20, 150000),
(221, 304, 19, 1500000),
(222, 305, 36, 250000),
(223, 305, 17, 500000),
(224, 307, 34, 1000000),
(225, 308, 15, 400000),
(226, 308, 35, 150000),
(227, 309, 36, 250000),
(228, 312, 42, 200000),
(229, 312, 4, 750000),
(230, 313, 42, 200000),
(231, 313, 4, 750000),
(232, 313, 19, 1500000),
(233, 316, 15, 400000),
(234, 316, 26, 300000),
(235, 13, 3, 125000),
(236, 17, 3, 125000),
(237, 17, 15, 400000),
(238, 66, 16, 200000),
(239, 14, 16, 200000),
(240, 15, 2, 125000),
(241, 85, 7, 400000),
(242, 90, 15, 400000),
(243, 318, 34, 800000),
(244, 317, 15, 400000),
(245, 319, 42, 1000000),
(246, 320, 36, 250000),
(247, 320, 15, 400000),
(248, 320, 34, 1000000),
(249, 322, 42, 1000000),
(250, 323, 26, 300000),
(251, 38, 15, 400000),
(252, 38, 36, 250000),
(253, 325, 13, 250000),
(254, 330, 42, 1000000),
(255, 331, 6, 150000),
(256, 332, 9, 1250000),
(257, 333, 26, 300000),
(258, 335, 19, 1500000),
(259, 337, 26, 300000),
(260, 340, 42, 1000000),
(261, 341, 36, 250000),
(262, 342, 36, 250000),
(263, 346, 36, 250000),
(264, 344, 42, 200000),
(265, 348, 7, 400000),
(266, 348, 15, 400000),
(267, 348, 9, 1250000),
(268, 350, 16, 200000),
(269, 350, 26, 300000),
(270, 350, 15, 400000),
(271, 353, 32, 100000),
(272, 351, 9, 1250000),
(273, 351, 15, 400000),
(274, 356, 32, 100000),
(275, 357, 15, 400000),
(276, 357, 35, 150000),
(277, 314, 19, 1500000),
(278, 360, 38, 200000),
(279, 364, 15, 400000),
(280, 364, 35, 150000),
(281, 364, 9, 1250000),
(282, 367, 15, 400000),
(283, 376, 19, 1250000),
(284, 184, 19, 1500000),
(285, 374, 36, 250000),
(286, 374, 26, 300000),
(287, 380, 15, 400000),
(288, 380, 6, 150000),
(289, 383, 35, 150000),
(290, 382, 26, 300000),
(291, 381, 42, 1000000),
(292, 384, 32, 100000),
(293, 16, 7, 400000),
(294, 16, 15, 400000),
(295, 82, 16, 200000),
(296, 92, 16, 200000),
(297, 96, 15, 400000),
(298, 115, 3, 125000),
(299, 151, 16, 200000),
(300, 158, 16, 200000),
(301, 159, 2, 125000),
(302, 159, 15, 400000),
(303, 161, 16, 200000),
(304, 163, 2, 125000),
(305, 164, 4, 500000),
(306, 165, 15, 400000),
(307, 166, 13, 250000),
(308, 167, 3, 125000),
(309, 195, 16, 200000),
(310, 227, 2, 125000),
(311, 228, 15, 400000),
(312, 229, 7, 400000),
(313, 230, 15, 400000),
(314, 231, 16, 200000),
(315, 386, 36, 250000),
(316, 386, 26, 300000),
(317, 389, 32, 100000),
(318, 388, 36, 250000),
(319, 391, 15, 400000),
(320, 390, 17, 500000),
(321, 396, 17, 500000),
(322, 393, 42, 200000),
(323, 393, 36, 250000),
(324, 393, 34, 800000),
(325, 393, 15, 400000),
(326, 392, 26, 300000),
(327, 392, 15, 400000),
(328, 401, 15, 400000),
(329, 409, 42, 1000000),
(330, 411, 15, 400000),
(331, 418, 10, 200000),
(332, 419, 16, 200000),
(333, 413, 17, 500000),
(334, 414, 26, 300000),
(335, 421, 15, 400000),
(336, 421, 26, 300000),
(337, 423, 5, 300000),
(338, 422, 17, 500000),
(339, 422, 5, 300000),
(340, 424, 42, 200000),
(341, 425, 8, 350000),
(342, 427, 15, 400000),
(343, 427, 20, 150000),
(344, 429, 32, 100000),
(345, 432, 9, 1000000),
(346, 435, 26, 250000),
(347, 438, 2, 125000),
(348, 442, 26, 300000),
(349, 442, 43, 400000),
(350, 444, 44, 200000),
(351, 443, 28, 800000),
(352, 446, 45, 1000000),
(353, 446, 31, 400000),
(354, 447, 19, 1500000),
(355, 447, 20, 150000),
(356, 453, 45, 1000000),
(357, 453, 31, 400000),
(358, 454, 46, 500000),
(359, 454, 4, 750000),
(360, 452, 26, 300000),
(361, 452, 15, 400000),
(362, 452, 6, 150000),
(363, 459, 9, 1250000),
(364, 458, 34, 800000),
(365, 456, 26, 300000),
(366, 462, 26, 300000),
(367, 462, 15, 400000),
(368, 463, 15, 400000),
(369, 466, 45, 400000),
(370, 466, 31, 800000),
(371, 468, 46, 500000),
(372, 468, 15, 400000),
(373, 468, 9, 1000000),
(374, 469, 40, 300000),
(375, 461, 40, 300000),
(376, 477, 15, 400000),
(377, 477, 46, 500000),
(378, 481, 19, 1500000),
(379, 481, 2, 125000),
(380, 484, 41, 250000),
(381, 484, 9, 800000),
(382, 484, 5, 150000),
(383, 483, 46, 500000),
(384, 483, 15, 400000),
(385, 486, 47, 400000),
(386, 486, 21, 800000),
(387, 489, 32, 290000),
(388, 492, 6, 200000),
(389, 494, 45, 1000000),
(390, 494, 31, 400000),
(391, 500, 15, 400000),
(392, 496, 17, 500000),
(393, 495, 26, 300000),
(394, 495, 6, 150000),
(395, 501, 15, 400000),
(396, 501, 35, 150000),
(397, 503, 46, 500000),
(398, 504, 34, 1000000),
(399, 506, 46, 500000),
(400, 505, 48, 150000),
(401, 507, 48, 200000),
(402, 510, 10, 200000),
(403, 512, 46, 500000),
(404, 512, 15, 400000),
(405, 513, 46, 500000),
(406, 514, 26, 300000),
(407, 514, 46, 500000),
(408, 515, 32, 100000),
(409, 518, 46, 500000),
(410, 518, 15, 400000),
(411, 519, 19, 1500000),
(412, 522, 26, 300000),
(413, 522, 15, 400000),
(414, 522, 6, 150000),
(415, 522, 48, 200000),
(416, 521, 26, 300000),
(417, 521, 15, 400000),
(418, 520, 46, 500000),
(419, 520, 12, 350000),
(420, 523, 15, 400000),
(421, 529, 5, 450000),
(422, 530, 44, 200000),
(423, 406, 26, 280000),
(424, 531, 40, 300000),
(425, 533, 26, 300000),
(426, 533, 15, 800000),
(427, 533, 46, 500000),
(428, 533, 48, 200000),
(429, 533, 9, 1250000),
(430, 542, 45, 1000000),
(431, 542, 31, 400000),
(432, 540, 6, 150000),
(433, 544, 36, 250000),
(434, 544, 15, 400000),
(435, 475, 17, 500000),
(436, 475, 6, 150000),
(437, 547, 26, 300000),
(438, 548, 36, 250000),
(439, 548, 15, 400000),
(440, 552, 40, 300000),
(441, 555, 25, 2000000),
(442, 555, 24, 600000),
(443, 558, 32, 100000),
(444, 561, 32, 100000),
(445, 563, 34, 1600000),
(446, 564, 26, 300000),
(447, 560, 26, 300000),
(448, 566, 45, 800000),
(449, 567, 46, 500000),
(450, 567, 15, 400000),
(451, 567, 9, 1250000),
(452, 568, 48, 200000),
(453, 570, 34, 800000),
(454, 571, 15, 400000),
(455, 571, 46, 500000),
(456, 257, 13, 250000),
(457, 266, 2, 125000),
(458, 266, 43, 400000),
(459, 270, 7, 400000),
(460, 347, 15, 400000),
(461, 402, 13, 250000),
(462, 403, 15, 400000),
(463, 404, 16, 200000),
(464, 405, 2, 125000),
(465, 407, 9, 1250000),
(466, 412, 3, 125000),
(467, 412, 15, 400000),
(468, 416, 4, 750000),
(469, 417, 16, 200000),
(470, 433, 16, 200000),
(471, 464, 22, 100000),
(472, 465, 18, 100000),
(473, 474, 12, 350000),
(474, 474, 22, 100000),
(475, 476, 15, 400000),
(476, 476, 12, 350000),
(477, 508, 16, 200000),
(478, 509, 3, 125000),
(479, 545, 15, 400000),
(480, 546, 16, 200000),
(481, 553, 16, 200000),
(482, 573, 43, 400000),
(483, 574, 10, 200000),
(484, 575, 9, 1250000),
(485, 576, 15, 400000),
(486, 577, 26, 300000),
(487, 581, 13, 250000),
(488, 582, 46, 500000),
(489, 583, 26, 300000),
(490, 588, 32, 100000),
(491, 587, 45, 400000),
(492, 587, 19, 1500000),
(493, 587, 48, 200000),
(494, 587, 34, 1000000),
(495, 587, 4, 750000),
(496, 585, 45, 400000),
(497, 585, 25, 1200000),
(498, 591, 45, 1000000),
(499, 593, 19, 1325000),
(500, 594, 33, 3500000),
(501, 594, 24, 600000),
(502, 600, 46, 500000),
(503, 602, 26, 300000),
(504, 601, 5, 150000),
(505, 601, 40, 300000),
(506, 589, 15, 400000),
(507, 606, 32, 450000),
(508, 607, 32, 530000),
(509, 608, 32, 450000),
(510, 609, 32, 380000),
(511, 610, 26, 300000),
(512, 610, 43, 400000),
(513, 611, 16, 200000),
(514, 614, 26, 300000),
(515, 616, 41, 350000),
(516, 617, 2, 125000),
(517, 618, 41, 350000),
(518, 619, 16, 200000),
(519, 620, 15, 400000),
(520, 621, 28, 800000),
(521, 623, 15, 400000),
(522, 627, 31, 800000),
(523, 625, 45, 800000),
(524, 626, 5, 350000),
(525, 628, 49, 250000),
(526, 586, 2, 125000),
(527, 629, 43, 400000),
(528, 590, 15, 400000),
(529, 631, 26, 300000),
(530, 632, 16, 200000),
(531, 633, 13, 250000),
(532, 634, 16, 200000),
(533, 635, 26, 300000),
(534, 622, 3, 125000),
(535, 636, 16, 200000),
(536, 637, 28, 800000),
(537, 638, 16, 200000),
(538, 640, 15, 400000),
(539, 624, 15, 400000),
(540, 642, 26, 300000),
(541, 643, 26, 300000),
(542, 644, 15, 400000),
(543, 645, 10, 200000),
(544, 646, 26, 300000),
(545, 647, 26, 300000),
(546, 648, 16, 200000),
(547, 649, 26, 300000),
(548, 649, 38, 200000),
(549, 650, 16, 200000),
(550, 651, 38, 200000),
(551, 652, 38, 200000),
(552, 653, 38, 200000),
(553, 663, 36, 250000),
(554, 654, 9, 1250000),
(555, 655, 38, 200000),
(556, 656, 19, 750000),
(557, 657, 26, 300000),
(558, 657, 38, 200000),
(559, 658, 38, 200000),
(560, 658, 4, 750000),
(561, 659, 16, 200000),
(562, 660, 26, 300000),
(563, 639, 9, 1250000),
(564, 662, 38, 200000),
(565, 664, 38, 200000),
(566, 664, 3, 125000),
(567, 661, 38, 200000),
(568, 661, 3, 125000),
(569, 665, 19, 750000),
(570, 666, 19, 750000),
(571, 667, 16, 200000),
(572, 668, 16, 200000),
(573, 669, 3, 125000),
(574, 670, 3, 125000),
(575, 672, 3, 125000),
(576, 673, 32, 100000),
(577, 674, 15, 400000),
(578, 674, 26, 300000),
(579, 674, 6, 150000),
(580, 676, 32, 100000),
(581, 678, 45, 1000000),
(582, 681, 3, 125000),
(583, 682, 49, 250000),
(584, 682, 24, 800000),
(585, 683, 15, 400000),
(586, 688, 26, 300000),
(587, 695, 6, 150000),
(588, 691, 46, 500000),
(589, 691, 48, 200000),
(590, 693, 46, 500000),
(591, 694, 26, 300000),
(592, 697, 46, 500000),
(593, 697, 15, 400000),
(594, 698, 15, 400000),
(595, 698, 46, 500000),
(596, 698, 9, 1000000),
(597, 699, 15, 400000),
(598, 700, 19, 1500000),
(599, 703, 45, 200000),
(600, 707, 10, 200000),
(601, 705, 15, 400000),
(602, 708, 13, 250000),
(603, 709, 13, 250000),
(604, 710, 46, 500000),
(605, 710, 15, 400000),
(606, 710, 9, 1000000),
(607, 711, 15, 400000),
(608, 714, 5, 350000),
(609, 713, 48, 200000),
(610, 713, 19, 1250000),
(611, 716, 46, 500000),
(612, 715, 26, 300000),
(613, 717, 40, 300000),
(614, 719, 15, 400000),
(615, 720, 40, 300000),
(616, 722, 13, 250000),
(617, 722, 15, 400000),
(618, 723, 15, 400000),
(619, 724, 46, 450000),
(620, 726, 6, 250000),
(621, 726, 16, 200000),
(622, 730, 15, 400000),
(623, 731, 46, 500000),
(624, 732, 36, 250000),
(625, 736, 24, 600000),
(626, 737, 19, 1500000),
(627, 738, 46, 500000),
(628, 738, 15, 400000),
(629, 739, 47, 400000),
(630, 739, 50, 800000),
(631, 740, 46, 500000),
(632, 741, 5, 150000),
(633, 741, 40, 300000),
(634, 742, 46, 500000),
(635, 728, 26, 300000),
(636, 743, 19, 1500000),
(637, 743, 9, 1000000),
(638, 734, 46, 500000),
(639, 744, 3, 125000),
(640, 744, 36, 250000),
(641, 746, 15, 400000),
(642, 749, 26, 300000),
(643, 752, 15, 400000),
(644, 752, 45, 200000),
(645, 754, 46, 500000),
(646, 759, 45, 400000),
(647, 760, 36, 250000),
(648, 758, 6, 150000),
(649, 758, 13, 250000),
(650, 765, 9, 1000000),
(651, 763, 31, 200000),
(652, 767, 3, 125000),
(653, 770, 32, 100000),
(654, 774, 6, 150000),
(655, 771, 36, 250000),
(656, 775, 26, 300000),
(657, 776, 15, 400000),
(658, 778, 9, 1000000),
(659, 777, 26, 300000),
(660, 777, 9, 1000000),
(661, 781, 26, 300000),
(662, 787, 15, 400000),
(663, 787, 46, 500000),
(664, 785, 19, 1500000),
(665, 788, 46, 500000),
(666, 788, 15, 400000),
(667, 788, 9, 1000000),
(668, 793, 32, 100000),
(669, 794, 15, 400000),
(670, 799, 15, 400000),
(671, 799, 35, 100000),
(672, 798, 46, 500000),
(673, 798, 15, 400000),
(674, 795, 46, 500000),
(675, 795, 15, 400000),
(676, 795, 9, 1000000),
(677, 800, 19, 1500000),
(678, 800, 31, 800000),
(679, 801, 6, 150000),
(680, 803, 6, 150000),
(681, 802, 29, 500000),
(682, 804, 26, 300000),
(683, 806, 44, 200000),
(684, 810, 26, 300000),
(685, 809, 8, 350000),
(686, 813, 26, 300000),
(687, 813, 15, 400000),
(688, 815, 49, 250000),
(689, 816, 10, 200000),
(690, 818, 26, 300000),
(691, 819, 5, 300000),
(692, 820, 46, 500000),
(693, 821, 46, 500000),
(694, 822, 46, 500000),
(695, 823, 46, 500000),
(696, 824, 26, 300000),
(697, 825, 41, 350000),
(698, 825, 15, 400000),
(699, 825, 10, 250000),
(700, 826, 9, 1250000),
(701, 827, 15, 400000),
(702, 829, 15, 400000),
(703, 830, 26, 300000),
(704, 832, 26, 300000),
(705, 834, 15, 400000),
(706, 835, 3, 125000),
(707, 836, 46, 500000),
(708, 836, 35, 150000),
(709, 837, 15, 400000),
(710, 837, 35, 150000),
(711, 842, 26, 300000),
(712, 846, 3, 100000),
(713, 845, 16, 200000),
(714, 851, 32, 100000),
(715, 852, 34, 1000000),
(716, 854, 6, 150000),
(717, 855, 6, 150000),
(718, 856, 5, 150000),
(719, 858, 46, 500000),
(720, 858, 15, 400000),
(721, 859, 26, 300000),
(722, 860, 26, 300000),
(723, 860, 15, 400000),
(724, 861, 5, 350000),
(725, 864, 31, 400000),
(726, 857, 6, 150000),
(727, 857, 46, 500000),
(728, 857, 15, 400000),
(729, 865, 34, 800000),
(730, 866, 5, 150000),
(731, 868, 46, 500000),
(732, 871, 15, 400000),
(733, 871, 20, 150000),
(734, 871, 9, 1000000),
(735, 872, 48, 200000),
(736, 874, 16, 200000),
(737, 875, 26, 300000),
(738, 879, 49, 250000),
(739, 878, 6, 150000),
(740, 880, 49, 250000),
(741, 884, 46, 500000),
(742, 886, 15, 400000),
(743, 886, 35, 150000),
(744, 887, 40, 300000),
(745, 889, 26, 300000),
(746, 890, 46, 500000),
(747, 897, 2, 125000),
(748, 899, 15, 400000),
(749, 899, 46, 500000),
(750, 902, 7, 100000),
(751, 902, 15, 400000),
(752, 902, 48, 200000),
(753, 901, 29, 500000),
(754, 906, 5, 400000),
(755, 905, 46, 500000),
(756, 904, 46, 500000),
(757, 909, 46, 500000),
(758, 911, 15, 400000),
(759, 912, 26, 300000),
(760, 916, 32, 100000),
(761, 915, 46, 500000),
(762, 918, 15, 400000),
(763, 918, 46, 500000),
(764, 921, 42, 200000),
(765, 922, 6, 150000),
(766, 926, 6, 150000),
(767, 925, 6, 150000),
(768, 924, 16, 200000),
(769, 924, 51, 150000),
(770, 928, 26, 300000),
(771, 932, 26, 300000),
(772, 934, 16, 200000),
(773, 934, 15, 400000),
(774, 935, 15, 400000),
(775, 939, 46, 500000),
(776, 940, 6, 150000),
(777, 942, 46, 500000),
(778, 942, 48, 200000),
(779, 944, 46, 500000),
(780, 944, 26, 300000),
(781, 944, 15, 800000),
(782, 944, 6, 150000),
(783, 943, 46, 500000),
(784, 943, 15, 400000),
(785, 941, 5, 300000),
(786, 946, 40, 300000),
(787, 947, 26, 300000),
(788, 947, 6, 150000),
(789, 952, 26, 300000),
(790, 948, 6, 150000),
(791, 949, 16, 200000),
(792, 950, 5, 150000),
(793, 951, 26, 300000),
(794, 951, 15, 400000),
(795, 959, 19, 1500000),
(796, 961, 26, 300000),
(797, 965, 36, 250000),
(798, 965, 15, 400000),
(799, 966, 32, 100000),
(800, 967, 48, 200000),
(801, 972, 26, 300000),
(802, 972, 15, 400000),
(803, 976, 19, 1500000),
(804, 976, 9, 1000000),
(805, 974, 5, 400000),
(806, 975, 44, 200000),
(807, 977, 6, 150000),
(808, 978, 48, 200000),
(809, 980, 46, 500000),
(810, 981, 36, 250000),
(811, 981, 34, 800000),
(812, 982, 5, 300000),
(813, 984, 26, 300000),
(814, 987, 34, 800000),
(815, 988, 29, 400000),
(816, 989, 2, 125000),
(817, 990, 15, 400000),
(818, 991, 26, 300000),
(819, 992, 6, 150000),
(820, 993, 41, 350000),
(821, 994, 3, 125000),
(822, 996, 46, 500000),
(823, 998, 6, 150000),
(824, 999, 3, 125000),
(825, 1001, 41, 350000),
(826, 1003, 46, 500000),
(827, 1008, 41, 350000),
(828, 1009, 16, 200000),
(829, 1009, 15, 400000),
(830, 1015, 10, 200000),
(831, 1016, 15, 400000),
(832, 1021, 19, 1500000),
(833, 1023, 26, 300000),
(834, 1025, 46, 500000),
(835, 1024, 46, 500000),
(836, 1024, 15, 400000),
(837, 1026, 15, 400000),
(838, 1026, 5, 150000),
(839, 1029, 26, 300000),
(840, 1027, 46, 500000),
(841, 1030, 15, 400000),
(842, 1032, 36, 250000),
(843, 1033, 26, 300000),
(844, 1035, 15, 400000),
(845, 1037, 15, 400000),
(846, 1037, 6, 150000),
(847, 1036, 3, 125000),
(848, 1038, 34, 1000000),
(849, 1039, 26, 300000),
(850, 1039, 15, 400000),
(851, 1041, 46, 500000),
(852, 1042, 46, 500000),
(853, 1044, 34, 800000),
(854, 1045, 15, 400000),
(855, 1045, 6, 150000),
(856, 1047, 15, 400000),
(857, 1049, 41, 350000),
(858, 1051, 6, 150000),
(859, 1053, 46, 500000),
(860, 1054, 49, 250000),
(861, 1054, 5, 150000),
(862, 1055, 19, 1500000),
(863, 1056, 15, 400000),
(864, 1057, 9, 1250000),
(865, 1058, 15, 400000),
(866, 1060, 26, 300000),
(867, 1060, 15, 400000),
(868, 1060, 6, 150000),
(869, 1059, 46, 500000),
(870, 1061, 26, 300000),
(871, 1067, 46, 500000),
(872, 1067, 15, 400000),
(873, 1068, 46, 500000),
(874, 1068, 15, 400000),
(875, 1069, 36, 250000),
(876, 1070, 52, 250000),
(877, 1071, 32, 0),
(878, 1072, 36, 250000),
(879, 1073, 5, 150000),
(880, 1073, 4, 750000),
(881, 1074, 15, 400000),
(882, 1076, 46, 500000),
(883, 1076, 15, 400000),
(884, 1077, 15, 400000),
(885, 1077, 49, 250000),
(886, 1078, 5, 150000),
(887, 1079, 4, 750000),
(888, 1079, 45, 200000),
(889, 1080, 43, 400000),
(890, 1080, 6, 150000),
(891, 1081, 41, 250000),
(892, 1082, 8, 350000),
(893, 1086, 46, 500000),
(894, 1088, 26, 300000),
(895, 1089, 5, 150000),
(896, 1092, 34, 800000),
(897, 1091, 16, 200000),
(898, 1095, 4, 750000),
(899, 1096, 15, 400000),
(900, 1098, 40, 300000),
(901, 1100, 46, 500000),
(902, 1101, 46, 500000),
(903, 1101, 26, 300000),
(904, 1104, 43, 400000),
(905, 1107, 32, 100000),
(906, 1108, 32, 100000),
(907, 1109, 26, 300000),
(908, 1110, 15, 400000),
(909, 1112, 6, 150000),
(910, 1114, 34, 800000),
(911, 1115, 13, 250000),
(912, 1115, 34, 800000),
(913, 1116, 2, 125000),
(914, 1117, 46, 500000),
(915, 1118, 26, 300000),
(916, 1118, 15, 400000),
(917, 1118, 6, 150000),
(918, 1119, 46, 500000),
(919, 1119, 34, 1000000),
(920, 1120, 15, 400000),
(921, 1121, 26, 300000),
(922, 1121, 21, 400000),
(923, 1122, 5, 150000),
(924, 1123, 26, 300000),
(925, 1123, 15, 400000),
(926, 1124, 15, 400000),
(927, 1126, 26, 300000),
(928, 1126, 6, 150000),
(929, 1128, 41, 350000),
(930, 1127, 15, 400000),
(931, 1129, 46, 500000),
(932, 1129, 15, 400000),
(933, 1129, 9, 1250000),
(934, 1130, 26, 300000),
(935, 1130, 15, 400000),
(936, 1132, 34, 800000),
(937, 1134, 15, 400000),
(938, 1135, 48, 200000),
(939, 1135, 34, 800000),
(940, 1135, 48, 200000),
(941, 1135, 34, 800000),
(942, 1135, 48, 200000),
(943, 1135, 34, 800000),
(944, 1135, 34, 800000),
(945, 1135, 48, 200000),
(946, 1137, 6, 150000),
(947, 1139, 36, 250000),
(948, 1140, 26, 300000),
(949, 1141, 29, 500000),
(950, 1144, 36, 250000),
(951, 1147, 36, 250000),
(952, 1148, 19, 1500000),
(953, 1151, 41, 350000),
(954, 1151, 34, 1250000),
(955, 1155, 26, 300000),
(956, 1160, 51, 150000),
(957, 1175, 51, 150000),
(958, 1175, 51, 150000),
(959, 1175, 49, 250000),
(960, 1, 35, 150000),
(961, 20, 50, 400000),
(962, 21, 50, 400000);

-- --------------------------------------------------------

--
-- Table structure for table `detail_obat`
--

CREATE TABLE `detail_obat` (
  `id` int(11) NOT NULL,
  `id_rekam_medis` int(11) NOT NULL,
  `id_obat` int(11) NOT NULL,
  `jumlah` int(11) NOT NULL,
  `harga_satuan_obat` int(11) NOT NULL
) ENGINE=InnoDB DEFAULT CHARSET=latin1;

--
-- Dumping data for table `detail_obat`
--

INSERT INTO `detail_obat` (`id`, `id_rekam_medis`, `id_obat`, `jumlah`, `harga_satuan_obat`) VALUES
(1, 18, 14, 1, 80000),
(2, 18, 2, 1, 60000),
(3, 18, 1, 1, 150000),
(4, 21, 2, 1, 60000),
(5, 23, 2, 1, 60000),
(6, 23, 14, 1, 80000),
(7, 23, 53, 1, 150000),
(8, 25, 8, 1, 120000),
(9, 25, 45, 1, 250000),
(10, 25, 13, 1, 150000),
(11, 25, 1, 1, 150000),
(12, 28, 14, 1, 80000),
(13, 28, 52, 1, 150000),
(14, 28, 48, 1, 150000),
(15, 28, 2, 1, 60000),
(16, 29, 48, 1, 150000),
(17, 29, 1, 1, 150000),
(18, 29, 12, 1, 60000),
(19, 29, 15, 1, 80000),
(20, 29, 56, 1, 350000),
(21, 31, 52, 1, 150000),
(22, 31, 2, 1, 60000),
(23, 31, 1, 1, 150000),
(24, 31, 14, 1, 80000),
(25, 31, 8, 1, 120000),
(26, 30, 14, 1, 80000),
(27, 30, 52, 1, 150000),
(28, 30, 2, 1, 60000),
(29, 33, 41, 1, 150000),
(30, 33, 1, 1, 150000),
(31, 33, 12, 1, 60000),
(32, 33, 14, 1, 80000),
(33, 34, 37, 1, 100000),
(34, 34, 8, 1, 120000),
(35, 42, 1, 2, 150000),
(36, 42, 13, 2, 150000),
(37, 42, 27, 1, 75000),
(38, 42, 14, 1, 80000),
(39, 44, 49, 1, 400000),
(40, 44, 1, 1, 150000),
(41, 44, 20, 1, 150000),
(42, 50, 8, 1, 120000),
(43, 50, 23, 1, 150000),
(44, 50, 15, 1, 80000),
(45, 50, 1, 1, 150000),
(46, 50, 12, 1, 60000),
(47, 51, 41, 1, 150000),
(48, 51, 14, 1, 80000),
(49, 51, 12, 1, 60000),
(50, 51, 52, 1, 150000),
(51, 52, 1, 1, 150000),
(52, 52, 2, 1, 60000),
(53, 52, 14, 1, 80000),
(54, 49, 15, 1, 80000),
(55, 49, 1, 1, 150000),
(56, 49, 12, 1, 60000),
(57, 53, 48, 1, 150000),
(58, 53, 19, 1, 100000),
(59, 56, 14, 1, 80000),
(60, 56, 12, 1, 60000),
(61, 57, 1, 1, 150000),
(62, 57, 12, 1, 60000),
(63, 60, 8, 1, 120000),
(64, 60, 37, 1, 100000),
(65, 62, 54, 1, 120000),
(66, 67, 20, 1, 150000),
(67, 67, 3, 1, 150000),
(68, 69, 1, 1, 150000),
(69, 69, 12, 1, 60000),
(70, 69, 14, 1, 80000),
(71, 69, 6, 1, 150000),
(72, 70, 13, 1, 150000),
(73, 71, 1, 1, 150000),
(74, 71, 13, 1, 150000),
(75, 74, 56, 1, 350000),
(76, 74, 37, 1, 100000),
(77, 75, 8, 1, 120000),
(78, 75, 37, 1, 100000),
(79, 76, 8, 1, 120000),
(80, 76, 37, 1, 100000),
(81, 72, 12, 1, 60000),
(82, 72, 48, 1, 150000),
(83, 72, 3, 1, 150000),
(84, 77, 48, 1, 150000),
(85, 77, 53, 1, 150000),
(86, 77, 2, 1, 60000),
(87, 77, 15, 1, 80000),
(88, 81, 8, 1, 120000),
(89, 81, 51, 1, 330000),
(90, 79, 1, 1, 150000),
(91, 79, 13, 1, 150000),
(92, 79, 9, 1, 60000),
(93, 19, 14, 1, 80000),
(94, 86, 3, 1, 150000),
(95, 86, 62, 1, 350000),
(96, 87, 8, 1, 120000),
(97, 88, 8, 1, 120000),
(98, 88, 37, 1, 100000),
(99, 89, 4, 1, 150000),
(100, 89, 53, 1, 150000),
(101, 104, 42, 1, 200000),
(102, 105, 1, 1, 150000),
(103, 105, 13, 1, 150000),
(104, 105, 14, 1, 80000),
(105, 106, 4, 1, 150000),
(106, 106, 23, 1, 150000),
(107, 107, 57, 1, 150000),
(108, 107, 37, 1, 100000),
(109, 116, 8, 1, 120000),
(110, 116, 37, 1, 100000),
(111, 116, 53, 1, 150000),
(112, 116, 14, 1, 80000),
(113, 118, 41, 1, 150000),
(114, 118, 8, 1, 120000),
(115, 118, 14, 1, 80000),
(116, 118, 12, 1, 60000),
(117, 121, 48, 1, 150000),
(118, 121, 53, 1, 150000),
(119, 121, 10, 1, 150000),
(120, 121, 14, 1, 80000),
(121, 123, 14, 1, 80000),
(122, 123, 13, 1, 150000),
(123, 123, 52, 1, 150000),
(124, 123, 25, 1, 150000),
(125, 123, 19, 1, 100000),
(126, 124, 8, 1, 120000),
(127, 125, 34, 1, 80000),
(128, 125, 12, 1, 60000),
(129, 122, 28, 1, 200000),
(130, 122, 14, 1, 80000),
(131, 126, 32, 1, 40000),
(132, 127, 11, 1, 60000),
(133, 128, 24, 1, 250000),
(134, 128, 33, 1, 50000),
(135, 129, 37, 1, 100000),
(136, 129, 12, 1, 60000),
(137, 129, 14, 1, 80000),
(138, 129, 1, 1, 150000),
(139, 130, 11, 1, 60000),
(140, 132, 13, 1, 150000),
(141, 132, 3, 1, 150000),
(142, 132, 41, 1, 150000),
(143, 135, 57, 1, 150000),
(144, 134, 4, 1, 150000),
(145, 134, 48, 1, 150000),
(146, 136, 28, 1, 200000),
(147, 133, 14, 1, 80000),
(148, 133, 62, 1, 350000),
(149, 133, 21, 1, 250000),
(150, 133, 13, 1, 150000),
(151, 133, 51, 3, 200000),
(152, 133, 49, 3, 400000),
(153, 133, 1, 1, 150000),
(154, 133, 2, 1, 60000),
(155, 133, 45, 1, 250000),
(156, 137, 53, 1, 150000),
(157, 137, 15, 1, 80000),
(158, 137, 2, 1, 60000),
(159, 139, 12, 1, 60000),
(160, 139, 1, 1, 150000),
(161, 140, 1, 1, 150000),
(162, 140, 2, 1, 60000),
(163, 140, 48, 1, 150000),
(164, 140, 14, 1, 80000),
(165, 141, 13, 1, 150000),
(166, 144, 2, 1, 60000),
(167, 145, 1, 1, 150000),
(168, 146, 1, 1, 150000),
(169, 147, 53, 1, 150000),
(170, 147, 15, 1, 80000),
(171, 147, 2, 1, 60000),
(172, 59, 53, 1, 150000),
(173, 148, 2, 1, 60000),
(174, 148, 1, 1, 150000),
(175, 148, 62, 1, 350000),
(176, 148, 8, 1, 120000),
(177, 148, 11, 1, 60000),
(178, 175, 8, 1, 120000),
(179, 175, 2, 1, 60000),
(180, 175, 14, 1, 80000),
(181, 171, 1, 1, 150000),
(182, 171, 2, 1, 60000),
(183, 173, 14, 1, 80000),
(184, 173, 52, 1, 150000),
(185, 173, 10, 1, 150000),
(186, 177, 8, 1, 120000),
(187, 176, 52, 1, 150000),
(188, 176, 12, 1, 60000),
(189, 176, 2, 1, 60000),
(190, 176, 8, 1, 120000),
(191, 178, 1, 1, 150000),
(192, 178, 13, 1, 150000),
(193, 178, 20, 1, 150000),
(194, 179, 53, 1, 150000),
(195, 179, 62, 2, 350000),
(196, 179, 20, 2, 150000),
(197, 179, 12, 1, 60000),
(198, 194, 45, 1, 250000),
(199, 194, 40, 1, 200000),
(200, 194, 13, 1, 150000),
(201, 194, 20, 1, 150000),
(202, 194, 14, 1, 80000),
(203, 196, 20, 1, 150000),
(204, 196, 1, 1, 150000),
(205, 196, 12, 1, 60000),
(206, 196, 14, 1, 80000),
(207, 198, 8, 1, 120000),
(208, 198, 48, 1, 150000),
(209, 198, 53, 1, 150000),
(210, 198, 2, 1, 60000),
(211, 200, 2, 1, 60000),
(212, 200, 10, 1, 150000),
(213, 200, 15, 1, 80000),
(214, 200, 14, 1, 80000),
(215, 200, 4, 1, 150000),
(216, 205, 3, 1, 150000),
(217, 205, 13, 1, 150000),
(218, 205, 10, 1, 150000),
(219, 207, 37, 1, 100000),
(220, 207, 32, 1, 40000),
(221, 207, 60, 1, 200000),
(222, 209, 8, 1, 120000),
(223, 211, 12, 1, 60000),
(224, 211, 14, 1, 80000),
(225, 211, 1, 1, 150000),
(226, 211, 62, 1, 350000),
(227, 210, 1, 1, 150000),
(228, 215, 3, 1, 150000),
(229, 215, 2, 1, 60000),
(230, 215, 48, 1, 150000),
(231, 215, 14, 1, 80000),
(232, 214, 1, 1, 150000),
(233, 214, 2, 1, 60000),
(234, 212, 35, 1, 160000),
(235, 217, 52, 1, 150000),
(236, 217, 9, 1, 60000),
(237, 213, 33, 1, 50000),
(238, 216, 1, 1, 150000),
(239, 219, 51, 1, 200000),
(240, 219, 8, 1, 120000),
(241, 220, 37, 1, 100000),
(242, 220, 8, 1, 120000),
(243, 220, 1, 1, 150000),
(244, 220, 13, 1, 150000),
(245, 221, 8, 1, 120000),
(246, 223, 8, 1, 120000),
(247, 223, 37, 1, 100000),
(248, 224, 8, 1, 120000),
(249, 224, 37, 1, 100000),
(250, 233, 2, 1, 60000),
(251, 233, 53, 1, 150000),
(252, 233, 14, 1, 80000),
(253, 233, 41, 1, 150000),
(254, 234, 3, 1, 150000),
(255, 234, 14, 1, 80000),
(256, 235, 1, 1, 150000),
(257, 235, 14, 1, 80000),
(258, 235, 12, 1, 60000),
(259, 236, 1, 1, 150000),
(260, 236, 2, 1, 60000),
(261, 237, 8, 1, 120000),
(262, 237, 24, 1, 250000),
(263, 244, 52, 1, 150000),
(264, 244, 12, 1, 60000),
(265, 244, 8, 1, 120000),
(266, 244, 14, 1, 80000),
(267, 243, 1, 1, 150000),
(268, 243, 62, 1, 350000),
(269, 241, 24, 1, 250000),
(270, 241, 8, 1, 120000),
(271, 241, 6, 1, 150000),
(272, 241, 1, 1, 150000),
(273, 247, 1, 1, 150000),
(274, 250, 15, 1, 80000),
(275, 250, 1, 1, 150000),
(276, 250, 12, 1, 60000),
(277, 249, 15, 1, 80000),
(278, 249, 2, 1, 60000),
(279, 249, 53, 1, 150000),
(280, 261, 28, 1, 200000),
(281, 261, 3, 1, 150000),
(282, 261, 41, 1, 150000),
(283, 274, 48, 1, 150000),
(284, 274, 14, 1, 80000),
(285, 274, 51, 1, 200000),
(286, 275, 8, 1, 120000),
(287, 275, 37, 1, 100000),
(288, 277, 1, 1, 150000),
(289, 283, 48, 1, 150000),
(290, 246, 24, 1, 250000),
(291, 246, 33, 1, 50000),
(292, 292, 33, 1, 50000),
(293, 293, 13, 1, 150000),
(294, 293, 1, 1, 150000),
(295, 294, 8, 1, 120000),
(296, 296, 14, 1, 80000),
(297, 296, 12, 1, 60000),
(298, 296, 1, 1, 150000),
(299, 296, 20, 1, 150000),
(300, 296, 61, 1, 350000),
(301, 296, 41, 1, 150000),
(302, 301, 2, 1, 60000),
(303, 301, 19, 1, 100000),
(304, 300, 2, 1, 60000),
(305, 300, 1, 1, 150000),
(306, 300, 14, 1, 80000),
(307, 302, 1, 2, 150000),
(308, 302, 12, 1, 60000),
(309, 302, 14, 1, 80000),
(310, 303, 65, 1, 300000),
(311, 303, 8, 1, 120000),
(312, 303, 51, 1, 200000),
(313, 303, 14, 1, 80000),
(314, 306, 8, 1, 120000),
(315, 306, 37, 1, 100000),
(316, 306, 32, 1, 40000),
(317, 309, 14, 1, 80000),
(318, 309, 48, 1, 150000),
(319, 309, 12, 1, 60000),
(320, 309, 1, 1, 150000),
(321, 310, 4, 1, 150000),
(322, 310, 1, 1, 150000),
(323, 311, 1, 1, 150000),
(324, 311, 2, 1, 60000),
(325, 311, 37, 1, 100000),
(326, 311, 8, 1, 120000),
(327, 315, 51, 1, 200000),
(328, 320, 65, 1, 300000),
(329, 320, 49, 1, 400000),
(330, 321, 8, 1, 150000),
(331, 321, 37, 1, 100000),
(332, 323, 15, 1, 80000),
(333, 323, 36, 1, 150000),
(334, 326, 15, 1, 80000),
(335, 326, 48, 1, 150000),
(336, 326, 2, 1, 60000),
(337, 327, 53, 1, 150000),
(338, 327, 2, 1, 60000),
(339, 327, 15, 1, 80000),
(340, 327, 59, 1, 150000),
(341, 328, 48, 1, 150000),
(342, 328, 15, 1, 80000),
(343, 329, 33, 1, 50000),
(344, 332, 14, 1, 80000),
(345, 332, 1, 1, 150000),
(346, 332, 2, 1, 60000),
(347, 332, 17, 1, 150000),
(348, 332, 23, 1, 150000),
(349, 333, 4, 1, 150000),
(350, 333, 2, 1, 60000),
(351, 333, 52, 1, 150000),
(352, 333, 14, 1, 80000),
(353, 334, 3, 1, 150000),
(354, 334, 2, 1, 60000),
(355, 338, 14, 1, 80000),
(356, 336, 8, 1, 150000),
(357, 336, 9, 1, 60000),
(358, 339, 51, 1, 200000),
(359, 341, 1, 1, 150000),
(360, 341, 14, 1, 80000),
(361, 341, 41, 1, 150000),
(362, 341, 12, 1, 60000),
(363, 342, 10, 1, 150000),
(364, 342, 8, 1, 150000),
(365, 343, 1, 1, 150000),
(366, 343, 14, 1, 80000),
(367, 343, 41, 1, 150000),
(368, 343, 12, 1, 60000),
(369, 345, 14, 1, 80000),
(370, 345, 13, 1, 150000),
(371, 345, 45, 1, 250000),
(372, 345, 1, 1, 150000),
(373, 346, 14, 1, 80000),
(374, 346, 13, 1, 150000),
(375, 346, 65, 1, 300000),
(376, 346, 1, 1, 150000),
(377, 349, 11, 2, 60000),
(378, 352, 62, 1, 350000),
(379, 352, 1, 1, 150000),
(380, 352, 13, 1, 150000),
(381, 351, 4, 1, 150000),
(382, 351, 14, 1, 80000),
(383, 351, 19, 1, 100000),
(384, 351, 31, 2, 100000),
(385, 354, 8, 1, 150000),
(386, 355, 8, 1, 150000),
(387, 355, 37, 1, 100000),
(388, 355, 6, 1, 150000),
(389, 358, 14, 1, 80000),
(390, 363, 2, 1, 60000),
(391, 363, 3, 1, 150000),
(392, 363, 52, 1, 150000),
(393, 314, 3, 1, 150000),
(394, 361, 52, 1, 150000),
(395, 361, 2, 1, 60000),
(396, 361, 8, 1, 150000),
(397, 361, 14, 1, 80000),
(398, 360, 45, 1, 250000),
(399, 360, 14, 1, 80000),
(400, 360, 1, 1, 150000),
(401, 360, 2, 1, 60000),
(402, 359, 51, 1, 200000),
(403, 359, 65, 1, 300000),
(404, 359, 16, 1, 150000),
(405, 364, 1, 1, 150000),
(406, 364, 62, 1, 350000),
(407, 364, 14, 1, 80000),
(408, 364, 49, 1, 400000),
(409, 365, 1, 1, 150000),
(410, 366, 1, 1, 150000),
(411, 366, 13, 1, 150000),
(412, 366, 45, 1, 250000),
(413, 367, 2, 1, 60000),
(414, 368, 14, 1, 80000),
(415, 368, 12, 1, 60000),
(416, 369, 4, 1, 150000),
(417, 369, 36, 1, 150000),
(418, 370, 8, 1, 150000),
(419, 371, 14, 1, 80000),
(420, 371, 1, 1, 150000),
(421, 372, 36, 1, 150000),
(422, 375, 8, 1, 150000),
(423, 375, 9, 1, 60000),
(424, 375, 2, 1, 60000),
(425, 375, 1, 1, 150000),
(426, 373, 1, 1, 150000),
(427, 373, 2, 1, 60000),
(428, 373, 4, 1, 150000),
(429, 377, 2, 1, 60000),
(430, 377, 3, 1, 150000),
(431, 184, 13, 1, 150000),
(432, 184, 52, 1, 150000),
(433, 184, 62, 1, 350000),
(434, 378, 55, 1, 80000),
(435, 374, 14, 2, 80000),
(436, 374, 52, 1, 150000),
(437, 374, 12, 1, 60000),
(438, 374, 41, 1, 150000),
(439, 374, 2, 1, 60000),
(440, 374, 1, 1, 150000),
(441, 380, 15, 1, 80000),
(442, 380, 14, 1, 80000),
(443, 380, 2, 1, 60000),
(444, 380, 4, 1, 150000),
(445, 380, 52, 1, 150000),
(446, 380, 53, 1, 150000),
(447, 383, 36, 1, 150000),
(448, 382, 4, 1, 150000),
(449, 382, 2, 1, 60000),
(450, 382, 14, 1, 80000),
(451, 385, 53, 1, 150000),
(452, 385, 36, 1, 150000),
(453, 385, 15, 1, 80000),
(454, 385, 66, 1, 150000),
(455, 387, 12, 1, 60000),
(456, 387, 41, 1, 150000),
(457, 386, 14, 2, 80000),
(458, 386, 13, 2, 150000),
(459, 386, 62, 1, 350000),
(460, 386, 36, 1, 150000),
(461, 388, 14, 1, 80000),
(462, 388, 12, 1, 60000),
(463, 388, 9, 1, 60000),
(464, 399, 8, 1, 150000),
(465, 397, 52, 1, 150000),
(466, 397, 2, 1, 60000),
(467, 398, 20, 2, 150000),
(468, 398, 1, 1, 150000),
(469, 398, 13, 1, 150000),
(470, 398, 14, 1, 80000),
(471, 398, 41, 1, 150000),
(472, 394, 13, 1, 150000),
(473, 394, 52, 1, 150000),
(474, 396, 1, 1, 150000),
(475, 396, 14, 1, 80000),
(476, 396, 62, 1, 350000),
(477, 396, 13, 1, 150000),
(478, 396, 40, 1, 200000),
(479, 396, 49, 1, 400000),
(480, 393, 40, 1, 200000),
(481, 393, 49, 1, 400000),
(482, 392, 59, 1, 150000),
(483, 392, 28, 1, 200000),
(484, 392, 41, 1, 150000),
(485, 392, 13, 1, 150000),
(486, 392, 53, 1, 150000),
(487, 400, 8, 1, 150000),
(488, 400, 24, 1, 250000),
(489, 400, 37, 1, 100000),
(490, 408, 10, 1, 150000),
(491, 408, 14, 1, 80000),
(492, 408, 12, 1, 60000),
(493, 408, 1, 1, 150000),
(494, 408, 20, 1, 150000),
(495, 410, 8, 1, 150000),
(496, 411, 14, 1, 80000),
(497, 411, 1, 1, 150000),
(498, 411, 12, 1, 60000),
(499, 420, 67, 1, 350000),
(500, 420, 8, 1, 150000),
(501, 419, 13, 1, 150000),
(502, 419, 14, 1, 80000),
(503, 413, 13, 1, 150000),
(504, 413, 62, 1, 350000),
(505, 415, 37, 1, 100000),
(506, 415, 8, 1, 150000),
(507, 421, 14, 1, 80000),
(508, 421, 1, 1, 150000),
(509, 421, 12, 1, 60000),
(510, 421, 4, 1, 150000),
(511, 423, 1, 1, 150000),
(512, 423, 13, 1, 150000),
(513, 422, 15, 1, 80000),
(514, 422, 52, 1, 150000),
(515, 422, 12, 1, 60000),
(516, 424, 41, 1, 150000),
(517, 424, 12, 1, 60000),
(518, 425, 14, 1, 80000),
(519, 425, 12, 1, 60000),
(520, 425, 1, 1, 150000),
(521, 426, 14, 1, 80000),
(522, 426, 49, 1, 400000),
(523, 426, 20, 1, 150000),
(524, 426, 12, 1, 60000),
(525, 426, 1, 1, 150000),
(526, 427, 3, 1, 150000),
(527, 428, 4, 1, 150000),
(528, 430, 1, 1, 150000),
(529, 430, 13, 1, 150000),
(530, 431, 14, 1, 80000),
(531, 431, 1, 1, 150000),
(532, 431, 12, 1, 60000),
(533, 432, 49, 1, 400000),
(534, 434, 12, 1, 60000),
(535, 434, 1, 1, 150000),
(536, 436, 3, 1, 150000),
(537, 436, 13, 1, 150000),
(538, 437, 2, 1, 60000),
(539, 440, 2, 1, 60000),
(540, 439, 35, 1, 160000),
(541, 439, 32, 1, 40000),
(542, 439, 60, 1, 200000),
(543, 441, 37, 1, 100000),
(544, 441, 8, 1, 150000),
(545, 442, 36, 1, 150000),
(546, 442, 66, 1, 150000),
(547, 442, 53, 1, 150000),
(548, 445, 37, 1, 100000),
(549, 445, 8, 1, 150000),
(550, 447, 36, 1, 150000),
(551, 447, 66, 1, 150000),
(552, 448, 1, 1, 150000),
(553, 449, 14, 1, 80000),
(554, 269, 6, 1, 150000),
(555, 256, 65, 1, 300000),
(556, 256, 62, 1, 350000),
(557, 256, 13, 1, 150000),
(558, 452, 15, 1, 80000),
(559, 452, 2, 1, 60000),
(560, 452, 48, 1, 150000),
(561, 455, 2, 1, 60000),
(562, 455, 8, 1, 150000),
(563, 455, 55, 1, 80000),
(564, 455, 24, 1, 250000),
(565, 457, 14, 1, 80000),
(566, 457, 12, 1, 60000),
(567, 459, 27, 1, 75000),
(568, 459, 14, 1, 80000),
(569, 459, 13, 1, 150000),
(570, 459, 33, 1, 50000),
(571, 459, 45, 1, 250000),
(572, 460, 66, 1, 150000),
(573, 460, 14, 1, 80000),
(574, 462, 66, 1, 150000),
(575, 462, 4, 1, 150000),
(576, 463, 14, 1, 80000),
(577, 463, 12, 1, 60000),
(578, 463, 4, 1, 150000),
(579, 467, 14, 2, 80000),
(580, 467, 12, 1, 60000),
(581, 470, 23, 1, 150000),
(582, 472, 20, 1, 150000),
(583, 471, 12, 1, 60000),
(584, 471, 41, 1, 150000),
(585, 471, 1, 1, 150000),
(586, 473, 12, 2, 60000),
(587, 473, 9, 1, 60000),
(588, 478, 36, 1, 150000),
(589, 477, 1, 1, 150000),
(590, 477, 14, 1, 80000),
(591, 480, 37, 1, 100000),
(592, 480, 8, 1, 150000),
(593, 488, 13, 1, 150000),
(594, 488, 31, 1, 100000),
(595, 488, 14, 1, 80000),
(596, 487, 12, 1, 60000),
(597, 487, 14, 1, 80000),
(598, 487, 48, 1, 150000),
(599, 485, 8, 1, 150000),
(600, 483, 14, 1, 80000),
(601, 483, 41, 1, 150000),
(602, 483, 1, 1, 150000),
(603, 483, 12, 1, 60000),
(604, 482, 24, 1, 250000),
(605, 482, 8, 1, 150000),
(606, 482, 37, 1, 100000),
(607, 240, 45, 3, 250000),
(608, 240, 19, 1, 100000),
(609, 240, 13, 1, 150000),
(610, 251, 35, 1, 160000),
(611, 251, 32, 1, 40000),
(612, 490, 13, 1, 150000),
(613, 491, 13, 2, 150000),
(614, 491, 16, 1, 150000),
(615, 491, 1, 1, 150000),
(616, 492, 66, 1, 150000),
(617, 492, 15, 1, 80000),
(618, 492, 36, 1, 150000),
(619, 245, 13, 2, 150000),
(620, 245, 15, 1, 80000),
(621, 245, 1, 1, 150000),
(622, 232, 14, 1, 80000),
(623, 232, 45, 1, 250000),
(624, 232, 3, 1, 150000),
(625, 232, 10, 1, 150000),
(626, 493, 14, 1, 80000),
(627, 497, 8, 1, 150000),
(628, 498, 41, 1, 150000),
(629, 498, 1, 1, 150000),
(630, 498, 12, 1, 60000),
(631, 498, 14, 1, 80000),
(632, 499, 3, 1, 150000),
(633, 499, 14, 1, 80000),
(634, 499, 12, 1, 60000),
(635, 500, 2, 1, 60000),
(636, 500, 3, 1, 150000),
(637, 260, 2, 1, 60000),
(638, 501, 66, 1, 150000),
(639, 501, 1, 1, 150000),
(640, 504, 13, 1, 150000),
(641, 504, 12, 1, 60000),
(642, 506, 14, 1, 80000),
(643, 506, 1, 1, 150000),
(644, 506, 12, 1, 60000),
(645, 505, 66, 1, 150000),
(646, 505, 14, 1, 80000),
(647, 507, 3, 1, 150000),
(648, 507, 14, 1, 80000),
(649, 510, 51, 1, 200000),
(650, 510, 49, 2, 400000),
(651, 511, 1, 1, 150000),
(652, 511, 13, 1, 150000),
(653, 511, 41, 1, 150000),
(654, 512, 13, 1, 150000),
(655, 512, 52, 1, 150000),
(656, 513, 2, 1, 60000),
(657, 513, 1, 1, 150000),
(658, 513, 14, 1, 80000),
(659, 514, 53, 1, 150000),
(660, 514, 66, 1, 150000),
(661, 514, 15, 1, 80000),
(662, 516, 37, 1, 100000),
(663, 516, 8, 1, 150000),
(664, 517, 41, 1, 150000),
(665, 517, 52, 1, 150000),
(666, 517, 14, 1, 80000),
(667, 518, 13, 1, 150000),
(668, 518, 3, 1, 150000),
(669, 519, 41, 1, 150000),
(670, 519, 1, 1, 150000),
(671, 519, 12, 1, 60000),
(672, 519, 14, 1, 80000),
(673, 522, 36, 1, 150000),
(674, 524, 8, 1, 150000),
(675, 525, 14, 1, 80000),
(676, 525, 12, 1, 60000),
(677, 525, 1, 1, 150000),
(678, 521, 66, 1, 150000),
(679, 523, 52, 1, 150000),
(680, 523, 12, 1, 60000),
(681, 523, 41, 1, 150000),
(682, 526, 1, 1, 150000),
(683, 526, 14, 1, 80000),
(684, 526, 2, 1, 60000),
(685, 527, 32, 2, 40000),
(686, 527, 35, 1, 160000),
(687, 528, 14, 1, 80000),
(688, 528, 52, 1, 150000),
(689, 528, 41, 1, 150000),
(690, 528, 19, 1, 100000),
(691, 529, 1, 1, 150000),
(692, 529, 12, 1, 60000),
(693, 529, 14, 1, 80000),
(694, 531, 35, 1, 160000),
(695, 532, 1, 1, 150000),
(696, 532, 12, 1, 60000),
(697, 533, 49, 1, 400000),
(698, 534, 8, 1, 150000),
(699, 534, 14, 1, 80000),
(700, 534, 32, 1, 40000),
(701, 535, 34, 1, 80000),
(702, 537, 37, 1, 100000),
(703, 537, 8, 1, 150000),
(704, 539, 1, 1, 150000),
(705, 539, 12, 1, 60000),
(706, 539, 14, 1, 80000),
(707, 538, 37, 1, 100000),
(708, 538, 8, 1, 150000),
(709, 541, 1, 1, 150000),
(710, 541, 12, 1, 60000),
(711, 541, 14, 1, 80000),
(712, 450, 13, 1, 150000),
(713, 544, 1, 1, 150000),
(714, 544, 14, 1, 80000),
(715, 544, 12, 1, 60000),
(716, 544, 41, 1, 150000),
(717, 547, 66, 1, 150000),
(718, 547, 53, 1, 150000),
(719, 547, 14, 1, 80000),
(720, 548, 31, 1, 100000),
(721, 549, 8, 1, 150000),
(722, 550, 36, 1, 150000),
(723, 551, 13, 1, 150000),
(724, 552, 35, 1, 160000),
(725, 554, 1, 2, 150000),
(726, 554, 14, 2, 80000),
(727, 554, 52, 1, 150000),
(728, 556, 1, 1, 150000),
(729, 556, 12, 1, 60000),
(730, 557, 15, 1, 80000),
(731, 557, 2, 1, 60000),
(732, 557, 14, 1, 80000),
(733, 557, 31, 1, 100000),
(734, 558, 8, 1, 150000),
(735, 559, 2, 2, 60000),
(736, 562, 13, 1, 150000),
(737, 560, 14, 1, 80000),
(738, 560, 12, 1, 60000),
(739, 560, 53, 1, 150000),
(740, 560, 11, 1, 60000),
(741, 565, 14, 1, 80000),
(742, 565, 12, 1, 60000),
(743, 565, 1, 1, 150000),
(744, 569, 60, 1, 200000),
(745, 569, 34, 1, 80000),
(746, 571, 62, 1, 350000),
(747, 571, 8, 1, 150000),
(748, 571, 13, 1, 150000),
(749, 571, 14, 1, 80000),
(750, 571, 2, 1, 60000),
(751, 572, 15, 1, 80000),
(752, 572, 53, 1, 150000),
(753, 572, 66, 1, 150000),
(754, 579, 49, 1, 400000),
(755, 580, 1, 1, 150000),
(756, 580, 12, 1, 60000),
(757, 581, 28, 1, 200000),
(758, 584, 1, 1, 150000),
(759, 584, 15, 1, 80000),
(760, 584, 66, 1, 150000),
(761, 583, 15, 1, 80000),
(762, 587, 62, 1, 350000),
(763, 587, 14, 1, 80000),
(764, 587, 1, 1, 150000),
(765, 587, 21, 1, 250000),
(766, 585, 2, 1, 60000),
(767, 595, 1, 1, 150000),
(768, 595, 12, 1, 60000),
(769, 596, 1, 1, 150000),
(770, 596, 13, 1, 150000),
(771, 596, 20, 1, 150000),
(772, 597, 14, 1, 80000),
(773, 598, 14, 1, 80000),
(774, 599, 14, 1, 80000),
(775, 599, 13, 1, 150000),
(776, 599, 8, 1, 150000),
(777, 600, 13, 1, 150000),
(778, 600, 3, 1, 150000),
(779, 600, 41, 1, 150000),
(780, 602, 14, 1, 80000),
(781, 602, 53, 1, 150000),
(782, 603, 1, 1, 150000),
(783, 603, 12, 1, 60000),
(784, 604, 14, 1, 80000),
(785, 604, 49, 1, 400000),
(786, 604, 2, 1, 60000),
(787, 604, 3, 1, 150000),
(788, 589, 13, 1, 150000),
(789, 605, 52, 1, 150000),
(790, 605, 14, 1, 80000),
(791, 612, 35, 1, 160000),
(792, 612, 2, 1, 60000),
(793, 592, 2, 1, 60000),
(794, 592, 1, 1, 150000),
(795, 592, 14, 1, 80000),
(796, 610, 15, 1, 80000),
(797, 610, 66, 1, 150000),
(798, 610, 53, 1, 150000),
(799, 610, 36, 1, 150000),
(800, 611, 41, 1, 150000),
(801, 611, 14, 1, 80000),
(802, 615, 65, 1, 300000),
(803, 613, 2, 2, 60000),
(804, 614, 66, 1, 150000),
(805, 614, 53, 1, 150000),
(806, 626, 14, 1, 80000),
(807, 626, 12, 1, 60000),
(808, 626, 1, 1, 150000),
(809, 626, 41, 1, 150000),
(810, 628, 2, 1, 60000),
(811, 628, 52, 1, 150000),
(812, 628, 14, 1, 80000),
(813, 671, 62, 1, 350000),
(814, 671, 1, 1, 150000),
(815, 671, 12, 1, 60000),
(816, 671, 9, 1, 60000),
(817, 675, 1, 1, 150000),
(818, 675, 20, 1, 150000),
(819, 679, 14, 1, 80000),
(820, 679, 53, 1, 150000),
(821, 679, 2, 1, 60000),
(822, 680, 8, 1, 150000),
(823, 680, 37, 1, 100000),
(824, 682, 1, 1, 150000),
(825, 682, 12, 1, 60000),
(826, 682, 14, 1, 80000),
(827, 683, 1, 1, 150000),
(828, 683, 14, 1, 80000),
(829, 684, 68, 1, 150000),
(830, 684, 23, 1, 150000),
(831, 685, 1, 1, 150000),
(832, 685, 13, 1, 150000),
(833, 685, 14, 1, 80000),
(834, 685, 62, 1, 350000),
(835, 686, 14, 1, 80000),
(836, 686, 2, 1, 60000),
(837, 686, 4, 1, 150000),
(838, 687, 4, 1, 150000),
(839, 687, 49, 1, 400000),
(840, 689, 35, 1, 160000),
(841, 689, 14, 1, 80000),
(842, 689, 66, 1, 150000),
(843, 689, 53, 1, 150000),
(844, 690, 66, 1, 150000),
(845, 690, 53, 1, 150000),
(846, 692, 66, 1, 150000),
(847, 696, 52, 1, 150000),
(848, 691, 41, 1, 150000),
(849, 691, 1, 1, 150000),
(850, 691, 12, 1, 60000),
(851, 693, 1, 1, 150000),
(852, 693, 12, 1, 60000),
(853, 693, 69, 1, 200000),
(854, 693, 14, 1, 80000),
(855, 694, 11, 1, 60000),
(856, 694, 14, 1, 80000),
(857, 694, 53, 1, 150000),
(858, 697, 21, 1, 250000),
(859, 701, 37, 1, 100000),
(860, 701, 8, 1, 150000),
(861, 702, 68, 1, 150000),
(862, 704, 1, 1, 150000),
(863, 704, 14, 1, 80000),
(864, 704, 12, 1, 60000),
(865, 704, 41, 1, 150000),
(866, 706, 51, 1, 200000),
(867, 705, 14, 1, 80000),
(868, 705, 1, 1, 150000),
(869, 705, 12, 1, 60000),
(870, 710, 1, 1, 150000),
(871, 710, 21, 1, 250000),
(872, 710, 14, 1, 80000),
(873, 710, 49, 1, 400000),
(874, 712, 14, 1, 80000),
(875, 718, 1, 1, 150000),
(876, 718, 13, 1, 150000),
(877, 718, 14, 1, 80000),
(878, 715, 69, 1, 200000),
(879, 715, 14, 1, 80000),
(880, 717, 1, 1, 150000),
(881, 721, 14, 1, 80000),
(882, 721, 4, 1, 150000),
(883, 725, 14, 1, 80000),
(884, 724, 1, 1, 150000),
(885, 724, 12, 1, 60000),
(886, 724, 14, 1, 80000),
(887, 727, 66, 1, 150000),
(888, 727, 53, 1, 150000),
(889, 727, 14, 1, 80000),
(890, 729, 14, 1, 80000),
(891, 729, 12, 1, 60000),
(892, 729, 53, 1, 150000),
(893, 731, 12, 1, 60000),
(894, 731, 52, 1, 150000),
(895, 732, 1, 1, 150000),
(896, 732, 12, 1, 60000),
(897, 732, 41, 1, 150000),
(898, 732, 14, 1, 80000),
(899, 733, 8, 1, 150000),
(900, 733, 52, 1, 150000),
(901, 733, 12, 1, 60000),
(902, 733, 14, 1, 80000),
(903, 747, 12, 1, 60000),
(904, 747, 4, 1, 150000),
(905, 748, 1, 3, 150000),
(906, 748, 13, 2, 150000),
(907, 748, 62, 2, 350000),
(908, 748, 14, 1, 80000),
(909, 749, 4, 1, 150000),
(910, 749, 66, 1, 150000),
(911, 749, 15, 1, 80000),
(912, 751, 12, 1, 60000),
(913, 751, 1, 1, 150000),
(914, 750, 1, 1, 150000),
(915, 750, 2, 1, 60000),
(916, 750, 14, 1, 80000),
(917, 752, 13, 1, 150000),
(918, 752, 52, 2, 150000),
(919, 753, 13, 2, 150000),
(920, 753, 3, 1, 150000),
(921, 753, 45, 1, 250000),
(922, 754, 4, 1, 65000),
(923, 754, 2, 1, 60000),
(924, 755, 57, 1, 150000),
(925, 756, 8, 1, 150000),
(926, 757, 56, 1, 350000),
(927, 757, 60, 1, 150000),
(928, 761, 37, 1, 100000),
(929, 761, 8, 1, 150000),
(930, 760, 14, 1, 80000),
(931, 760, 1, 1, 150000),
(932, 760, 12, 1, 60000),
(933, 760, 20, 1, 150000),
(934, 758, 4, 1, 65000),
(935, 762, 14, 1, 80000),
(936, 762, 1, 1, 150000),
(937, 764, 13, 1, 150000),
(938, 764, 52, 1, 150000),
(939, 764, 8, 1, 150000),
(940, 764, 19, 1, 100000),
(941, 766, 57, 1, 150000),
(942, 768, 8, 1, 150000),
(943, 769, 8, 1, 150000),
(944, 769, 37, 1, 100000),
(945, 773, 1, 1, 150000),
(946, 772, 8, 1, 150000),
(947, 774, 59, 1, 150000),
(948, 774, 36, 1, 150000),
(949, 771, 52, 1, 150000),
(950, 771, 14, 1, 80000),
(951, 771, 12, 1, 60000),
(952, 775, 66, 1, 150000),
(953, 775, 53, 1, 150000),
(954, 775, 14, 1, 80000),
(955, 776, 14, 1, 80000),
(956, 776, 12, 1, 60000),
(957, 776, 1, 1, 150000),
(958, 778, 49, 1, 400000),
(959, 777, 14, 1, 80000),
(960, 777, 1, 1, 150000),
(961, 777, 12, 1, 60000),
(962, 777, 4, 1, 65000),
(963, 779, 8, 1, 150000),
(964, 779, 1, 1, 150000),
(965, 781, 15, 1, 80000),
(966, 781, 53, 1, 150000),
(967, 781, 2, 1, 60000),
(968, 787, 14, 1, 80000),
(969, 787, 52, 1, 150000),
(970, 787, 12, 1, 60000),
(971, 782, 1, 1, 150000),
(972, 783, 62, 1, 350000),
(973, 783, 2, 1, 60000),
(974, 783, 1, 1, 150000),
(975, 784, 57, 1, 150000),
(976, 785, 13, 1, 150000),
(977, 785, 14, 1, 80000),
(978, 786, 1, 2, 150000),
(979, 786, 14, 2, 80000),
(980, 786, 12, 1, 60000),
(981, 788, 1, 1, 150000),
(982, 788, 13, 1, 150000),
(983, 789, 62, 1, 350000),
(984, 789, 2, 1, 60000),
(985, 789, 1, 1, 150000),
(986, 790, 31, 1, 150000),
(987, 794, 1, 1, 150000),
(988, 794, 12, 1, 60000),
(989, 794, 14, 1, 80000),
(990, 794, 20, 1, 150000),
(991, 797, 11, 1, 60000),
(992, 797, 14, 1, 80000),
(993, 798, 53, 1, 150000),
(994, 798, 66, 1, 150000),
(995, 795, 21, 1, 250000),
(996, 804, 4, 1, 65000),
(997, 804, 53, 1, 150000),
(998, 805, 8, 1, 150000),
(999, 805, 52, 1, 150000),
(1000, 805, 12, 1, 60000),
(1001, 805, 14, 1, 80000),
(1002, 806, 6, 1, 150000),
(1003, 807, 13, 2, 150000),
(1004, 807, 52, 1, 150000),
(1005, 807, 65, 1, 300000),
(1006, 807, 10, 2, 150000),
(1007, 807, 15, 1, 80000),
(1008, 807, 2, 1, 60000),
(1009, 807, 31, 1, 150000),
(1010, 807, 53, 1, 150000),
(1011, 810, 53, 1, 150000),
(1012, 810, 12, 1, 60000),
(1013, 810, 14, 1, 80000),
(1014, 809, 52, 1, 150000),
(1015, 809, 1, 1, 150000),
(1016, 809, 12, 1, 60000),
(1017, 811, 57, 1, 150000),
(1018, 811, 37, 1, 100000),
(1019, 812, 32, 1, 40000),
(1020, 812, 37, 1, 100000),
(1021, 813, 13, 1, 150000),
(1022, 813, 4, 1, 65000),
(1023, 814, 12, 1, 60000),
(1024, 814, 1, 1, 150000),
(1025, 815, 15, 1, 80000),
(1026, 816, 51, 1, 200000),
(1027, 817, 12, 1, 60000),
(1028, 818, 9, 1, 60000),
(1029, 818, 12, 1, 60000),
(1030, 819, 12, 1, 60000),
(1031, 819, 1, 1, 150000),
(1032, 819, 14, 1, 80000),
(1033, 819, 34, 1, 80000),
(1034, 822, 14, 1, 80000),
(1035, 822, 1, 1, 150000),
(1036, 822, 20, 1, 150000),
(1037, 822, 12, 1, 60000),
(1038, 824, 66, 1, 150000),
(1039, 828, 66, 1, 150000),
(1040, 829, 27, 1, 75000),
(1041, 829, 14, 1, 80000),
(1042, 830, 4, 1, 65000),
(1043, 831, 32, 1, 40000),
(1044, 831, 35, 1, 160000),
(1045, 832, 66, 1, 150000),
(1046, 832, 4, 1, 65000),
(1047, 832, 14, 1, 80000),
(1048, 833, 11, 1, 60000),
(1049, 833, 1, 1, 150000),
(1050, 833, 21, 1, 250000),
(1051, 833, 19, 1, 100000),
(1052, 833, 14, 1, 80000),
(1053, 833, 26, 1, 75000),
(1054, 833, 62, 1, 350000),
(1055, 833, 4, 1, 65000),
(1056, 835, 20, 1, 150000),
(1057, 835, 11, 1, 60000),
(1058, 836, 13, 1, 150000),
(1059, 836, 1, 1, 150000),
(1060, 836, 14, 1, 80000),
(1061, 838, 1, 1, 150000),
(1062, 838, 13, 1, 150000),
(1063, 839, 57, 1, 150000),
(1064, 840, 3, 1, 150000),
(1065, 840, 13, 1, 150000),
(1066, 840, 14, 1, 80000),
(1067, 840, 62, 1, 350000),
(1068, 841, 65, 1, 300000),
(1069, 843, 8, 1, 150000),
(1070, 847, 37, 1, 100000),
(1071, 847, 8, 1, 150000),
(1072, 849, 8, 1, 150000),
(1073, 849, 37, 1, 100000),
(1074, 844, 14, 1, 80000),
(1075, 844, 66, 1, 150000),
(1076, 844, 53, 1, 150000),
(1077, 844, 4, 1, 65000),
(1078, 853, 52, 1, 150000),
(1079, 853, 13, 1, 150000),
(1080, 853, 20, 1, 150000),
(1081, 856, 12, 1, 60000),
(1082, 856, 52, 1, 150000),
(1083, 856, 14, 1, 80000),
(1084, 860, 53, 1, 150000),
(1085, 861, 1, 1, 150000),
(1086, 861, 12, 1, 60000),
(1087, 861, 14, 1, 80000),
(1088, 862, 48, 1, 150000),
(1089, 862, 12, 1, 60000),
(1090, 862, 1, 1, 150000),
(1091, 862, 14, 1, 80000),
(1092, 863, 34, 1, 80000),
(1093, 863, 8, 1, 150000),
(1094, 863, 36, 1, 150000),
(1095, 857, 14, 1, 80000),
(1096, 857, 66, 1, 150000),
(1097, 857, 1, 1, 150000),
(1098, 857, 36, 1, 150000),
(1099, 866, 34, 1, 80000),
(1100, 867, 3, 2, 150000),
(1101, 867, 12, 1, 60000),
(1102, 868, 19, 1, 100000),
(1103, 868, 8, 1, 150000),
(1104, 868, 37, 1, 100000),
(1105, 868, 14, 1, 80000),
(1106, 868, 52, 1, 150000),
(1107, 868, 12, 1, 60000),
(1108, 869, 11, 1, 60000),
(1109, 869, 14, 1, 80000),
(1110, 869, 12, 1, 60000),
(1111, 872, 66, 1, 150000),
(1112, 873, 37, 1, 100000),
(1113, 873, 57, 1, 150000),
(1114, 874, 66, 1, 150000),
(1115, 874, 36, 1, 150000),
(1116, 874, 53, 1, 150000),
(1117, 875, 53, 1, 150000),
(1118, 877, 3, 1, 150000),
(1119, 881, 20, 1, 150000),
(1120, 885, 1, 1, 150000),
(1121, 883, 14, 1, 80000),
(1122, 883, 1, 1, 150000),
(1123, 883, 12, 1, 60000),
(1124, 883, 55, 1, 80000),
(1125, 886, 1, 1, 150000),
(1126, 886, 13, 1, 150000),
(1127, 887, 37, 1, 100000),
(1128, 889, 14, 1, 80000),
(1129, 889, 66, 1, 150000),
(1130, 889, 4, 1, 65000),
(1131, 889, 10, 1, 150000),
(1132, 890, 13, 1, 150000),
(1133, 890, 14, 1, 80000),
(1134, 891, 20, 1, 150000),
(1135, 891, 1, 1, 150000),
(1136, 891, 12, 1, 60000),
(1137, 892, 20, 1, 150000),
(1138, 892, 3, 1, 150000),
(1139, 892, 1, 1, 150000),
(1140, 892, 12, 1, 60000),
(1141, 893, 13, 1, 150000),
(1142, 893, 49, 1, 400000),
(1143, 893, 8, 1, 150000),
(1144, 896, 66, 1, 150000),
(1145, 896, 53, 1, 150000),
(1146, 896, 14, 1, 80000),
(1147, 895, 14, 1, 80000),
(1148, 894, 12, 1, 60000),
(1149, 897, 66, 1, 150000),
(1150, 897, 53, 1, 150000),
(1151, 897, 14, 1, 80000),
(1152, 898, 2, 2, 60000),
(1153, 902, 3, 1, 150000),
(1154, 902, 13, 1, 150000),
(1155, 903, 57, 1, 150000),
(1156, 907, 3, 2, 150000),
(1157, 907, 45, 2, 250000),
(1158, 907, 12, 1, 60000),
(1159, 906, 36, 1, 150000),
(1160, 908, 37, 1, 100000),
(1161, 908, 8, 1, 150000),
(1162, 904, 14, 1, 80000),
(1163, 904, 12, 1, 60000),
(1164, 904, 1, 1, 150000),
(1165, 904, 20, 1, 150000),
(1166, 909, 4, 1, 65000),
(1167, 909, 12, 1, 60000),
(1168, 910, 15, 1, 80000),
(1169, 911, 26, 1, 75000),
(1170, 911, 27, 1, 75000),
(1171, 912, 15, 1, 80000),
(1172, 912, 53, 1, 150000),
(1173, 912, 66, 1, 150000),
(1174, 913, 37, 1, 100000),
(1175, 913, 72, 1, 50000),
(1176, 913, 8, 1, 150000),
(1177, 915, 15, 1, 80000),
(1178, 915, 4, 1, 65000),
(1179, 917, 8, 1, 150000),
(1180, 918, 20, 1, 150000),
(1181, 919, 4, 1, 65000),
(1182, 919, 1, 1, 150000),
(1183, 919, 9, 1, 60000),
(1184, 921, 14, 1, 80000),
(1185, 921, 13, 1, 150000),
(1186, 921, 1, 1, 150000),
(1187, 922, 4, 1, 65000),
(1188, 923, 72, 1, 50000),
(1189, 923, 37, 1, 100000),
(1190, 923, 8, 1, 150000),
(1191, 925, 37, 1, 100000),
(1192, 924, 14, 1, 80000),
(1193, 924, 1, 1, 150000),
(1194, 924, 12, 1, 60000),
(1195, 927, 8, 1, 150000),
(1196, 928, 2, 1, 60000),
(1197, 928, 53, 1, 150000),
(1198, 928, 14, 1, 80000),
(1199, 930, 72, 1, 50000),
(1200, 930, 37, 1, 100000),
(1201, 930, 8, 1, 150000),
(1202, 931, 8, 1, 150000),
(1203, 931, 72, 2, 50000),
(1204, 929, 1, 1, 150000),
(1205, 932, 53, 1, 150000),
(1206, 932, 66, 1, 150000),
(1207, 935, 2, 1, 60000),
(1208, 935, 52, 1, 150000),
(1209, 936, 8, 1, 150000),
(1210, 936, 36, 1, 150000),
(1211, 937, 8, 1, 150000),
(1212, 938, 35, 1, 160000),
(1213, 938, 32, 1, 40000),
(1214, 938, 50, 1, 30000),
(1215, 940, 53, 1, 150000),
(1216, 942, 21, 1, 250000),
(1217, 942, 14, 1, 80000),
(1218, 942, 49, 1, 400000),
(1219, 944, 1, 1, 150000),
(1220, 944, 4, 1, 65000),
(1221, 943, 1, 1, 150000),
(1222, 943, 13, 1, 150000),
(1223, 941, 34, 2, 80000),
(1224, 945, 8, 1, 150000),
(1225, 945, 37, 1, 100000),
(1226, 947, 36, 1, 150000),
(1227, 947, 4, 1, 65000),
(1228, 952, 66, 1, 150000),
(1229, 952, 15, 1, 80000),
(1230, 952, 53, 1, 150000),
(1231, 948, 13, 1, 150000),
(1232, 950, 32, 1, 40000),
(1233, 951, 32, 1, 40000),
(1234, 956, 1, 1, 150000),
(1235, 956, 12, 1, 60000),
(1236, 957, 2, 1, 60000),
(1237, 958, 1, 1, 150000),
(1238, 958, 13, 1, 150000),
(1239, 960, 14, 1, 80000),
(1240, 960, 53, 1, 150000),
(1241, 959, 12, 1, 60000),
(1242, 961, 8, 1, 150000),
(1243, 962, 32, 1, 40000),
(1244, 962, 35, 1, 160000),
(1245, 963, 1, 1, 150000),
(1246, 963, 12, 1, 60000),
(1247, 963, 14, 1, 80000),
(1248, 964, 14, 1, 80000),
(1249, 964, 2, 1, 60000),
(1250, 964, 6, 1, 150000),
(1251, 967, 19, 1, 100000),
(1252, 967, 62, 1, 350000),
(1253, 967, 14, 1, 80000),
(1254, 967, 1, 1, 150000),
(1255, 967, 12, 1, 60000),
(1256, 969, 8, 1, 150000),
(1257, 969, 37, 1, 100000),
(1258, 969, 72, 1, 50000),
(1259, 970, 8, 1, 150000),
(1260, 971, 8, 1, 150000),
(1261, 972, 66, 1, 150000),
(1262, 972, 53, 1, 150000),
(1263, 972, 14, 1, 80000),
(1264, 973, 14, 1, 80000),
(1265, 973, 1, 1, 150000),
(1266, 973, 12, 1, 60000),
(1267, 976, 13, 1, 150000),
(1268, 976, 45, 1, 250000),
(1269, 976, 1, 1, 150000),
(1270, 976, 14, 1, 80000),
(1271, 976, 49, 1, 400000),
(1272, 974, 34, 1, 80000),
(1273, 980, 1, 1, 150000),
(1274, 980, 14, 1, 80000),
(1275, 980, 52, 1, 150000),
(1276, 980, 13, 1, 150000),
(1277, 981, 14, 1, 80000),
(1278, 981, 2, 1, 60000),
(1279, 982, 34, 1, 80000),
(1280, 983, 1, 1, 150000),
(1281, 983, 13, 1, 150000),
(1282, 983, 20, 1, 150000),
(1283, 983, 14, 1, 80000),
(1284, 984, 66, 1, 150000),
(1285, 984, 53, 1, 150000),
(1286, 985, 69, 1, 200000),
(1287, 985, 2, 1, 60000),
(1288, 986, 43, 1, 300000),
(1289, 986, 23, 1, 150000),
(1290, 986, 68, 1, 150000),
(1291, 988, 8, 1, 150000),
(1292, 988, 14, 1, 80000),
(1293, 988, 2, 1, 60000),
(1294, 989, 4, 1, 65000),
(1295, 989, 2, 1, 60000),
(1296, 989, 1, 1, 150000),
(1297, 989, 14, 1, 80000),
(1298, 991, 15, 1, 80000),
(1299, 991, 53, 1, 150000),
(1300, 991, 2, 1, 60000),
(1301, 991, 4, 1, 65000),
(1302, 994, 14, 1, 80000),
(1303, 994, 12, 1, 60000),
(1304, 994, 20, 1, 150000),
(1305, 995, 3, 1, 150000),
(1306, 995, 13, 1, 150000),
(1307, 995, 14, 1, 80000),
(1308, 997, 37, 1, 100000),
(1309, 997, 8, 1, 150000),
(1310, 999, 4, 1, 65000),
(1311, 999, 9, 1, 60000),
(1312, 999, 33, 1, 50000),
(1313, 1000, 37, 1, 100000),
(1314, 1000, 72, 1, 50000),
(1315, 1000, 33, 1, 50000),
(1316, 1001, 53, 1, 150000),
(1317, 1003, 1, 1, 150000),
(1318, 1003, 14, 1, 80000),
(1319, 1003, 20, 1, 150000),
(1320, 1003, 12, 1, 60000),
(1321, 1004, 2, 1, 60000),
(1322, 1004, 14, 1, 80000),
(1323, 1004, 11, 1, 60000),
(1324, 1004, 4, 1, 65000),
(1325, 1005, 52, 1, 150000),
(1326, 1005, 15, 1, 80000),
(1327, 1005, 12, 1, 60000),
(1328, 1005, 10, 1, 150000),
(1329, 1006, 66, 1, 150000),
(1330, 1006, 53, 1, 150000),
(1331, 1006, 15, 1, 80000),
(1332, 1006, 36, 1, 150000),
(1333, 1007, 1, 1, 150000),
(1334, 1007, 12, 1, 60000),
(1335, 1009, 14, 1, 80000),
(1336, 1009, 66, 1, 150000),
(1337, 1009, 53, 1, 150000),
(1338, 1011, 14, 1, 80000),
(1339, 1011, 2, 1, 60000),
(1340, 1012, 2, 2, 60000),
(1341, 1010, 49, 1, 400000),
(1342, 1010, 14, 1, 80000),
(1343, 1010, 1, 1, 150000),
(1344, 1010, 13, 1, 150000),
(1345, 1013, 37, 1, 100000),
(1346, 1013, 8, 1, 150000),
(1347, 1014, 35, 1, 160000),
(1348, 1014, 32, 1, 40000),
(1349, 1017, 1, 1, 150000),
(1350, 1017, 12, 1, 60000),
(1351, 1018, 8, 1, 150000),
(1352, 1018, 10, 1, 150000),
(1353, 1019, 1, 1, 150000),
(1354, 1019, 14, 1, 80000),
(1355, 1020, 1, 1, 150000),
(1356, 1020, 2, 1, 60000),
(1357, 1020, 4, 1, 65000),
(1358, 1022, 3, 1, 150000),
(1359, 1022, 52, 1, 150000),
(1360, 1022, 13, 1, 150000),
(1361, 1026, 1, 1, 150000),
(1362, 1026, 2, 1, 60000),
(1363, 1026, 14, 1, 80000),
(1364, 1029, 14, 1, 80000),
(1365, 1029, 3, 1, 150000),
(1366, 1029, 13, 1, 150000),
(1367, 1028, 72, 2, 50000),
(1368, 1027, 1, 1, 150000),
(1369, 1027, 13, 1, 150000),
(1370, 1030, 12, 1, 60000),
(1371, 1030, 52, 1, 150000),
(1372, 1030, 14, 1, 80000),
(1373, 1031, 8, 1, 150000),
(1374, 1032, 14, 1, 80000),
(1375, 1032, 45, 1, 250000),
(1376, 1032, 8, 1, 150000),
(1377, 1033, 66, 1, 150000),
(1378, 1033, 1, 1, 150000),
(1379, 1033, 14, 1, 80000),
(1380, 1034, 72, 1, 50000),
(1381, 1034, 37, 1, 100000),
(1382, 1034, 8, 1, 150000),
(1383, 1036, 1, 2, 150000),
(1384, 1036, 8, 1, 150000),
(1385, 1040, 33, 1, 50000),
(1386, 1041, 13, 2, 150000),
(1387, 1041, 24, 1, 250000),
(1388, 1042, 52, 1, 150000),
(1389, 1043, 1, 1, 150000),
(1390, 1043, 66, 1, 150000),
(1391, 1046, 37, 1, 100000),
(1392, 1046, 8, 1, 150000),
(1393, 1046, 4, 1, 65000),
(1394, 1047, 12, 1, 60000),
(1395, 1051, 4, 1, 65000),
(1396, 1051, 15, 1, 80000),
(1397, 1050, 14, 1, 80000),
(1398, 1050, 2, 1, 60000),
(1399, 1050, 53, 1, 150000),
(1400, 1052, 8, 1, 150000),
(1401, 1052, 24, 1, 250000),
(1402, 1053, 14, 1, 80000),
(1403, 1056, 53, 1, 150000),
(1404, 1056, 4, 1, 65000),
(1405, 1056, 66, 1, 150000),
(1406, 1056, 14, 1, 80000),
(1407, 1058, 14, 1, 80000),
(1408, 1058, 12, 1, 60000),
(1409, 1058, 1, 1, 150000),
(1410, 1062, 14, 1, 80000),
(1411, 1062, 2, 1, 60000),
(1412, 1062, 53, 1, 150000),
(1413, 1064, 1, 1, 150000),
(1414, 1065, 65, 1, 300000),
(1415, 1065, 13, 1, 150000),
(1416, 1066, 62, 1, 350000),
(1417, 1066, 1, 1, 150000),
(1418, 1063, 2, 1, 60000),
(1419, 1063, 33, 1, 50000),
(1420, 1060, 15, 1, 80000),
(1421, 1059, 13, 1, 150000),
(1422, 1059, 52, 1, 150000),
(1423, 1059, 65, 1, 300000),
(1424, 1073, 11, 1, 60000),
(1425, 1074, 15, 1, 80000),
(1426, 1074, 12, 1, 60000),
(1427, 1074, 1, 1, 150000),
(1428, 1074, 20, 1, 150000),
(1429, 1074, 33, 1, 50000),
(1430, 1075, 66, 1, 150000),
(1431, 1075, 53, 1, 150000),
(1432, 1076, 14, 1, 80000),
(1433, 1076, 53, 1, 150000),
(1434, 1077, 1, 1, 150000),
(1435, 1077, 12, 1, 60000),
(1436, 1078, 34, 1, 80000),
(1437, 1078, 2, 1, 60000),
(1438, 1078, 51, 1, 200000),
(1439, 1080, 4, 1, 150000),
(1440, 1080, 66, 1, 150000),
(1441, 1083, 14, 1, 80000),
(1442, 1083, 53, 1, 150000),
(1443, 1083, 2, 1, 60000),
(1444, 1085, 14, 1, 80000),
(1445, 1085, 8, 1, 150000),
(1446, 1085, 2, 1, 60000),
(1447, 1084, 32, 1, 40000),
(1448, 1084, 35, 1, 160000),
(1449, 1086, 1, 1, 150000),
(1450, 1086, 12, 1, 60000),
(1451, 1087, 72, 1, 50000),
(1452, 1088, 12, 1, 60000),
(1453, 1088, 14, 1, 80000),
(1454, 1088, 53, 1, 150000),
(1455, 1089, 52, 1, 150000),
(1456, 1160, 53, 1, 150000),
(1457, 1175, 4, 1, 150000),
(1458, 1175, 53, 1, 150000),
(1459, 1175, 53, 1, 150000),
(1460, 1, 16, 1, 150000),
(1461, 20, 73, 1, 65000),
(1462, 21, 4, 1, 150000);

-- --------------------------------------------------------

--
-- Table structure for table `detail_sisa_stok_obat`
--

CREATE TABLE `detail_sisa_stok_obat` (
  `tgl_transaksi` datetime NOT NULL,
  `id_obat` int(11) NOT NULL,
  `jumlah_sisa` int(11) NOT NULL,
  `id_apotik` int(11) NOT NULL,
  `waktu` bigint(20) NOT NULL,
  `id_detail_sisa_stok_obat` int(11) NOT NULL
) ENGINE=InnoDB DEFAULT CHARSET=latin1;

--
-- Dumping data for table `detail_sisa_stok_obat`
--

INSERT INTO `detail_sisa_stok_obat` (`tgl_transaksi`, `id_obat`, `jumlah_sisa`, `id_apotik`, `waktu`, `id_detail_sisa_stok_obat`) VALUES
('2017-01-01 22:21:53', 1, 3, 1, 0, 1),
('2017-01-01 22:21:53', 2, 4, 1, 0, 2),
('2017-01-01 22:21:53', 3, 4, 1, 0, 3),
('2017-01-01 22:21:53', 4, 0, 1, 0, 4),
('2017-01-01 22:21:53', 5, 6, 1, 0, 5),
('2017-01-01 22:21:53', 6, 4, 1, 0, 6),
('2017-01-01 22:21:53', 7, 0, 1, 0, 7),
('2017-01-01 22:21:53', 8, 7, 1, 0, 8),
('2017-01-01 22:21:53', 9, 4, 1, 0, 9),
('2017-01-01 22:21:53', 10, 8, 1, 0, 10),
('2017-01-01 22:21:53', 11, 4, 1, 0, 11),
('2017-01-01 22:21:53', 12, 6, 1, 0, 12),
('2017-01-01 22:21:53', 13, 5, 1, 0, 13),
('2017-01-01 22:21:53', 14, 8, 1, 0, 14),
('2017-01-01 22:21:53', 15, 6, 1, 0, 15),
('2017-01-01 22:21:53', 16, 5, 1, 0, 16),
('2017-01-01 22:21:53', 17, 5, 1, 0, 17),
('2017-01-01 22:21:53', 18, 2, 1, 0, 18),
('2017-01-01 22:21:53', 19, 5, 1, 0, 19),
('2017-01-01 22:21:53', 20, 6, 1, 0, 20),
('2017-01-01 22:21:53', 21, 9, 1, 0, 21),
('2017-01-01 22:21:53', 22, 4, 1, 0, 22),
('2017-01-01 22:21:53', 23, 8, 1, 0, 23),
('2017-01-01 22:21:53', 24, 5, 1, 0, 24),
('2017-01-01 22:21:53', 25, 17, 1, 0, 25),
('2017-01-01 22:21:53', 26, 0, 1, 0, 26),
('2017-01-01 22:21:53', 27, 9, 1, 0, 27),
('2017-01-01 22:21:53', 28, 6, 1, 0, 28),
('2017-01-01 22:21:53', 29, 11, 1, 0, 29),
('2017-01-01 22:21:53', 30, 9, 1, 0, 30),
('2017-01-01 22:21:53', 31, 11, 1, 0, 31),
('2017-01-01 22:21:53', 32, 25, 1, 0, 32),
('2017-01-01 22:21:53', 33, 29, 1, 0, 33),
('2017-01-01 22:21:53', 34, 14, 1, 0, 34),
('2017-01-01 22:21:53', 35, 13, 1, 0, 35),
('2017-01-01 22:21:53', 36, 3, 1, 0, 36),
('2017-01-01 22:21:53', 37, 4, 1, 0, 37),
('2017-01-01 22:21:53', 38, 13, 1, 0, 38),
('2017-01-01 22:21:53', 39, 0, 1, 0, 39),
('2017-01-01 22:21:53', 40, 0, 1, 0, 40),
('2017-01-01 22:21:53', 41, 0, 1, 0, 41),
('2017-01-01 22:21:53', 42, 0, 1, 0, 42),
('2017-01-01 22:21:53', 43, 4, 1, 0, 43),
('2017-01-01 22:21:53', 44, 4, 1, 0, 44),
('2017-01-01 22:21:53', 45, 0, 1, 0, 45),
('2017-01-01 22:21:53', 46, 0, 1, 0, 46),
('2017-01-01 22:21:53', 47, 5, 1, 0, 47),
('2017-01-02 22:22:12', 1, 3, 2, 0, 48),
('2017-01-02 22:22:12', 2, 4, 2, 0, 49),
('2017-01-02 22:22:12', 3, 4, 2, 0, 50),
('2017-01-02 22:22:12', 4, 9, 2, 0, 51),
('2017-01-02 22:22:12', 5, 6, 2, 0, 52),
('2017-01-02 22:22:12', 6, 4, 2, 0, 53),
('2017-01-02 22:22:12', 7, 0, 2, 0, 54),
('2017-01-02 22:22:12', 8, 7, 2, 0, 55),
('2017-01-02 22:22:12', 9, 4, 2, 0, 56),
('2017-01-02 22:22:12', 10, 8, 2, 0, 57),
('2017-01-02 22:22:12', 11, 4, 2, 0, 58),
('2017-01-02 22:22:12', 12, 5, 2, 0, 59),
('2017-01-02 22:22:12', 13, 4, 2, 0, 60),
('2017-01-02 22:22:12', 14, 7, 2, 0, 61),
('2017-01-02 22:22:12', 15, 6, 2, 0, 62),
('2017-01-02 22:22:12', 16, 5, 2, 0, 63),
('2017-01-02 22:22:12', 17, 5, 2, 0, 64),
('2017-01-02 22:22:12', 18, 2, 2, 0, 65),
('2017-01-02 22:22:12', 19, 5, 2, 0, 66),
('2017-01-02 22:22:12', 20, 6, 2, 0, 67),
('2017-01-02 22:22:12', 21, 9, 2, 0, 68),
('2017-01-02 22:22:12', 22, 4, 2, 0, 69),
('2017-01-02 22:22:12', 23, 8, 2, 0, 70),
('2017-01-02 22:22:12', 24, 5, 2, 0, 71),
('2017-01-02 22:22:12', 25, 17, 2, 0, 72),
('2017-01-02 22:22:12', 26, 0, 2, 0, 73),
('2017-01-02 22:22:12', 27, 9, 2, 0, 74),
('2017-01-02 22:22:12', 28, 6, 2, 0, 75),
('2017-01-02 22:22:12', 29, 11, 2, 0, 76),
('2017-01-02 22:22:12', 30, 9, 2, 0, 77),
('2017-01-02 22:22:12', 31, 11, 2, 0, 78),
('2017-01-02 22:22:12', 32, 25, 2, 0, 79),
('2017-01-02 22:22:12', 33, 29, 2, 0, 80),
('2017-01-02 22:22:12', 34, 14, 2, 0, 81),
('2017-01-02 22:22:12', 35, 13, 2, 0, 82),
('2017-01-02 22:22:12', 36, 3, 2, 0, 83),
('2017-01-02 22:22:12', 37, 4, 2, 0, 84),
('2017-01-02 22:22:12', 38, 13, 2, 0, 85),
('2017-01-02 22:22:12', 39, 6, 2, 0, 86),
('2017-01-02 22:22:12', 40, 0, 2, 0, 87),
('2017-01-02 22:22:12', 41, 0, 2, 0, 88),
('2017-01-02 22:22:12', 42, 0, 2, 0, 89),
('2017-01-02 22:22:12', 43, 4, 2, 0, 90),
('2017-01-02 22:22:12', 44, 4, 2, 0, 91),
('2017-01-02 22:22:12', 45, 0, 2, 0, 92),
('2017-01-02 22:22:12', 46, 0, 2, 0, 93),
('2017-01-02 22:22:12', 47, 0, 2, 0, 94),
('2017-01-03 22:22:36', 1, 7, 3, 0, 95),
('2017-01-03 22:22:36', 2, 3, 3, 0, 96),
('2017-01-03 22:22:36', 3, 2, 3, 0, 97),
('2017-01-03 22:22:36', 4, 7, 3, 0, 98),
('2017-01-03 22:22:36', 5, 6, 3, 0, 99),
('2017-01-03 22:22:36', 6, 2, 3, 0, 100),
('2017-01-03 22:22:36', 7, 0, 3, 0, 101),
('2017-01-03 22:22:36', 8, 6, 3, 0, 102),
('2017-01-03 22:22:36', 9, 4, 3, 0, 103),
('2017-01-03 22:22:36', 10, 8, 3, 0, 104),
('2017-01-03 22:22:36', 11, 4, 3, 0, 105),
('2017-01-03 22:22:36', 12, 9, 3, 0, 106),
('2017-01-03 22:22:36', 13, 4, 3, 0, 107),
('2017-01-03 22:22:36', 14, 8, 3, 0, 108),
('2017-01-03 22:22:36', 15, 5, 3, 0, 109),
('2017-01-03 22:22:36', 16, 5, 3, 0, 110),
('2017-01-03 22:22:36', 17, 5, 3, 0, 111),
('2017-01-03 22:22:36', 18, 2, 3, 0, 112),
('2017-01-03 22:22:36', 19, 5, 3, 0, 113),
('2017-01-03 22:22:36', 20, 5, 3, 0, 114),
('2017-01-03 22:22:36', 21, 9, 3, 0, 115),
('2017-01-03 22:22:36', 22, 4, 3, 0, 116),
('2017-01-03 22:22:36', 23, 8, 3, 0, 117),
('2017-01-03 22:22:36', 24, 5, 3, 0, 118),
('2017-01-03 22:22:36', 25, 17, 3, 0, 119),
('2017-01-03 22:22:36', 26, 5, 3, 0, 120),
('2017-01-03 22:22:36', 27, 9, 3, 0, 121),
('2017-01-03 22:22:36', 28, 6, 3, 0, 122),
('2017-01-03 22:22:36', 29, 11, 3, 0, 123),
('2017-01-03 22:22:36', 30, 9, 3, 0, 124),
('2017-01-03 22:22:36', 31, 10, 3, 0, 125),
('2017-01-03 22:22:36', 32, 25, 3, 0, 126),
('2017-01-03 22:22:36', 33, 29, 3, 0, 127),
('2017-01-03 22:22:36', 34, 14, 3, 0, 128),
('2017-01-03 22:22:36', 35, 13, 3, 0, 129),
('2017-01-03 22:22:36', 36, 13, 3, 0, 130),
('2017-01-03 22:22:36', 37, 14, 3, 0, 131),
('2017-01-03 22:22:36', 38, 13, 3, 0, 132),
('2017-01-03 22:22:36', 39, 0, 3, 0, 133),
('2017-01-03 22:22:36', 40, 0, 3, 0, 134),
('2017-01-03 22:22:36', 41, 0, 3, 0, 135),
('2017-01-03 22:22:36', 42, 0, 3, 0, 136),
('2017-01-03 22:22:36', 43, 4, 3, 0, 137),
('2017-01-03 22:22:36', 44, 4, 3, 0, 138),
('2017-01-03 22:22:36', 45, 0, 3, 0, 139),
('2017-01-03 22:22:36', 46, 5, 3, 0, 140),
('2017-01-03 22:22:36', 47, 0, 3, 0, 141),
('2017-01-04 22:23:00', 1, 2, 4, 0, 142),
('2017-01-04 22:23:00', 2, 6, 4, 0, 143),
('2017-01-04 22:23:00', 3, 1, 4, 0, 144),
('2017-01-04 22:23:00', 4, 5, 4, 0, 145),
('2017-01-04 22:23:00', 5, 6, 4, 0, 146),
('2017-01-04 22:23:00', 6, 5, 4, 0, 147),
('2017-01-04 22:23:00', 7, 6, 4, 0, 148),
('2017-01-04 22:23:00', 8, 6, 4, 0, 149),
('2017-01-04 22:23:00', 9, 4, 4, 0, 150),
('2017-01-04 22:23:00', 10, 8, 4, 0, 151),
('2017-01-04 22:23:00', 11, 4, 4, 0, 152),
('2017-01-04 22:23:00', 12, 6, 4, 0, 153),
('2017-01-04 22:23:00', 13, 8, 4, 0, 154),
('2017-01-04 22:23:00', 14, 1, 4, 0, 155),
('2017-01-04 22:23:00', 15, 4, 4, 0, 156),
('2017-01-04 22:23:00', 16, 5, 4, 0, 157),
('2017-01-04 22:23:00', 17, 5, 4, 0, 158),
('2017-01-04 22:23:00', 18, 2, 4, 0, 159),
('2017-01-04 22:23:00', 19, 4, 4, 0, 160),
('2017-01-04 22:23:00', 20, 5, 4, 0, 161),
('2017-01-04 22:23:00', 21, 7, 4, 0, 162),
('2017-01-04 22:23:00', 22, 4, 4, 0, 163),
('2017-01-04 22:23:00', 23, 8, 4, 0, 164),
('2017-01-04 22:23:00', 24, 5, 4, 0, 165),
('2017-01-04 22:23:00', 25, 17, 4, 0, 166),
('2017-01-04 22:23:00', 26, 5, 4, 0, 167),
('2017-01-04 22:23:00', 27, 9, 4, 0, 168),
('2017-01-04 22:23:00', 28, 5, 4, 0, 169),
('2017-01-04 22:23:00', 29, 10, 4, 0, 170),
('2017-01-04 22:23:00', 30, 9, 4, 0, 171),
('2017-01-04 22:23:00', 31, 10, 4, 0, 172),
('2017-01-04 22:23:00', 32, 24, 4, 0, 173),
('2017-01-04 22:23:00', 33, 29, 4, 0, 174),
('2017-01-04 22:23:00', 34, 14, 4, 0, 175),
('2017-01-04 22:23:00', 35, 13, 4, 0, 176),
('2017-01-04 22:23:00', 36, 13, 4, 0, 177),
('2017-01-04 22:23:00', 37, 14, 4, 0, 178),
('2017-01-04 22:23:00', 38, 13, 4, 0, 179),
('2017-01-04 22:23:00', 39, 4, 4, 0, 180),
('2017-01-04 22:23:00', 40, 0, 4, 0, 181),
('2017-01-04 22:23:00', 41, 0, 4, 0, 182),
('2017-01-04 22:23:00', 42, 0, 4, 0, 183),
('2017-01-04 22:23:00', 43, 4, 4, 0, 184),
('2017-01-04 22:23:00', 44, 4, 4, 0, 185),
('2017-01-04 22:23:00', 45, 0, 4, 0, 186),
('2017-01-04 22:23:00', 46, 0, 4, 0, 187),
('2017-01-04 22:23:00', 47, 6, 4, 0, 188),
('2017-01-05 22:23:28', 1, 3, 5, 0, 189),
('2017-01-05 22:23:28', 2, 5, 5, 0, 190),
('2017-01-05 22:23:28', 3, 1, 5, 0, 191),
('2017-01-05 22:23:28', 4, 1, 5, 0, 192),
('2017-01-05 22:23:28', 5, 6, 5, 0, 193),
('2017-01-05 22:23:28', 6, 5, 5, 0, 194),
('2017-01-05 22:23:28', 7, 6, 5, 0, 195),
('2017-01-05 22:23:28', 8, 4, 5, 0, 196),
('2017-01-05 22:23:28', 9, 4, 5, 0, 197),
('2017-01-05 22:23:28', 10, 7, 5, 0, 198),
('2017-01-05 22:23:28', 11, 8, 5, 0, 199),
('2017-01-05 22:23:28', 12, 4, 5, 0, 200),
('2017-01-05 22:23:28', 13, 8, 5, 0, 201),
('2017-01-05 22:23:28', 14, 4, 5, 0, 202),
('2017-01-05 22:23:28', 15, 2, 5, 0, 203),
('2017-01-05 22:23:28', 16, 5, 5, 0, 204),
('2017-01-05 22:23:28', 17, 5, 5, 0, 205),
('2017-01-05 22:23:28', 18, 2, 5, 0, 206),
('2017-01-05 22:23:28', 19, 4, 5, 0, 207),
('2017-01-05 22:23:28', 20, 5, 5, 0, 208),
('2017-01-05 22:23:28', 21, 7, 5, 0, 209),
('2017-01-05 22:23:28', 22, 4, 5, 0, 210),
('2017-01-05 22:23:28', 23, 8, 5, 0, 211),
('2017-01-05 22:23:28', 24, 5, 5, 0, 212),
('2017-01-05 22:23:28', 25, 17, 5, 0, 213),
('2017-01-05 22:23:28', 26, 4, 5, 0, 214),
('2017-01-05 22:23:28', 27, 8, 5, 0, 215),
('2017-01-05 22:23:28', 28, 5, 5, 0, 216),
('2017-01-05 22:23:28', 29, 10, 5, 0, 217),
('2017-01-05 22:23:28', 30, 8, 5, 0, 218),
('2017-01-05 22:23:28', 31, 10, 5, 0, 219),
('2017-01-05 22:23:28', 32, 24, 5, 0, 220),
('2017-01-05 22:23:28', 33, 29, 5, 0, 221),
('2017-01-05 22:23:28', 34, 13, 5, 0, 222),
('2017-01-05 22:23:28', 35, 12, 5, 0, 223),
('2017-01-05 22:23:28', 36, 13, 5, 0, 224),
('2017-01-05 22:23:28', 37, 14, 5, 0, 225),
('2017-01-05 22:23:28', 38, 13, 5, 0, 226),
('2017-01-05 22:23:28', 39, 4, 5, 0, 227),
('2017-01-05 22:23:28', 40, 0, 5, 0, 228),
('2017-01-05 22:23:28', 41, 0, 5, 0, 229),
('2017-01-05 22:23:28', 42, 0, 5, 0, 230),
('2017-01-05 22:23:28', 43, 4, 5, 0, 231),
('2017-01-05 22:23:28', 44, 4, 5, 0, 232),
('2017-01-05 22:23:28', 45, 0, 5, 0, 233),
('2017-01-05 22:23:28', 46, 0, 5, 0, 234),
('2017-01-05 22:23:28', 47, 6, 5, 0, 235),
('2017-01-06 22:24:09', 1, 7, 6, 0, 236),
('2017-01-06 22:24:09', 2, 5, 6, 0, 237),
('2017-01-06 22:24:09', 3, 6, 6, 0, 238),
('2017-01-06 22:24:09', 4, 6, 6, 0, 239),
('2017-01-06 22:24:09', 5, 6, 6, 0, 240),
('2017-01-06 22:24:09', 6, 5, 6, 0, 241),
('2017-01-06 22:24:09', 7, 6, 6, 0, 242),
('2017-01-06 22:24:09', 8, 7, 6, 0, 243),
('2017-01-06 22:24:09', 9, 4, 6, 0, 244),
('2017-01-06 22:24:09', 10, 7, 6, 0, 245),
('2017-01-06 22:24:09', 11, 8, 6, 0, 246),
('2017-01-06 22:24:09', 12, 8, 6, 0, 247),
('2017-01-06 22:24:09', 13, 7, 6, 0, 248),
('2017-01-06 22:24:09', 14, 9, 6, 0, 249),
('2017-01-06 22:24:09', 15, 6, 6, 0, 250),
('2017-01-06 22:24:09', 16, 5, 6, 0, 251),
('2017-01-06 22:24:09', 17, 5, 6, 0, 252),
('2017-01-06 22:24:09', 18, 2, 6, 0, 253),
('2017-01-06 22:24:09', 19, 4, 6, 0, 254),
('2017-01-06 22:24:09', 20, 5, 6, 0, 255),
('2017-01-06 22:24:09', 21, 7, 6, 0, 256),
('2017-01-06 22:24:09', 22, 4, 6, 0, 257),
('2017-01-06 22:24:09', 23, 8, 6, 0, 258),
('2017-01-06 22:24:09', 24, 4, 6, 0, 259),
('2017-01-06 22:24:09', 25, 17, 6, 0, 260),
('2017-01-06 22:24:09', 26, 4, 6, 0, 261),
('2017-01-06 22:24:09', 27, 8, 6, 0, 262),
('2017-01-06 22:24:09', 28, 5, 6, 0, 263),
('2017-01-06 22:24:09', 29, 10, 6, 0, 264),
('2017-01-06 22:24:09', 30, 7, 6, 0, 265),
('2017-01-06 22:24:09', 31, 10, 6, 0, 266),
('2017-01-06 22:24:09', 32, 24, 6, 0, 267),
('2017-01-06 22:24:09', 33, 29, 6, 0, 268),
('2017-01-06 22:24:09', 34, 13, 6, 0, 269),
('2017-01-06 22:24:09', 35, 12, 6, 0, 270),
('2017-01-06 22:24:09', 36, 13, 6, 0, 271),
('2017-01-06 22:24:09', 37, 14, 6, 0, 272),
('2017-01-06 22:24:09', 38, 13, 6, 0, 273),
('2017-01-06 22:24:09', 39, 4, 6, 0, 274),
('2017-01-06 22:24:09', 40, 0, 6, 0, 275),
('2017-01-06 22:24:09', 41, 0, 6, 0, 276),
('2017-01-06 22:24:09', 42, 0, 6, 0, 277),
('2017-01-06 22:24:09', 43, 4, 6, 0, 278),
('2017-01-06 22:24:09', 44, 4, 6, 0, 279),
('2017-01-06 22:24:09', 45, 0, 6, 0, 280),
('2017-01-06 22:24:09', 46, 0, 6, 0, 281),
('2017-01-06 22:24:09', 47, 6, 6, 0, 282),
('2017-01-09 22:24:35', 1, 3, 7, 0, 283),
('2017-01-09 22:24:35', 2, 4, 7, 0, 284),
('2017-01-09 22:24:35', 3, 6, 7, 0, 285),
('2017-01-09 22:24:35', 4, 6, 7, 0, 286),
('2017-01-09 22:24:35', 5, 6, 7, 0, 287),
('2017-01-09 22:24:35', 6, 5, 7, 0, 288),
('2017-01-09 22:24:35', 7, 6, 7, 0, 289),
('2017-01-09 22:24:35', 8, 7, 7, 0, 290),
('2017-01-09 22:24:35', 9, 4, 7, 0, 291),
('2017-01-09 22:24:35', 10, 7, 7, 0, 292),
('2017-01-09 22:24:35', 11, 8, 7, 0, 293),
('2017-01-09 22:24:35', 12, 5, 7, 0, 294),
('2017-01-09 22:24:35', 13, 7, 7, 0, 295),
('2017-01-09 22:24:35', 14, 6, 7, 0, 296),
('2017-01-09 22:24:35', 15, 3, 7, 0, 297),
('2017-01-09 22:24:35', 16, 5, 7, 0, 298),
('2017-01-09 22:24:35', 17, 5, 7, 0, 299),
('2017-01-09 22:24:35', 18, 2, 7, 0, 300),
('2017-01-09 22:24:35', 19, 4, 7, 0, 301),
('2017-01-09 22:24:35', 20, 5, 7, 0, 302),
('2017-01-09 22:24:35', 21, 6, 7, 0, 303),
('2017-01-09 22:24:35', 22, 4, 7, 0, 304),
('2017-01-09 22:24:35', 23, 7, 7, 0, 305),
('2017-01-09 22:24:35', 24, 4, 7, 0, 306),
('2017-01-09 22:24:35', 25, 17, 7, 0, 307),
('2017-01-09 22:24:35', 26, 4, 7, 0, 308),
('2017-01-09 22:24:35', 27, 8, 7, 0, 309),
('2017-01-09 22:24:35', 28, 5, 7, 0, 310),
('2017-01-09 22:24:35', 29, 7, 7, 0, 311),
('2017-01-09 22:24:35', 30, 6, 7, 0, 312),
('2017-01-09 22:24:35', 31, 8, 7, 0, 313),
('2017-01-09 22:24:35', 32, 24, 7, 0, 314),
('2017-01-09 22:24:35', 33, 29, 7, 0, 315),
('2017-01-09 22:24:35', 34, 13, 7, 0, 316),
('2017-01-09 22:24:35', 35, 11, 7, 0, 317),
('2017-01-09 22:24:35', 36, 13, 7, 0, 318),
('2017-01-09 22:24:35', 37, 14, 7, 0, 319),
('2017-01-09 22:24:35', 38, 13, 7, 0, 320),
('2017-01-09 22:24:35', 39, 4, 7, 0, 321),
('2017-01-09 22:24:35', 40, 0, 7, 0, 322),
('2017-01-09 22:24:35', 41, 0, 7, 0, 323),
('2017-01-09 22:24:35', 42, 0, 7, 0, 324),
('2017-01-09 22:24:35', 43, 3, 7, 0, 325),
('2017-01-09 22:24:35', 44, 4, 7, 0, 326),
('2017-01-09 22:24:35', 45, 0, 7, 0, 327),
('2017-01-09 22:24:35', 46, 0, 7, 0, 328),
('2017-01-09 22:24:35', 47, 6, 7, 0, 329),
('2017-01-10 22:24:57', 1, 7, 8, 0, 330),
('2017-01-10 22:24:57', 2, 4, 8, 0, 331),
('2017-01-10 22:24:57', 3, 5, 8, 0, 332),
('2017-01-10 22:24:57', 4, 6, 8, 0, 333),
('2017-01-10 22:24:57', 5, 6, 8, 0, 334),
('2017-01-10 22:24:57', 6, 5, 8, 0, 335),
('2017-01-10 22:24:57', 7, 6, 8, 0, 336),
('2017-01-10 22:24:57', 8, 6, 8, 0, 337),
('2017-01-10 22:24:57', 9, 4, 8, 0, 338),
('2017-01-10 22:24:57', 10, 7, 8, 0, 339),
('2017-01-10 22:24:57', 11, 8, 8, 0, 340),
('2017-01-10 22:24:57', 12, 9, 8, 0, 341),
('2017-01-10 22:24:57', 13, 7, 8, 0, 342),
('2017-01-10 22:24:57', 14, 6, 8, 0, 343),
('2017-01-10 22:24:57', 15, 7, 8, 0, 344),
('2017-01-10 22:24:57', 16, 5, 8, 0, 345),
('2017-01-10 22:24:57', 17, 5, 8, 0, 346),
('2017-01-10 22:24:57', 18, 2, 8, 0, 347),
('2017-01-10 22:24:57', 19, 4, 8, 0, 348),
('2017-01-10 22:24:57', 20, 5, 8, 0, 349),
('2017-01-10 22:24:57', 21, 6, 8, 0, 350),
('2017-01-10 22:24:57', 22, 4, 8, 0, 351),
('2017-01-10 22:24:57', 23, 7, 8, 0, 352),
('2017-01-10 22:24:57', 24, 3, 8, 0, 353),
('2017-01-10 22:24:57', 25, 17, 8, 0, 354),
('2017-01-10 22:24:57', 26, 4, 8, 0, 355),
('2017-01-10 22:24:57', 27, 8, 8, 0, 356),
('2017-01-10 22:24:57', 28, 5, 8, 0, 357),
('2017-01-10 22:24:57', 29, 7, 8, 0, 358),
('2017-01-10 22:24:57', 30, 6, 8, 0, 359),
('2017-01-10 22:24:57', 31, 8, 8, 0, 360),
('2017-01-10 22:24:57', 32, 24, 8, 0, 361),
('2017-01-10 22:24:57', 33, 29, 8, 0, 362),
('2017-01-10 22:24:57', 34, 13, 8, 0, 363),
('2017-01-10 22:24:57', 35, 11, 8, 0, 364),
('2017-01-10 22:24:57', 36, 13, 8, 0, 365),
('2017-01-10 22:24:57', 37, 14, 8, 0, 366),
('2017-01-10 22:24:57', 38, 13, 8, 0, 367),
('2017-01-10 22:24:57', 39, 3, 8, 0, 368),
('2017-01-10 22:24:57', 40, 0, 8, 0, 369),
('2017-01-10 22:24:57', 41, 0, 8, 0, 370),
('2017-01-10 22:24:57', 42, 0, 8, 0, 371),
('2017-01-10 22:24:57', 43, 3, 8, 0, 372),
('2017-01-10 22:24:57', 44, 4, 8, 0, 373),
('2017-01-10 22:24:57', 45, 0, 8, 0, 374),
('2017-01-10 22:24:57', 46, 0, 8, 0, 375),
('2017-01-10 22:24:57', 47, 6, 8, 0, 376),
('2017-01-11 22:25:26', 1, 5, 9, 0, 377),
('2017-01-11 22:25:26', 2, 9, 9, 0, 378),
('2017-01-11 22:25:26', 3, 10, 9, 0, 379),
('2017-01-11 22:25:26', 4, 5, 9, 0, 380),
('2017-01-11 22:25:26', 5, 6, 9, 0, 381),
('2017-01-11 22:25:26', 6, 5, 9, 0, 382),
('2017-01-11 22:25:26', 7, 6, 9, 0, 383),
('2017-01-11 22:25:26', 8, 5, 9, 0, 384),
('2017-01-11 22:25:26', 9, 4, 9, 0, 385),
('2017-01-11 22:25:26', 10, 7, 9, 0, 386),
('2017-01-11 22:25:26', 11, 8, 9, 0, 387),
('2017-01-11 22:25:26', 12, 7, 9, 0, 388),
('2017-01-11 22:25:26', 13, 7, 9, 0, 389),
('2017-01-11 22:25:26', 14, 4, 9, 0, 390),
('2017-01-11 22:25:26', 15, 6, 9, 0, 391),
('2017-01-11 22:25:26', 16, 5, 9, 0, 392),
('2017-01-11 22:25:26', 17, 5, 9, 0, 393),
('2017-01-11 22:25:26', 18, 2, 9, 0, 394),
('2017-01-11 22:25:26', 19, 4, 9, 0, 395),
('2017-01-11 22:25:26', 20, 5, 9, 0, 396),
('2017-01-11 22:25:26', 21, 6, 9, 0, 397),
('2017-01-11 22:25:26', 22, 4, 9, 0, 398),
('2017-01-11 22:25:26', 23, 7, 9, 0, 399),
('2017-01-11 22:25:26', 24, 7, 9, 0, 400),
('2017-01-11 22:25:26', 25, 17, 9, 0, 401),
('2017-01-11 22:25:26', 26, 4, 9, 0, 402),
('2017-01-11 22:25:26', 27, 8, 9, 0, 403),
('2017-01-11 22:25:26', 28, 5, 9, 0, 404),
('2017-01-11 22:25:26', 29, 7, 9, 0, 405),
('2017-01-11 22:25:26', 30, 6, 9, 0, 406),
('2017-01-11 22:25:26', 31, 8, 9, 0, 407),
('2017-01-11 22:25:26', 32, 24, 9, 0, 408),
('2017-01-11 22:25:26', 33, 29, 9, 0, 409),
('2017-01-11 22:25:26', 34, 13, 9, 0, 410),
('2017-01-11 22:25:26', 35, 11, 9, 0, 411),
('2017-01-11 22:25:26', 36, 13, 9, 0, 412),
('2017-01-11 22:25:26', 37, 14, 9, 0, 413),
('2017-01-11 22:25:26', 38, 13, 9, 0, 414),
('2017-01-11 22:25:26', 39, 3, 9, 0, 415),
('2017-01-11 22:25:26', 40, 0, 9, 0, 416),
('2017-01-11 22:25:26', 41, 0, 9, 0, 417),
('2017-01-11 22:25:26', 42, 0, 9, 0, 418),
('2017-01-11 22:25:26', 43, 3, 9, 0, 419),
('2017-01-11 22:25:26', 44, 4, 9, 0, 420),
('2017-01-11 22:25:26', 45, 0, 9, 0, 421),
('2017-01-11 22:25:26', 46, 0, 9, 0, 422),
('2017-01-11 22:25:26', 47, 5, 9, 0, 423),
('2017-01-12 22:25:55', 1, 6, 10, 0, 424),
('2017-01-12 22:25:55', 2, 9, 10, 0, 425),
('2017-01-12 22:25:55', 3, 9, 10, 0, 426),
('2017-01-12 22:25:55', 4, 8, 10, 0, 427),
('2017-01-12 22:25:55', 5, 4, 10, 0, 428),
('2017-01-12 22:25:55', 6, 3, 10, 0, 429),
('2017-01-12 22:25:55', 7, 6, 10, 0, 430),
('2017-01-12 22:25:55', 8, 4, 10, 0, 431),
('2017-01-12 22:25:55', 9, 4, 10, 0, 432),
('2017-01-12 22:25:55', 10, 6, 10, 0, 433),
('2017-01-12 22:25:55', 11, 8, 10, 0, 434),
('2017-01-12 22:25:55', 12, 5, 10, 0, 435),
('2017-01-12 22:25:55', 13, 5, 10, 0, 436),
('2017-01-12 22:25:55', 14, 2, 10, 0, 437),
('2017-01-12 22:25:55', 15, 4, 10, 0, 438),
('2017-01-12 22:25:55', 16, 5, 10, 0, 439),
('2017-01-12 22:25:55', 17, 4, 10, 0, 440),
('2017-01-12 22:25:55', 18, 2, 10, 0, 441),
('2017-01-12 22:25:55', 19, 3, 10, 0, 442),
('2017-01-12 22:25:55', 20, 5, 10, 0, 443),
('2017-01-12 22:25:55', 21, 5, 10, 0, 444),
('2017-01-12 22:25:55', 22, 4, 10, 0, 445),
('2017-01-12 22:25:55', 23, 7, 10, 0, 446),
('2017-01-12 22:25:55', 24, 7, 10, 0, 447),
('2017-01-12 22:25:55', 25, 17, 10, 0, 448),
('2017-01-12 22:25:55', 26, 3, 10, 0, 449),
('2017-01-12 22:25:55', 27, 7, 10, 0, 450),
('2017-01-12 22:25:55', 28, 4, 10, 0, 451),
('2017-01-12 22:25:55', 29, 7, 10, 0, 452),
('2017-01-12 22:25:55', 30, 5, 10, 0, 453),
('2017-01-12 22:25:55', 31, 8, 10, 0, 454),
('2017-01-12 22:25:55', 32, 24, 10, 0, 455),
('2017-01-12 22:25:55', 33, 29, 10, 0, 456),
('2017-01-12 22:25:55', 34, 13, 10, 0, 457),
('2017-01-12 22:25:55', 35, 11, 10, 0, 458),
('2017-01-12 22:25:55', 36, 13, 10, 0, 459),
('2017-01-12 22:25:55', 37, 14, 10, 0, 460),
('2017-01-12 22:25:55', 38, 13, 10, 0, 461),
('2017-01-12 22:25:55', 39, 2, 10, 0, 462),
('2017-01-12 22:25:55', 40, 0, 10, 0, 463),
('2017-01-12 22:25:55', 41, 0, 10, 0, 464),
('2017-01-12 22:25:55', 42, 0, 10, 0, 465),
('2017-01-12 22:25:55', 43, 3, 10, 0, 466),
('2017-01-12 22:25:55', 44, 4, 10, 0, 467),
('2017-01-12 22:25:55', 45, 0, 10, 0, 468),
('2017-01-12 22:25:55', 46, 0, 10, 0, 469),
('2017-01-12 22:25:55', 47, 5, 10, 0, 470),
('2017-01-13 22:26:19', 1, 6, 11, 0, 471),
('2017-01-13 22:26:19', 2, 9, 11, 0, 472),
('2017-01-13 22:26:19', 3, 9, 11, 0, 473),
('2017-01-13 22:26:19', 4, 6, 11, 0, 474),
('2017-01-13 22:26:19', 5, 4, 11, 0, 475),
('2017-01-13 22:26:19', 6, 3, 11, 0, 476),
('2017-01-13 22:26:19', 7, 6, 11, 0, 477),
('2017-01-13 22:26:19', 8, 9, 11, 0, 478),
('2017-01-13 22:26:19', 9, 4, 11, 0, 479),
('2017-01-13 22:26:19', 10, 6, 11, 0, 480),
('2017-01-13 22:26:19', 11, 8, 11, 0, 481),
('2017-01-13 22:26:19', 12, 10, 11, 0, 482),
('2017-01-13 22:26:19', 13, 5, 11, 0, 483),
('2017-01-13 22:26:19', 14, 7, 11, 0, 484),
('2017-01-13 22:26:19', 15, 2, 11, 0, 485),
('2017-01-13 22:26:19', 16, 5, 11, 0, 486),
('2017-01-13 22:26:19', 17, 9, 11, 0, 487),
('2017-01-13 22:26:19', 18, 2, 11, 0, 488),
('2017-01-13 22:26:19', 19, 3, 11, 0, 489),
('2017-01-13 22:26:19', 20, 5, 11, 0, 490),
('2017-01-13 22:26:19', 21, 5, 11, 0, 491),
('2017-01-13 22:26:19', 22, 4, 11, 0, 492),
('2017-01-13 22:26:19', 23, 7, 11, 0, 493),
('2017-01-13 22:26:19', 24, 7, 11, 0, 494),
('2017-01-13 22:26:19', 25, 17, 11, 0, 495),
('2017-01-13 22:26:19', 26, 3, 11, 0, 496),
('2017-01-13 22:26:19', 27, 7, 11, 0, 497),
('2017-01-13 22:26:19', 28, 4, 11, 0, 498),
('2017-01-13 22:26:19', 29, 7, 11, 0, 499),
('2017-01-13 22:26:19', 30, 9, 11, 0, 500),
('2017-01-13 22:26:19', 31, 8, 11, 0, 501),
('2017-01-13 22:26:19', 32, 24, 11, 0, 502),
('2017-01-13 22:26:19', 33, 29, 11, 0, 503),
('2017-01-13 22:26:19', 34, 13, 11, 0, 504),
('2017-01-13 22:26:19', 35, 10, 11, 0, 505),
('2017-01-13 22:26:19', 36, 13, 11, 0, 506),
('2017-01-13 22:26:19', 37, 14, 11, 0, 507),
('2017-01-13 22:26:19', 38, 13, 11, 0, 508),
('2017-01-13 22:26:19', 39, 2, 11, 0, 509),
('2017-01-13 22:26:19', 40, 0, 11, 0, 510),
('2017-01-13 22:26:19', 41, 0, 11, 0, 511),
('2017-01-13 22:26:19', 42, 0, 11, 0, 512),
('2017-01-13 22:26:19', 43, 3, 11, 0, 513),
('2017-01-13 22:26:19', 44, 4, 11, 0, 514),
('2017-01-13 22:26:19', 45, 0, 11, 0, 515),
('2017-01-13 22:26:19', 46, 0, 11, 0, 516),
('2017-01-13 22:26:19', 47, 5, 11, 0, 517),
('2017-01-14 22:26:42', 1, 3, 12, 0, 518),
('2017-01-14 22:26:42', 2, 7, 12, 0, 519),
('2017-01-14 22:26:42', 3, 7, 12, 0, 520),
('2017-01-14 22:26:42', 4, 6, 12, 0, 521),
('2017-01-14 22:26:42', 5, 4, 12, 0, 522),
('2017-01-14 22:26:42', 6, 3, 12, 0, 523),
('2017-01-14 22:26:42', 7, 6, 12, 0, 524),
('2017-01-14 22:26:42', 8, 8, 12, 0, 525),
('2017-01-14 22:26:42', 9, 2, 12, 0, 526),
('2017-01-14 22:26:42', 10, 5, 12, 0, 527),
('2017-01-14 22:26:42', 11, 7, 12, 0, 528),
('2017-01-14 22:26:42', 12, 7, 12, 0, 529),
('2017-01-14 22:26:42', 13, 3, 12, 0, 530),
('2017-01-14 22:26:42', 14, 5, 12, 0, 531),
('2017-01-14 22:26:42', 15, 0, 12, 0, 532),
('2017-01-14 22:26:42', 16, 5, 12, 0, 533),
('2017-01-14 22:26:42', 17, 9, 12, 0, 534),
('2017-01-14 22:26:42', 18, 2, 12, 0, 535),
('2017-01-14 22:26:42', 19, 3, 12, 0, 536),
('2017-01-14 22:26:42', 20, 5, 12, 0, 537),
('2017-01-14 22:26:42', 21, 4, 12, 0, 538),
('2017-01-14 22:26:42', 22, 4, 12, 0, 539),
('2017-01-14 22:26:42', 23, 7, 12, 0, 540),
('2017-01-14 22:26:42', 24, 7, 12, 0, 541),
('2017-01-14 22:26:42', 25, 17, 12, 0, 542),
('2017-01-14 22:26:42', 26, 3, 12, 0, 543),
('2017-01-14 22:26:42', 27, 7, 12, 0, 544),
('2017-01-14 22:26:42', 28, 4, 12, 0, 545),
('2017-01-14 22:26:42', 29, 7, 12, 0, 546),
('2017-01-14 22:26:42', 30, 9, 12, 0, 547),
('2017-01-14 22:26:42', 31, 8, 12, 0, 548),
('2017-01-14 22:26:42', 32, 24, 12, 0, 549),
('2017-01-14 22:26:42', 33, 29, 12, 0, 550),
('2017-01-14 22:26:42', 34, 13, 12, 0, 551),
('2017-01-14 22:26:42', 35, 9, 12, 0, 552),
('2017-01-14 22:26:42', 36, 13, 12, 0, 553),
('2017-01-14 22:26:42', 37, 14, 12, 0, 554),
('2017-01-14 22:26:42', 38, 13, 12, 0, 555),
('2017-01-14 22:26:42', 39, 2, 12, 0, 556),
('2017-01-14 22:26:42', 40, 0, 12, 0, 557),
('2017-01-14 22:26:42', 41, 0, 12, 0, 558),
('2017-01-14 22:26:42', 42, 0, 12, 0, 559),
('2017-01-14 22:26:42', 43, 3, 12, 0, 560),
('2017-01-14 22:26:42', 44, 4, 12, 0, 561),
('2017-01-14 22:26:42', 45, 0, 12, 0, 562),
('2017-01-14 22:26:42', 46, 0, 12, 0, 563),
('2017-01-14 22:26:42', 47, 5, 12, 0, 564),
('2017-01-16 22:27:03', 1, 5, 13, 0, 565),
('2017-01-16 22:27:03', 2, 7, 13, 0, 566),
('2017-01-16 22:27:03', 3, 6, 13, 0, 567),
('2017-01-16 22:27:03', 4, 5, 13, 0, 568),
('2017-01-16 22:27:03', 5, 7, 13, 0, 569),
('2017-01-16 22:27:03', 6, 2, 13, 0, 570),
('2017-01-16 22:27:03', 7, 6, 13, 0, 571),
('2017-01-16 22:27:03', 8, 7, 13, 0, 572),
('2017-01-16 22:27:03', 9, 7, 13, 0, 573),
('2017-01-16 22:27:03', 10, 9, 13, 0, 574),
('2017-01-16 22:27:03', 11, 7, 13, 0, 575),
('2017-01-16 22:27:03', 12, 6, 13, 0, 576),
('2017-01-16 22:27:03', 13, 8, 13, 0, 577),
('2017-01-16 22:27:03', 14, 5, 13, 0, 578),
('2017-01-16 22:27:03', 15, 4, 13, 0, 579),
('2017-01-16 22:27:03', 16, 7, 13, 0, 580),
('2017-01-16 22:27:03', 17, 8, 13, 0, 581),
('2017-01-16 22:27:03', 18, 2, 13, 0, 582),
('2017-01-16 22:27:03', 19, 1, 13, 0, 583),
('2017-01-16 22:27:03', 20, 9, 13, 0, 584),
('2017-01-16 22:27:03', 21, 9, 13, 0, 585),
('2017-01-16 22:27:03', 22, 4, 13, 0, 586),
('2017-01-16 22:27:03', 23, 7, 13, 0, 587),
('2017-01-16 22:27:03', 24, 6, 13, 0, 588),
('2017-01-16 22:27:03', 25, 17, 13, 0, 589),
('2017-01-16 22:27:03', 26, 3, 13, 0, 590),
('2017-01-16 22:27:03', 27, 7, 13, 0, 591),
('2017-01-16 22:27:03', 28, 2, 13, 0, 592),
('2017-01-16 22:27:03', 29, 7, 13, 0, 593),
('2017-01-16 22:27:03', 30, 9, 13, 0, 594),
('2017-01-16 22:27:03', 31, 8, 13, 0, 595),
('2017-01-16 22:27:03', 32, 24, 13, 0, 596),
('2017-01-16 22:27:03', 33, 29, 13, 0, 597),
('2017-01-16 22:27:03', 34, 13, 13, 0, 598),
('2017-01-16 22:27:03', 35, 8, 13, 0, 599),
('2017-01-16 22:27:03', 36, 12, 13, 0, 600),
('2017-01-16 22:27:03', 37, 14, 13, 0, 601),
('2017-01-16 22:27:03', 38, 13, 13, 0, 602),
('2017-01-16 22:27:03', 39, 2, 13, 0, 603),
('2017-01-16 22:27:03', 40, 0, 13, 0, 604),
('2017-01-16 22:27:03', 41, 2, 13, 0, 605),
('2017-01-16 22:27:03', 42, 0, 13, 0, 606),
('2017-01-16 22:27:03', 43, 3, 13, 0, 607),
('2017-01-16 22:27:03', 44, 4, 13, 0, 608),
('2017-01-16 22:27:03', 45, 0, 13, 0, 609),
('2017-01-16 22:27:03', 46, 0, 13, 0, 610),
('2017-01-16 22:27:03', 47, 4, 13, 0, 611),
('2017-01-17 22:27:27', 1, 5, 14, 0, 612),
('2017-01-17 22:27:27', 2, 7, 14, 0, 613),
('2017-01-17 22:27:27', 3, 6, 14, 0, 614),
('2017-01-17 22:27:27', 4, 5, 14, 0, 615),
('2017-01-17 22:27:27', 5, 7, 14, 0, 616),
('2017-01-17 22:27:27', 6, 2, 14, 0, 617),
('2017-01-17 22:27:27', 7, 6, 14, 0, 618),
('2017-01-17 22:27:27', 8, 7, 14, 0, 619),
('2017-01-17 22:27:27', 9, 7, 14, 0, 620),
('2017-01-17 22:27:27', 10, 9, 14, 0, 621),
('2017-01-17 22:27:27', 11, 7, 14, 0, 622),
('2017-01-17 22:27:27', 12, 6, 14, 0, 623),
('2017-01-17 22:27:27', 13, 8, 14, 0, 624),
('2017-01-17 22:27:27', 14, 5, 14, 0, 625),
('2017-01-17 22:27:27', 15, 4, 14, 0, 626),
('2017-01-17 22:27:27', 16, 7, 14, 0, 627),
('2017-01-17 22:27:27', 17, 7, 14, 0, 628),
('2017-01-17 22:27:27', 18, 2, 14, 0, 629),
('2017-01-17 22:27:27', 19, 0, 14, 0, 630),
('2017-01-17 22:27:27', 20, 9, 14, 0, 631),
('2017-01-17 22:27:27', 21, 9, 14, 0, 632),
('2017-01-17 22:27:27', 22, 4, 14, 0, 633),
('2017-01-17 22:27:27', 23, 7, 14, 0, 634),
('2017-01-17 22:27:27', 24, 6, 14, 0, 635),
('2017-01-17 22:27:27', 25, 17, 14, 0, 636),
('2017-01-17 22:27:27', 26, 3, 14, 0, 637),
('2017-01-17 22:27:27', 27, 6, 14, 0, 638),
('2017-01-17 22:27:27', 28, 2, 14, 0, 639),
('2017-01-17 22:27:27', 29, 7, 14, 0, 640),
('2017-01-17 22:27:27', 30, 9, 14, 0, 641),
('2017-01-17 22:27:27', 31, 8, 14, 0, 642),
('2017-01-17 22:27:27', 32, 23, 14, 0, 643),
('2017-01-17 22:27:27', 33, 29, 14, 0, 644),
('2017-01-17 22:27:27', 34, 13, 14, 0, 645),
('2017-01-17 22:27:27', 35, 8, 14, 0, 646),
('2017-01-17 22:27:27', 36, 12, 14, 0, 647),
('2017-01-17 22:27:27', 37, 14, 14, 0, 648),
('2017-01-17 22:27:27', 38, 13, 14, 0, 649),
('2017-01-17 22:27:27', 39, 2, 14, 0, 650),
('2017-01-17 22:27:27', 40, 0, 14, 0, 651),
('2017-01-17 22:27:27', 41, 2, 14, 0, 652),
('2017-01-17 22:27:27', 42, 0, 14, 0, 653),
('2017-01-17 22:27:27', 43, 3, 14, 0, 654),
('2017-01-17 22:27:27', 44, 4, 14, 0, 655),
('2017-01-17 22:27:27', 45, 0, 14, 0, 656),
('2017-01-17 22:27:27', 46, 0, 14, 0, 657),
('2017-01-17 22:27:27', 47, 4, 14, 0, 658),
('2017-01-18 22:27:50', 1, 10, 15, 0, 659),
('2017-01-18 22:27:50', 2, 7, 15, 0, 660),
('2017-01-18 22:27:50', 3, 3, 15, 0, 661),
('2017-01-18 22:27:50', 4, 10, 15, 0, 662),
('2017-01-18 22:27:50', 5, 7, 15, 0, 663),
('2017-01-18 22:27:50', 6, 2, 15, 0, 664),
('2017-01-18 22:27:50', 7, 6, 15, 0, 665),
('2017-01-18 22:27:50', 8, 6, 15, 0, 666),
('2017-01-18 22:27:50', 9, 7, 15, 0, 667),
('2017-01-18 22:27:50', 10, 8, 15, 0, 668),
('2017-01-18 22:27:50', 11, 7, 15, 0, 669),
('2017-01-18 22:27:50', 12, 6, 15, 0, 670),
('2017-01-18 22:27:50', 13, 7, 15, 0, 671),
('2017-01-18 22:27:50', 14, 9, 15, 0, 672),
('2017-01-18 22:27:50', 15, 8, 15, 0, 673),
('2017-01-18 22:27:50', 16, 7, 15, 0, 674),
('2017-01-18 22:27:50', 17, 7, 15, 0, 675),
('2017-01-18 22:27:50', 18, 2, 15, 0, 676),
('2017-01-18 22:27:50', 19, 0, 15, 0, 677),
('2017-01-18 22:27:50', 20, 9, 15, 0, 678),
('2017-01-18 22:27:50', 21, 9, 15, 0, 679),
('2017-01-18 22:27:50', 22, 4, 15, 0, 680),
('2017-01-18 22:27:50', 23, 7, 15, 0, 681),
('2017-01-18 22:27:50', 24, 6, 15, 0, 682),
('2017-01-18 22:27:50', 25, 17, 15, 0, 683),
('2017-01-18 22:27:50', 26, 8, 15, 0, 684),
('2017-01-18 22:27:50', 27, 6, 15, 0, 685),
('2017-01-18 22:27:50', 28, 2, 15, 0, 686),
('2017-01-18 22:27:50', 29, 7, 15, 0, 687),
('2017-01-18 22:27:50', 30, 9, 15, 0, 688),
('2017-01-18 22:27:50', 31, 8, 15, 0, 689),
('2017-01-18 22:27:50', 32, 23, 15, 0, 690),
('2017-01-18 22:27:50', 33, 29, 15, 0, 691),
('2017-01-18 22:27:50', 34, 13, 15, 0, 692),
('2017-01-18 22:27:50', 35, 8, 15, 0, 693),
('2017-01-18 22:27:50', 36, 12, 15, 0, 694),
('2017-01-18 22:27:50', 37, 14, 15, 0, 695),
('2017-01-18 22:27:50', 38, 13, 15, 0, 696),
('2017-01-18 22:27:50', 39, 2, 15, 0, 697),
('2017-01-18 22:27:50', 40, 4, 15, 0, 698),
('2017-01-18 22:27:50', 41, 6, 15, 0, 699),
('2017-01-18 22:27:50', 42, 5, 15, 0, 700),
('2017-01-18 22:27:50', 43, 3, 15, 0, 701),
('2017-01-18 22:27:50', 44, 4, 15, 0, 702),
('2017-01-18 22:27:50', 45, 5, 15, 0, 703),
('2017-01-18 22:27:50', 46, 0, 15, 0, 704),
('2017-01-18 22:27:50', 47, 4, 15, 0, 705),
('2017-01-19 22:28:14', 1, 9, 16, 0, 706),
('2017-01-19 22:28:14', 2, 7, 16, 0, 707),
('2017-01-19 22:28:14', 3, 6, 16, 0, 708),
('2017-01-19 22:28:14', 4, 9, 16, 0, 709),
('2017-01-19 22:28:14', 5, 7, 16, 0, 710),
('2017-01-19 22:28:14', 6, 1, 16, 0, 711),
('2017-01-19 22:28:14', 7, 6, 16, 0, 712),
('2017-01-19 22:28:14', 8, 6, 16, 0, 713),
('2017-01-19 22:28:14', 9, 7, 16, 0, 714),
('2017-01-19 22:28:14', 10, 8, 16, 0, 715),
('2017-01-19 22:28:14', 11, 7, 16, 0, 716),
('2017-01-19 22:28:14', 12, 4, 16, 0, 717),
('2017-01-19 22:28:14', 13, 7, 16, 0, 718),
('2017-01-19 22:28:14', 14, 4, 16, 0, 719),
('2017-01-19 22:28:14', 15, 8, 16, 0, 720),
('2017-01-19 22:28:14', 16, 7, 16, 0, 721),
('2017-01-19 22:28:14', 17, 7, 16, 0, 722),
('2017-01-19 22:28:14', 18, 2, 16, 0, 723),
('2017-01-19 22:28:14', 19, 0, 16, 0, 724),
('2017-01-19 22:28:14', 20, 9, 16, 0, 725),
('2017-01-19 22:28:14', 21, 9, 16, 0, 726),
('2017-01-19 22:28:14', 22, 4, 16, 0, 727),
('2017-01-19 22:28:14', 23, 7, 16, 0, 728),
('2017-01-19 22:28:14', 24, 6, 16, 0, 729),
('2017-01-19 22:28:14', 25, 17, 16, 0, 730),
('2017-01-19 22:28:14', 26, 8, 16, 0, 731),
('2017-01-19 22:28:14', 27, 6, 16, 0, 732),
('2017-01-19 22:28:14', 28, 2, 16, 0, 733),
('2017-01-19 22:28:14', 29, 7, 16, 0, 734),
('2017-01-19 22:28:14', 30, 8, 16, 0, 735),
('2017-01-19 22:28:14', 31, 8, 16, 0, 736),
('2017-01-19 22:28:14', 32, 23, 16, 0, 737),
('2017-01-19 22:28:14', 33, 29, 16, 0, 738),
('2017-01-19 22:28:14', 34, 13, 16, 0, 739),
('2017-01-19 22:28:14', 35, 8, 16, 0, 740),
('2017-01-19 22:28:14', 36, 12, 16, 0, 741),
('2017-01-19 22:28:14', 37, 14, 16, 0, 742),
('2017-01-19 22:28:14', 38, 13, 16, 0, 743),
('2017-01-19 22:28:14', 39, 2, 16, 0, 744),
('2017-01-19 22:28:14', 40, 5, 16, 0, 745),
('2017-01-19 22:28:14', 41, 6, 16, 0, 746),
('2017-01-19 22:28:14', 42, 5, 16, 0, 747),
('2017-01-19 22:28:14', 43, 3, 16, 0, 748),
('2017-01-19 22:28:14', 44, 4, 16, 0, 749),
('2017-01-19 22:28:14', 45, 5, 16, 0, 750),
('2017-01-19 22:28:14', 46, 0, 16, 0, 751),
('2017-01-19 22:28:14', 47, 4, 16, 0, 752),
('2017-01-20 22:28:44', 1, 5, 17, 0, 753),
('2017-01-20 22:28:44', 2, 6, 17, 0, 754),
('2017-01-20 22:28:44', 3, 6, 17, 0, 755),
('2017-01-20 22:28:44', 4, 9, 17, 0, 756),
('2017-01-20 22:28:44', 5, 7, 17, 0, 757),
('2017-01-20 22:28:44', 6, 1, 17, 0, 758),
('2017-01-20 22:28:44', 7, 6, 17, 0, 759),
('2017-01-20 22:28:44', 8, 5, 17, 0, 760),
('2017-01-20 22:28:44', 9, 7, 17, 0, 761),
('2017-01-20 22:28:44', 10, 8, 17, 0, 762),
('2017-01-20 22:28:44', 11, 7, 17, 0, 763),
('2017-01-20 22:28:44', 12, 5, 17, 0, 764),
('2017-01-20 22:28:44', 13, 6, 17, 0, 765),
('2017-01-20 22:28:44', 14, 6, 17, 0, 766),
('2017-01-20 22:28:44', 15, 8, 17, 0, 767),
('2017-01-20 22:28:44', 16, 7, 17, 0, 768),
('2017-01-20 22:28:44', 17, 6, 17, 0, 769),
('2017-01-20 22:28:44', 18, 2, 17, 0, 770),
('2017-01-20 22:28:44', 19, 0, 17, 0, 771),
('2017-01-20 22:28:44', 20, 9, 17, 0, 772),
('2017-01-20 22:28:44', 21, 9, 17, 0, 773),
('2017-01-20 22:28:44', 22, 3, 17, 0, 774),
('2017-01-20 22:28:44', 23, 7, 17, 0, 775),
('2017-01-20 22:28:44', 24, 6, 17, 0, 776),
('2017-01-20 22:28:44', 25, 17, 17, 0, 777),
('2017-01-20 22:28:44', 26, 8, 17, 0, 778),
('2017-01-20 22:28:44', 27, 6, 17, 0, 779),
('2017-01-20 22:28:44', 28, 1, 17, 0, 780),
('2017-01-20 22:28:44', 29, 7, 17, 0, 781),
('2017-01-20 22:28:44', 30, 8, 17, 0, 782),
('2017-01-20 22:28:44', 31, 8, 17, 0, 783),
('2017-01-20 22:28:44', 32, 23, 17, 0, 784),
('2017-01-20 22:28:44', 33, 29, 17, 0, 785),
('2017-01-20 22:28:44', 34, 13, 17, 0, 786),
('2017-01-20 22:28:44', 35, 8, 17, 0, 787),
('2017-01-20 22:28:44', 36, 12, 17, 0, 788),
('2017-01-20 22:28:44', 37, 14, 17, 0, 789),
('2017-01-20 22:28:44', 38, 13, 17, 0, 790),
('2017-01-20 22:28:44', 39, 2, 17, 0, 791),
('2017-01-20 22:28:44', 40, 5, 17, 0, 792),
('2017-01-20 22:28:44', 41, 0, 17, 0, 793),
('2017-01-20 22:28:44', 42, 4, 17, 0, 794),
('2017-01-20 22:28:44', 43, 3, 17, 0, 795),
('2017-01-20 22:28:44', 44, 4, 17, 0, 796),
('2017-01-20 22:28:44', 45, 5, 17, 0, 797),
('2017-01-20 22:28:44', 46, 0, 17, 0, 798),
('2017-01-20 22:28:44', 47, 4, 17, 0, 799),
('2017-01-23 22:29:11', 1, 5, 18, 0, 800),
('2017-01-23 22:29:11', 2, 6, 18, 0, 801),
('2017-01-23 22:29:11', 3, 5, 18, 0, 802),
('2017-01-23 22:29:11', 4, 9, 18, 0, 803),
('2017-01-23 22:29:11', 5, 7, 18, 0, 804),
('2017-01-23 22:29:11', 6, 6, 18, 0, 805),
('2017-01-23 22:29:11', 7, 6, 18, 0, 806),
('2017-01-23 22:29:11', 8, 9, 18, 0, 807),
('2017-01-23 22:29:11', 9, 7, 18, 0, 808),
('2017-01-23 22:29:11', 10, 8, 18, 0, 809),
('2017-01-23 22:29:11', 11, 5, 18, 0, 810),
('2017-01-23 22:29:11', 12, 8, 18, 0, 811),
('2017-01-23 22:29:11', 13, 7, 18, 0, 812),
('2017-01-23 22:29:11', 14, 9, 18, 0, 813),
('2017-01-23 22:29:11', 15, 8, 18, 0, 814),
('2017-01-23 22:29:11', 16, 6, 18, 0, 815),
('2017-01-23 22:29:11', 17, 6, 18, 0, 816),
('2017-01-23 22:29:11', 18, 2, 18, 0, 817),
('2017-01-23 22:29:11', 19, 0, 18, 0, 818),
('2017-01-23 22:29:11', 20, 9, 18, 0, 819),
('2017-01-23 22:29:11', 21, 8, 18, 0, 820),
('2017-01-23 22:29:11', 22, 2, 18, 0, 821),
('2017-01-23 22:29:11', 23, 7, 18, 0, 822),
('2017-01-23 22:29:11', 24, 4, 18, 0, 823),
('2017-01-23 22:29:11', 25, 17, 18, 0, 824),
('2017-01-23 22:29:11', 26, 8, 18, 0, 825),
('2017-01-23 22:29:11', 27, 6, 18, 0, 826),
('2017-01-23 22:29:11', 28, 0, 18, 0, 827),
('2017-01-23 22:29:11', 29, 7, 18, 0, 828),
('2017-01-23 22:29:11', 30, 8, 18, 0, 829),
('2017-01-23 22:29:11', 31, 8, 18, 0, 830),
('2017-01-23 22:29:11', 32, 23, 18, 0, 831),
('2017-01-23 22:29:11', 33, 28, 18, 0, 832),
('2017-01-23 22:29:11', 34, 12, 18, 0, 833),
('2017-01-23 22:29:11', 35, 7, 18, 0, 834),
('2017-01-23 22:29:11', 36, 11, 18, 0, 835),
('2017-01-23 22:29:11', 37, 14, 18, 0, 836),
('2017-01-23 22:29:11', 38, 13, 18, 0, 837),
('2017-01-23 22:29:11', 39, 2, 18, 0, 838),
('2017-01-23 22:29:11', 40, 4, 18, 0, 839),
('2017-01-23 22:29:11', 41, 6, 18, 0, 840),
('2017-01-23 22:29:11', 42, 4, 18, 0, 841),
('2017-01-23 22:29:11', 43, 3, 18, 0, 842),
('2017-01-23 22:29:11', 44, 4, 18, 0, 843),
('2017-01-23 22:29:11', 45, 5, 18, 0, 844),
('2017-01-23 22:29:11', 46, 0, 18, 0, 845),
('2017-01-23 22:29:11', 47, 4, 18, 0, 846),
('2017-01-24 22:29:31', 1, 8, 19, 0, 847),
('2017-01-24 22:29:31', 2, 2, 19, 0, 848),
('2017-01-24 22:29:31', 3, 6, 19, 0, 849),
('2017-01-24 22:29:31', 4, 7, 19, 0, 850),
('2017-01-24 22:29:31', 5, 7, 19, 0, 851),
('2017-01-24 22:29:31', 6, 6, 19, 0, 852),
('2017-01-24 22:29:31', 7, 6, 19, 0, 853),
('2017-01-24 22:29:31', 8, 6, 19, 0, 854),
('2017-01-24 22:29:31', 9, 7, 19, 0, 855),
('2017-01-24 22:29:31', 10, 7, 19, 0, 856),
('2017-01-24 22:29:31', 11, 10, 19, 0, 857),
('2017-01-24 22:29:31', 12, 5, 19, 0, 858),
('2017-01-24 22:29:31', 13, 6, 19, 0, 859),
('2017-01-24 22:29:31', 14, 7, 19, 0, 860),
('2017-01-24 22:29:31', 15, 7, 19, 0, 861),
('2017-01-24 22:29:31', 16, 6, 19, 0, 862),
('2017-01-24 22:29:31', 17, 6, 19, 0, 863),
('2017-01-24 22:29:31', 18, 2, 19, 0, 864),
('2017-01-24 22:29:31', 19, 5, 19, 0, 865),
('2017-01-24 22:29:31', 20, 6, 19, 0, 866),
('2017-01-24 22:29:31', 21, 7, 19, 0, 867),
('2017-01-24 22:29:31', 22, 2, 19, 0, 868),
('2017-01-24 22:29:31', 23, 7, 19, 0, 869),
('2017-01-24 22:29:31', 24, 4, 19, 0, 870),
('2017-01-24 22:29:31', 25, 17, 19, 0, 871),
('2017-01-24 22:29:31', 26, 8, 19, 0, 872),
('2017-01-24 22:29:31', 27, 6, 19, 0, 873),
('2017-01-24 22:29:31', 28, 0, 19, 0, 874),
('2017-01-24 22:29:31', 29, 7, 19, 0, 875),
('2017-01-24 22:29:31', 30, 8, 19, 0, 876),
('2017-01-24 22:29:31', 31, 8, 19, 0, 877),
('2017-01-24 22:29:31', 32, 23, 19, 0, 878),
('2017-01-24 22:29:31', 33, 27, 19, 0, 879),
('2017-01-24 22:29:31', 34, 12, 19, 0, 880),
('2017-01-24 22:29:31', 35, 13, 19, 0, 881),
('2017-01-24 22:29:31', 36, 11, 19, 0, 882),
('2017-01-24 22:29:31', 37, 14, 19, 0, 883),
('2017-01-24 22:29:31', 38, 13, 19, 0, 884),
('2017-01-24 22:29:31', 39, 2, 19, 0, 885),
('2017-01-24 22:29:31', 40, 9, 19, 0, 886),
('2017-01-24 22:29:31', 41, 1, 19, 0, 887),
('2017-01-24 22:29:31', 42, 3, 19, 0, 888),
('2017-01-24 22:29:31', 43, 3, 19, 0, 889),
('2017-01-24 22:29:31', 44, 4, 19, 0, 890),
('2017-01-24 22:29:31', 45, 0, 19, 0, 891),
('2017-01-24 22:29:31', 46, 0, 19, 0, 892),
('2017-01-24 22:29:31', 47, 3, 19, 0, 893),
('2017-01-25 22:29:52', 1, 8, 20, 0, 894),
('2017-01-25 22:29:52', 2, 6, 20, 0, 895),
('2017-01-25 22:29:52', 3, 8, 20, 0, 896),
('2017-01-25 22:29:52', 4, 4, 20, 0, 897),
('2017-01-25 22:29:52', 5, 7, 20, 0, 898),
('2017-01-25 22:29:52', 6, 5, 20, 0, 899),
('2017-01-25 22:29:52', 7, 6, 20, 0, 900),
('2017-01-25 22:29:52', 8, 6, 20, 0, 901),
('2017-01-25 22:29:52', 9, 7, 20, 0, 902),
('2017-01-25 22:29:52', 10, 7, 20, 0, 903),
('2017-01-25 22:29:52', 11, 10, 20, 0, 904),
('2017-01-25 22:29:52', 12, 9, 20, 0, 905),
('2017-01-25 22:29:52', 13, 6, 20, 0, 906),
('2017-01-25 22:29:52', 14, 4, 20, 0, 907),
('2017-01-25 22:29:52', 15, 8, 20, 0, 908),
('2017-01-25 22:29:52', 16, 6, 20, 0, 909),
('2017-01-25 22:29:52', 17, 6, 20, 0, 910),
('2017-01-25 22:29:52', 18, 2, 20, 0, 911),
('2017-01-25 22:29:52', 19, 5, 20, 0, 912),
('2017-01-25 22:29:52', 20, 6, 20, 0, 913),
('2017-01-25 22:29:52', 21, 7, 20, 0, 914),
('2017-01-25 22:29:52', 22, 2, 20, 0, 915),
('2017-01-25 22:29:52', 23, 7, 20, 0, 916),
('2017-01-25 22:29:52', 24, 4, 20, 0, 917),
('2017-01-25 22:29:52', 25, 16, 20, 0, 918),
('2017-01-25 22:29:52', 26, 8, 20, 0, 919),
('2017-01-25 22:29:52', 27, 5, 20, 0, 920),
('2017-01-25 22:29:52', 28, 0, 20, 0, 921),
('2017-01-25 22:29:52', 29, 6, 20, 0, 922),
('2017-01-25 22:29:52', 30, 8, 20, 0, 923),
('2017-01-25 22:29:52', 31, 8, 20, 0, 924),
('2017-01-25 22:29:52', 32, 23, 20, 0, 925),
('2017-01-25 22:29:52', 33, 27, 20, 0, 926),
('2017-01-25 22:29:52', 34, 12, 20, 0, 927),
('2017-01-25 22:29:52', 35, 13, 20, 0, 928),
('2017-01-25 22:29:52', 36, 11, 20, 0, 929),
('2017-01-25 22:29:52', 37, 14, 20, 0, 930),
('2017-01-25 22:29:52', 38, 13, 20, 0, 931),
('2017-01-25 22:29:52', 39, 2, 20, 0, 932),
('2017-01-25 22:29:52', 40, 8, 20, 0, 933),
('2017-01-25 22:29:52', 41, 5, 20, 0, 934),
('2017-01-25 22:29:52', 42, 8, 20, 0, 935),
('2017-01-25 22:29:52', 43, 3, 20, 0, 936),
('2017-01-25 22:29:52', 44, 4, 20, 0, 937),
('2017-01-25 22:29:52', 45, 0, 20, 0, 938),
('2017-01-25 22:29:52', 46, 0, 20, 0, 939),
('2017-01-25 22:29:52', 47, 3, 20, 0, 940),
('2017-01-26 22:30:15', 1, 8, 21, 0, 941),
('2017-01-26 22:30:15', 2, 6, 21, 0, 942),
('2017-01-26 22:30:15', 3, 6, 21, 0, 943),
('2017-01-26 22:30:15', 4, 9, 21, 0, 944),
('2017-01-26 22:30:15', 5, 7, 21, 0, 945),
('2017-01-26 22:30:15', 6, 10, 21, 0, 946),
('2017-01-26 22:30:15', 7, 6, 21, 0, 947),
('2017-01-26 22:30:15', 8, 4, 21, 0, 948),
('2017-01-26 22:30:15', 9, 7, 21, 0, 949),
('2017-01-26 22:30:15', 10, 6, 21, 0, 950),
('2017-01-26 22:30:15', 11, 9, 21, 0, 951),
('2017-01-26 22:30:15', 12, 7, 21, 0, 952),
('2017-01-26 22:30:15', 13, 6, 21, 0, 953),
('2017-01-26 22:30:15', 14, 7, 21, 0, 954),
('2017-01-26 22:30:15', 15, 7, 21, 0, 955),
('2017-01-26 22:30:15', 16, 4, 21, 0, 956),
('2017-01-26 22:30:15', 17, 6, 21, 0, 957),
('2017-01-26 22:30:15', 18, 2, 21, 0, 958),
('2017-01-26 22:30:15', 19, 5, 21, 0, 959),
('2017-01-26 22:30:15', 20, 6, 21, 0, 960),
('2017-01-26 22:30:15', 21, 7, 21, 0, 961),
('2017-01-26 22:30:15', 22, 2, 21, 0, 962),
('2017-01-26 22:30:15', 23, 7, 21, 0, 963),
('2017-01-26 22:30:15', 24, 3, 21, 0, 964),
('2017-01-26 22:30:15', 25, 16, 21, 0, 965),
('2017-01-26 22:30:15', 26, 8, 21, 0, 966),
('2017-01-26 22:30:15', 27, 10, 21, 0, 967),
('2017-01-26 22:30:15', 28, 4, 21, 0, 968),
('2017-01-26 22:30:15', 29, 6, 21, 0, 969),
('2017-01-26 22:30:15', 30, 7, 21, 0, 970),
('2017-01-26 22:30:15', 31, 8, 21, 0, 971),
('2017-01-26 22:30:15', 32, 23, 21, 0, 972),
('2017-01-26 22:30:15', 33, 27, 21, 0, 973),
('2017-01-26 22:30:15', 34, 12, 21, 0, 974),
('2017-01-26 22:30:15', 35, 13, 21, 0, 975),
('2017-01-26 22:30:15', 36, 11, 21, 0, 976),
('2017-01-26 22:30:15', 37, 14, 21, 0, 977),
('2017-01-26 22:30:15', 38, 13, 21, 0, 978),
('2017-01-26 22:30:15', 39, 2, 21, 0, 979),
('2017-01-26 22:30:15', 40, 8, 21, 0, 980),
('2017-01-26 22:30:15', 41, 10, 21, 0, 981),
('2017-01-26 22:30:15', 42, 8, 21, 0, 982),
('2017-01-26 22:30:15', 43, 3, 21, 0, 983),
('2017-01-26 22:30:15', 44, 4, 21, 0, 984),
('2017-01-26 22:30:15', 45, 0, 21, 0, 985),
('2017-01-26 22:30:15', 46, 0, 21, 0, 986),
('2017-01-26 22:30:15', 47, 3, 21, 0, 987),
('2017-01-27 22:30:38', 1, 5, 22, 0, 988),
('2017-01-27 22:30:38', 2, 5, 22, 0, 989),
('2017-01-27 22:30:38', 3, 6, 22, 0, 990),
('2017-01-27 22:30:38', 4, 9, 22, 0, 991),
('2017-01-27 22:30:38', 5, 7, 22, 0, 992),
('2017-01-27 22:30:38', 6, 10, 22, 0, 993),
('2017-01-27 22:30:38', 7, 6, 22, 0, 994),
('2017-01-27 22:30:38', 8, 3, 22, 0, 995),
('2017-01-27 22:30:38', 9, 7, 22, 0, 996),
('2017-01-27 22:30:38', 10, 6, 22, 0, 997),
('2017-01-27 22:30:38', 11, 9, 22, 0, 998),
('2017-01-27 22:30:38', 12, 6, 22, 0, 999),
('2017-01-27 22:30:38', 13, 6, 22, 0, 1000),
('2017-01-27 22:30:38', 14, 5, 22, 0, 1001),
('2017-01-27 22:30:38', 15, 6, 22, 0, 1002),
('2017-01-27 22:30:38', 16, 2, 22, 0, 1003),
('2017-01-27 22:30:38', 17, 6, 22, 0, 1004),
('2017-01-27 22:30:38', 18, 2, 22, 0, 1005),
('2017-01-27 22:30:38', 19, 4, 22, 0, 1006),
('2017-01-27 22:30:38', 20, 6, 22, 0, 1007),
('2017-01-27 22:30:38', 21, 7, 22, 0, 1008),
('2017-01-27 22:30:38', 22, 2, 22, 0, 1009),
('2017-01-27 22:30:38', 23, 7, 22, 0, 1010),
('2017-01-27 22:30:38', 24, 3, 22, 0, 1011),
('2017-01-27 22:30:38', 25, 16, 22, 0, 1012),
('2017-01-27 22:30:38', 26, 7, 22, 0, 1013),
('2017-01-27 22:30:38', 27, 9, 22, 0, 1014),
('2017-01-27 22:30:38', 28, 4, 22, 0, 1015),
('2017-01-27 22:30:38', 29, 6, 22, 0, 1016),
('2017-01-27 22:30:38', 30, 7, 22, 0, 1017),
('2017-01-27 22:30:38', 31, 8, 22, 0, 1018),
('2017-01-27 22:30:38', 32, 23, 22, 0, 1019),
('2017-01-27 22:30:38', 33, 27, 22, 0, 1020),
('2017-01-27 22:30:38', 34, 12, 22, 0, 1021),
('2017-01-27 22:30:38', 35, 11, 22, 0, 1022),
('2017-01-27 22:30:38', 36, 11, 22, 0, 1023),
('2017-01-27 22:30:38', 37, 13, 22, 0, 1024),
('2017-01-27 22:30:38', 38, 13, 22, 0, 1025),
('2017-01-27 22:30:38', 39, 2, 22, 0, 1026),
('2017-01-27 22:30:38', 40, 8, 22, 0, 1027),
('2017-01-27 22:30:38', 41, 10, 22, 0, 1028),
('2017-01-27 22:30:38', 42, 8, 22, 0, 1029),
('2017-01-27 22:30:38', 43, 3, 22, 0, 1030),
('2017-01-27 22:30:38', 44, 4, 22, 0, 1031),
('2017-01-27 22:30:38', 45, 0, 22, 0, 1032),
('2017-01-27 22:30:38', 46, 0, 22, 0, 1033),
('2017-01-27 22:30:38', 47, 3, 22, 0, 1034),
('2017-01-28 22:31:02', 1, 6, 23, 0, 1035),
('2017-01-28 22:31:02', 2, 5, 23, 0, 1036),
('2017-01-28 22:31:02', 3, 6, 23, 0, 1037),
('2017-01-28 22:31:02', 4, 9, 23, 0, 1038),
('2017-01-28 22:31:02', 5, 7, 23, 0, 1039),
('2017-01-28 22:31:02', 6, 10, 23, 0, 1040),
('2017-01-28 22:31:02', 7, 6, 23, 0, 1041),
('2017-01-28 22:31:02', 8, 3, 23, 0, 1042),
('2017-01-28 22:31:02', 9, 6, 23, 0, 1043),
('2017-01-28 22:31:02', 10, 6, 23, 0, 1044),
('2017-01-28 22:31:02', 11, 9, 23, 0, 1045),
('2017-01-28 22:31:02', 12, 4, 23, 0, 1046),
('2017-01-28 22:31:02', 13, 5, 23, 0, 1047),
('2017-01-28 22:31:02', 14, 7, 23, 0, 1048),
('2017-01-28 22:31:02', 15, 6, 23, 0, 1049),
('2017-01-28 22:31:02', 16, 2, 23, 0, 1050),
('2017-01-28 22:31:02', 17, 5, 23, 0, 1051),
('2017-01-28 22:31:02', 18, 2, 23, 0, 1052),
('2017-01-28 22:31:02', 19, 3, 23, 0, 1053),
('2017-01-28 22:31:02', 20, 4, 23, 0, 1054),
('2017-01-28 22:31:02', 21, 7, 23, 0, 1055),
('2017-01-28 22:31:02', 22, 2, 23, 0, 1056),
('2017-01-28 22:31:02', 23, 7, 23, 0, 1057),
('2017-01-28 22:31:02', 24, 3, 23, 0, 1058),
('2017-01-28 22:31:02', 25, 15, 23, 0, 1059),
('2017-01-28 22:31:02', 26, 7, 23, 0, 1060),
('2017-01-28 22:31:02', 27, 9, 23, 0, 1061),
('2017-01-28 22:31:02', 28, 3, 23, 0, 1062),
('2017-01-28 22:31:02', 29, 6, 23, 0, 1063),
('2017-01-28 22:31:02', 30, 7, 23, 0, 1064),
('2017-01-28 22:31:02', 31, 8, 23, 0, 1065),
('2017-01-28 22:31:02', 32, 23, 23, 0, 1066),
('2017-01-28 22:31:02', 33, 27, 23, 0, 1067),
('2017-01-28 22:31:02', 34, 12, 23, 0, 1068),
('2017-01-28 22:31:02', 35, 11, 23, 0, 1069),
('2017-01-28 22:31:02', 36, 11, 23, 0, 1070),
('2017-01-28 22:31:02', 37, 13, 23, 0, 1071),
('2017-01-28 22:31:02', 38, 13, 23, 0, 1072),
('2017-01-28 22:31:02', 39, 2, 23, 0, 1073),
('2017-01-28 22:31:02', 40, 8, 23, 0, 1074),
('2017-01-28 22:31:02', 41, 7, 23, 0, 1075),
('2017-01-28 22:31:02', 42, 8, 23, 0, 1076),
('2017-01-28 22:31:02', 43, 3, 23, 0, 1077),
('2017-01-28 22:31:02', 44, 4, 23, 0, 1078),
('2017-01-28 22:31:02', 45, 0, 23, 0, 1079),
('2017-01-28 22:31:02', 46, 0, 23, 0, 1080),
('2017-01-28 22:31:02', 47, 3, 23, 0, 1081),
('2017-01-30 22:31:26', 1, 3, 24, 0, 1082),
('2017-01-30 22:31:26', 2, 5, 24, 0, 1083),
('2017-01-30 22:31:26', 3, 4, 24, 0, 1084),
('2017-01-30 22:31:26', 4, 8, 24, 0, 1085),
('2017-01-30 22:31:26', 5, 7, 24, 0, 1086),
('2017-01-30 22:31:26', 6, 10, 24, 0, 1087),
('2017-01-30 22:31:26', 7, 6, 24, 0, 1088),
('2017-01-30 22:31:26', 8, 1, 24, 0, 1089),
('2017-01-30 22:31:26', 9, 6, 24, 0, 1090),
('2017-01-30 22:31:26', 10, 6, 24, 0, 1091),
('2017-01-30 22:31:26', 11, 9, 24, 0, 1092),
('2017-01-30 22:31:26', 12, 2, 24, 0, 1093),
('2017-01-30 22:31:26', 13, 5, 24, 0, 1094),
('2017-01-30 22:31:26', 14, 2, 24, 0, 1095),
('2017-01-30 22:31:26', 15, 6, 24, 0, 1096),
('2017-01-30 22:31:26', 16, 2, 24, 0, 1097),
('2017-01-30 22:31:26', 17, 5, 24, 0, 1098),
('2017-01-30 22:31:26', 18, 2, 24, 0, 1099),
('2017-01-30 22:31:26', 19, 1, 24, 0, 1100),
('2017-01-30 22:31:26', 20, 3, 24, 0, 1101),
('2017-01-30 22:31:26', 21, 7, 24, 0, 1102),
('2017-01-30 22:31:26', 22, 2, 24, 0, 1103),
('2017-01-30 22:31:26', 23, 7, 24, 0, 1104),
('2017-01-30 22:31:26', 24, 2, 24, 0, 1105),
('2017-01-30 22:31:26', 25, 15, 24, 0, 1106),
('2017-01-30 22:31:26', 26, 7, 24, 0, 1107),
('2017-01-30 22:31:26', 27, 9, 24, 0, 1108),
('2017-01-30 22:31:26', 28, 3, 24, 0, 1109),
('2017-01-30 22:31:26', 29, 6, 24, 0, 1110),
('2017-01-30 22:31:26', 30, 6, 24, 0, 1111),
('2017-01-30 22:31:26', 31, 8, 24, 0, 1112),
('2017-01-30 22:31:26', 32, 23, 24, 0, 1113),
('2017-01-30 22:31:26', 33, 27, 24, 0, 1114),
('2017-01-30 22:31:26', 34, 12, 24, 0, 1115),
('2017-01-30 22:31:26', 35, 10, 24, 0, 1116),
('2017-01-30 22:31:26', 36, 11, 24, 0, 1117),
('2017-01-30 22:31:26', 37, 13, 24, 0, 1118),
('2017-01-30 22:31:26', 38, 13, 24, 0, 1119),
('2017-01-30 22:31:26', 39, 2, 24, 0, 1120),
('2017-01-30 22:31:26', 40, 8, 24, 0, 1121),
('2017-01-30 22:31:26', 41, 4, 24, 0, 1122),
('2017-01-30 22:31:26', 42, 7, 24, 0, 1123),
('2017-01-30 22:31:26', 43, 3, 24, 0, 1124),
('2017-01-30 22:31:26', 44, 4, 24, 0, 1125),
('2017-01-30 22:31:26', 45, 0, 24, 0, 1126),
('2017-01-30 22:31:26', 46, 0, 24, 0, 1127),
('2017-01-30 22:31:26', 47, 3, 24, 0, 1128),
('2017-01-31 22:31:48', 1, 9, 25, 0, 1129),
('2017-01-31 22:31:48', 2, 5, 25, 0, 1130),
('2017-01-31 22:31:48', 3, 2, 25, 0, 1131),
('2017-01-31 22:31:48', 4, 8, 25, 0, 1132),
('2017-01-31 22:31:48', 5, 7, 25, 0, 1133),
('2017-01-31 22:31:48', 6, 1, 25, 0, 1134),
('2017-01-31 22:31:48', 7, 6, 25, 0, 1135),
('2017-01-31 22:31:48', 8, 1, 25, 0, 1136),
('2017-01-31 22:31:48', 9, 6, 25, 0, 1137),
('2017-01-31 22:31:48', 10, 6, 25, 0, 1138),
('2017-01-31 22:31:48', 11, 9, 25, 0, 1139),
('2017-01-31 22:31:48', 12, 1, 25, 0, 1140),
('2017-01-31 22:31:48', 13, 4, 25, 0, 1141),
('2017-01-31 22:31:48', 14, 6, 25, 0, 1142),
('2017-01-31 22:31:48', 15, 5, 25, 0, 1143),
('2017-01-31 22:31:48', 16, 1, 25, 0, 1144),
('2017-01-31 22:31:48', 17, 5, 25, 0, 1145),
('2017-01-31 22:31:48', 18, 2, 25, 0, 1146),
('2017-01-31 22:31:48', 19, 1, 25, 0, 1147),
('2017-01-31 22:31:48', 20, 1, 25, 0, 1148),
('2017-01-31 22:31:48', 21, 4, 25, 0, 1149),
('2017-01-31 22:31:48', 22, 2, 25, 0, 1150),
('2017-01-31 22:31:48', 23, 7, 25, 0, 1151),
('2017-01-31 22:31:48', 24, 2, 25, 0, 1152),
('2017-01-31 22:31:48', 25, 15, 25, 0, 1153),
('2017-01-31 22:31:48', 26, 7, 25, 0, 1154),
('2017-01-31 22:31:48', 27, 9, 25, 0, 1155),
('2017-01-31 22:31:48', 28, 3, 25, 0, 1156),
('2017-01-31 22:31:48', 29, 6, 25, 0, 1157),
('2017-01-31 22:31:48', 30, 6, 25, 0, 1158),
('2017-01-31 22:31:48', 31, 8, 25, 0, 1159),
('2017-01-31 22:31:48', 32, 21, 25, 0, 1160),
('2017-01-31 22:31:48', 33, 27, 25, 0, 1161),
('2017-01-31 22:31:48', 34, 12, 25, 0, 1162),
('2017-01-31 22:31:48', 35, 8, 25, 0, 1163),
('2017-01-31 22:31:48', 36, 9, 25, 0, 1164),
('2017-01-31 22:31:48', 37, 13, 25, 0, 1165),
('2017-01-31 22:31:48', 38, 13, 25, 0, 1166),
('2017-01-31 22:31:48', 39, 2, 25, 0, 1167),
('2017-01-31 22:31:48', 40, 7, 25, 0, 1168),
('2017-01-31 22:31:48', 41, 1, 25, 0, 1169),
('2017-01-31 22:31:48', 42, 7, 25, 0, 1170),
('2017-01-31 22:31:48', 43, 3, 25, 0, 1171),
('2017-01-31 22:31:48', 44, 4, 25, 0, 1172),
('2017-01-31 22:31:48', 45, 0, 25, 0, 1173),
('2017-01-31 22:31:48', 46, 0, 25, 0, 1174),
('2017-01-31 22:31:48', 47, 3, 25, 0, 1175),
('2017-02-01 23:33:53', 1, 6, 26, 0, 1176),
('2017-02-01 23:33:53', 2, 5, 26, 0, 1177),
('2017-02-01 23:33:53', 3, 2, 26, 0, 1178),
('2017-02-01 23:33:53', 4, 2, 26, 0, 1179),
('2017-02-01 23:33:53', 5, 7, 26, 0, 1180),
('2017-02-01 23:33:53', 6, 10, 26, 0, 1181),
('2017-02-01 23:33:53', 7, 6, 26, 0, 1182),
('2017-02-01 23:33:53', 8, 3, 26, 0, 1183),
('2017-02-01 23:33:53', 9, 6, 26, 0, 1184),
('2017-02-01 23:33:53', 10, 6, 26, 0, 1185),
('2017-02-01 23:33:53', 11, 9, 26, 0, 1186),
('2017-02-01 23:33:53', 12, 5, 26, 0, 1187),
('2017-02-01 23:33:53', 13, 3, 26, 0, 1188),
('2017-02-01 23:33:53', 14, 2, 26, 0, 1189),
('2017-02-01 23:33:53', 15, 5, 26, 0, 1190),
('2017-02-01 23:33:53', 16, 1, 26, 0, 1191),
('2017-02-01 23:33:53', 17, 5, 26, 0, 1192),
('2017-02-01 23:33:53', 18, 2, 26, 0, 1193),
('2017-02-01 23:33:53', 19, 1, 26, 0, 1194),
('2017-02-01 23:33:53', 20, 1, 26, 0, 1195);
INSERT INTO `detail_sisa_stok_obat` (`tgl_transaksi`, `id_obat`, `jumlah_sisa`, `id_apotik`, `waktu`, `id_detail_sisa_stok_obat`) VALUES
('2017-02-01 23:33:53', 21, 4, 26, 0, 1196),
('2017-02-01 23:33:53', 22, 2, 26, 0, 1197),
('2017-02-01 23:33:53', 23, 7, 26, 0, 1198),
('2017-02-01 23:33:53', 24, 2, 26, 0, 1199),
('2017-02-01 23:33:53', 25, 15, 26, 0, 1200),
('2017-02-01 23:33:53', 26, 7, 26, 0, 1201),
('2017-02-01 23:33:53', 27, 8, 26, 0, 1202),
('2017-02-01 23:33:53', 28, 3, 26, 0, 1203),
('2017-02-01 23:33:53', 29, 6, 26, 0, 1204),
('2017-02-01 23:33:53', 30, 6, 26, 0, 1205),
('2017-02-01 23:33:53', 31, 2, 26, 0, 1206),
('2017-02-01 23:33:53', 32, 21, 26, 0, 1207),
('2017-02-01 23:33:53', 33, 27, 26, 0, 1208),
('2017-02-01 23:33:53', 34, 12, 26, 0, 1209),
('2017-02-01 23:33:53', 35, 8, 26, 0, 1210),
('2017-02-01 23:33:53', 36, 9, 26, 0, 1211),
('2017-02-01 23:33:53', 37, 13, 26, 0, 1212),
('2017-02-01 23:33:53', 38, 13, 26, 0, 1213),
('2017-02-01 23:33:53', 39, 2, 26, 0, 1214),
('2017-02-01 23:33:53', 40, 7, 26, 0, 1215),
('2017-02-01 23:33:53', 41, 5, 26, 0, 1216),
('2017-02-01 23:33:53', 42, 7, 26, 0, 1217),
('2017-02-01 23:33:53', 43, 3, 26, 0, 1218),
('2017-02-01 23:33:53', 44, 4, 26, 0, 1219),
('2017-02-01 23:33:53', 45, 0, 26, 0, 1220),
('2017-02-01 23:33:53', 46, 0, 26, 0, 1221),
('2017-02-01 23:33:53', 47, 3, 26, 0, 1222),
('2017-02-02 23:34:09', 1, 4, 27, 0, 1223),
('2017-02-02 23:34:09', 2, 4, 27, 0, 1224),
('2017-02-02 23:34:09', 3, 4, 27, 0, 1225),
('2017-02-02 23:34:09', 4, 4, 27, 0, 1226),
('2017-02-02 23:34:09', 5, 7, 27, 0, 1227),
('2017-02-02 23:34:09', 6, 10, 27, 0, 1228),
('2017-02-02 23:34:09', 7, 6, 27, 0, 1229),
('2017-02-02 23:34:09', 8, 7, 27, 0, 1230),
('2017-02-02 23:34:09', 9, 6, 27, 0, 1231),
('2017-02-02 23:34:09', 10, 6, 27, 0, 1232),
('2017-02-02 23:34:09', 11, 8, 27, 0, 1233),
('2017-02-02 23:34:09', 12, 3, 27, 0, 1234),
('2017-02-02 23:34:09', 13, 7, 27, 0, 1235),
('2017-02-02 23:34:09', 14, 5, 27, 0, 1236),
('2017-02-02 23:34:09', 15, 6, 27, 0, 1237),
('2017-02-02 23:34:09', 16, 1, 27, 0, 1238),
('2017-02-02 23:34:09', 17, 5, 27, 0, 1239),
('2017-02-02 23:34:09', 18, 2, 27, 0, 1240),
('2017-02-02 23:34:09', 19, 1, 27, 0, 1241),
('2017-02-02 23:34:09', 20, 0, 27, 0, 1242),
('2017-02-02 23:34:09', 21, 4, 27, 0, 1243),
('2017-02-02 23:34:09', 22, 2, 27, 0, 1244),
('2017-02-02 23:34:09', 23, 7, 27, 0, 1245),
('2017-02-02 23:34:09', 24, 1, 27, 0, 1246),
('2017-02-02 23:34:09', 25, 15, 27, 0, 1247),
('2017-02-02 23:34:09', 26, 7, 27, 0, 1248),
('2017-02-02 23:34:09', 27, 7, 27, 0, 1249),
('2017-02-02 23:34:09', 28, 3, 27, 0, 1250),
('2017-02-02 23:34:09', 29, 6, 27, 0, 1251),
('2017-02-02 23:34:09', 30, 4, 27, 0, 1252),
('2017-02-02 23:34:09', 31, 2, 27, 0, 1253),
('2017-02-02 23:34:09', 32, 21, 27, 0, 1254),
('2017-02-02 23:34:09', 33, 27, 27, 0, 1255),
('2017-02-02 23:34:09', 34, 12, 27, 0, 1256),
('2017-02-02 23:34:09', 35, 8, 27, 0, 1257),
('2017-02-02 23:34:09', 36, 9, 27, 0, 1258),
('2017-02-02 23:34:09', 37, 13, 27, 0, 1259),
('2017-02-02 23:34:09', 38, 13, 27, 0, 1260),
('2017-02-02 23:34:09', 39, 2, 27, 0, 1261),
('2017-02-02 23:34:09', 40, 6, 27, 0, 1262),
('2017-02-02 23:34:09', 41, 3, 27, 0, 1263),
('2017-02-02 23:34:09', 42, 7, 27, 0, 1264),
('2017-02-02 23:34:09', 43, 3, 27, 0, 1265),
('2017-02-02 23:34:09', 44, 4, 27, 0, 1266),
('2017-02-02 23:34:09', 45, 0, 27, 0, 1267),
('2017-02-02 23:34:09', 46, 0, 27, 0, 1268),
('2017-02-02 23:34:09', 47, 3, 27, 0, 1269),
('2017-02-03 23:34:26', 1, 2, 28, 0, 1270),
('2017-02-03 23:34:26', 2, 3, 28, 0, 1271),
('2017-02-03 23:34:26', 3, 3, 28, 0, 1272),
('2017-02-03 23:34:26', 4, 4, 28, 0, 1273),
('2017-02-03 23:34:26', 5, 7, 28, 0, 1274),
('2017-02-03 23:34:26', 6, 10, 28, 0, 1275),
('2017-02-03 23:34:26', 7, 6, 28, 0, 1276),
('2017-02-03 23:34:26', 8, 7, 28, 0, 1277),
('2017-02-03 23:34:26', 9, 5, 28, 0, 1278),
('2017-02-03 23:34:26', 10, 6, 28, 0, 1279),
('2017-02-03 23:34:26', 11, 5, 28, 0, 1280),
('2017-02-03 23:34:26', 12, 1, 28, 0, 1281),
('2017-02-03 23:34:26', 13, 2, 28, 0, 1282),
('2017-02-03 23:34:26', 14, 1, 28, 0, 1283),
('2017-02-03 23:34:26', 15, 5, 28, 0, 1284),
('2017-02-03 23:34:26', 16, 1, 28, 0, 1285),
('2017-02-03 23:34:26', 17, 5, 28, 0, 1286),
('2017-02-03 23:34:26', 18, 2, 28, 0, 1287),
('2017-02-03 23:34:26', 19, 1, 28, 0, 1288),
('2017-02-03 23:34:26', 20, 2, 28, 0, 1289),
('2017-02-03 23:34:26', 21, 4, 28, 0, 1290),
('2017-02-03 23:34:26', 22, 2, 28, 0, 1291),
('2017-02-03 23:34:26', 23, 6, 28, 0, 1292),
('2017-02-03 23:34:26', 24, 1, 28, 0, 1293),
('2017-02-03 23:34:26', 25, 15, 28, 0, 1294),
('2017-02-03 23:34:26', 26, 7, 28, 0, 1295),
('2017-02-03 23:34:26', 27, 7, 28, 0, 1296),
('2017-02-03 23:34:26', 28, 3, 28, 0, 1297),
('2017-02-03 23:34:26', 29, 6, 28, 0, 1298),
('2017-02-03 23:34:26', 30, 3, 28, 0, 1299),
('2017-02-03 23:34:26', 31, 1, 28, 0, 1300),
('2017-02-03 23:34:26', 32, 21, 28, 0, 1301),
('2017-02-03 23:34:26', 33, 27, 28, 0, 1302),
('2017-02-03 23:34:26', 34, 12, 28, 0, 1303),
('2017-02-03 23:34:26', 35, 6, 28, 0, 1304),
('2017-02-03 23:34:26', 36, 9, 28, 0, 1305),
('2017-02-03 23:34:26', 37, 13, 28, 0, 1306),
('2017-02-03 23:34:26', 38, 13, 28, 0, 1307),
('2017-02-03 23:34:26', 39, 2, 28, 0, 1308),
('2017-02-03 23:34:26', 40, 6, 28, 0, 1309),
('2017-02-03 23:34:26', 41, 3, 28, 0, 1310),
('2017-02-03 23:34:26', 42, 7, 28, 0, 1311),
('2017-02-03 23:34:26', 43, 2, 28, 0, 1312),
('2017-02-03 23:34:26', 44, 4, 28, 0, 1313),
('2017-02-03 23:34:26', 45, 0, 28, 0, 1314),
('2017-02-03 23:34:26', 46, 0, 28, 0, 1315),
('2017-02-03 23:34:26', 47, 2, 28, 0, 1316),
('2017-02-04 23:34:46', 1, 1, 29, 0, 1317),
('2017-02-04 23:34:46', 2, 3, 29, 0, 1318),
('2017-02-04 23:34:46', 3, 2, 29, 0, 1319),
('2017-02-04 23:34:46', 4, 4, 29, 0, 1320),
('2017-02-04 23:34:46', 5, 7, 29, 0, 1321),
('2017-02-04 23:34:46', 6, 10, 29, 0, 1322),
('2017-02-04 23:34:46', 7, 6, 29, 0, 1323),
('2017-02-04 23:34:46', 8, 6, 29, 0, 1324),
('2017-02-04 23:34:46', 9, 5, 29, 0, 1325),
('2017-02-04 23:34:46', 10, 6, 29, 0, 1326),
('2017-02-04 23:34:46', 11, 5, 29, 0, 1327),
('2017-02-04 23:34:46', 12, 1, 29, 0, 1328),
('2017-02-04 23:34:46', 13, 2, 29, 0, 1329),
('2017-02-04 23:34:46', 14, 0, 29, 0, 1330),
('2017-02-04 23:34:46', 15, 5, 29, 0, 1331),
('2017-02-04 23:34:46', 16, 1, 29, 0, 1332),
('2017-02-04 23:34:46', 17, 5, 29, 0, 1333),
('2017-02-04 23:34:46', 18, 2, 29, 0, 1334),
('2017-02-04 23:34:46', 19, 0, 29, 0, 1335),
('2017-02-04 23:34:46', 20, 2, 29, 0, 1336),
('2017-02-04 23:34:46', 21, 4, 29, 0, 1337),
('2017-02-04 23:34:46', 22, 2, 29, 0, 1338),
('2017-02-04 23:34:46', 23, 6, 29, 0, 1339),
('2017-02-04 23:34:46', 24, 1, 29, 0, 1340),
('2017-02-04 23:34:46', 25, 15, 29, 0, 1341),
('2017-02-04 23:34:46', 26, 7, 29, 0, 1342),
('2017-02-04 23:34:46', 27, 7, 29, 0, 1343),
('2017-02-04 23:34:46', 28, 3, 29, 0, 1344),
('2017-02-04 23:34:46', 29, 6, 29, 0, 1345),
('2017-02-04 23:34:46', 30, 3, 29, 0, 1346),
('2017-02-04 23:34:46', 31, 1, 29, 0, 1347),
('2017-02-04 23:34:46', 32, 21, 29, 0, 1348),
('2017-02-04 23:34:46', 33, 27, 29, 0, 1349),
('2017-02-04 23:34:46', 34, 11, 29, 0, 1350),
('2017-02-04 23:34:46', 35, 6, 29, 0, 1351),
('2017-02-04 23:34:46', 36, 9, 29, 0, 1352),
('2017-02-04 23:34:46', 37, 13, 29, 0, 1353),
('2017-02-04 23:34:46', 38, 13, 29, 0, 1354),
('2017-02-04 23:34:46', 39, 2, 29, 0, 1355),
('2017-02-04 23:34:46', 40, 6, 29, 0, 1356),
('2017-02-04 23:34:46', 41, 3, 29, 0, 1357),
('2017-02-04 23:34:46', 42, 7, 29, 0, 1358),
('2017-02-04 23:34:46', 43, 2, 29, 0, 1359),
('2017-02-04 23:34:46', 44, 4, 29, 0, 1360),
('2017-02-04 23:34:46', 45, 0, 29, 0, 1361),
('2017-02-04 23:34:46', 46, 0, 29, 0, 1362),
('2017-02-04 23:34:46', 47, 2, 29, 0, 1363),
('2017-02-06 23:35:04', 1, 9, 30, 0, 1364),
('2017-02-06 23:35:04', 2, 7, 30, 0, 1365),
('2017-02-06 23:35:04', 3, 6, 30, 0, 1366),
('2017-02-06 23:35:04', 4, 4, 30, 0, 1367),
('2017-02-06 23:35:04', 5, 7, 30, 0, 1368),
('2017-02-06 23:35:04', 6, 9, 30, 0, 1369),
('2017-02-06 23:35:04', 7, 6, 30, 0, 1370),
('2017-02-06 23:35:04', 8, 4, 30, 0, 1371),
('2017-02-06 23:35:04', 9, 5, 30, 0, 1372),
('2017-02-06 23:35:04', 10, 6, 30, 0, 1373),
('2017-02-06 23:35:04', 11, 9, 30, 0, 1374),
('2017-02-06 23:35:04', 12, 10, 30, 0, 1375),
('2017-02-06 23:35:04', 13, 7, 30, 0, 1376),
('2017-02-06 23:35:04', 14, 9, 30, 0, 1377),
('2017-02-06 23:35:04', 15, 9, 30, 0, 1378),
('2017-02-06 23:35:04', 16, 6, 30, 0, 1379),
('2017-02-06 23:35:04', 17, 5, 30, 0, 1380),
('2017-02-06 23:35:04', 18, 2, 30, 0, 1381),
('2017-02-06 23:35:04', 19, 5, 30, 0, 1382),
('2017-02-06 23:35:04', 20, 7, 30, 0, 1383),
('2017-02-06 23:35:04', 21, 8, 30, 0, 1384),
('2017-02-06 23:35:04', 22, 2, 30, 0, 1385),
('2017-02-06 23:35:04', 23, 6, 30, 0, 1386),
('2017-02-06 23:35:04', 24, 5, 30, 0, 1387),
('2017-02-06 23:35:04', 25, 15, 30, 0, 1388),
('2017-02-06 23:35:04', 26, 7, 30, 0, 1389),
('2017-02-06 23:35:04', 27, 7, 30, 0, 1390),
('2017-02-06 23:35:04', 28, 6, 30, 0, 1391),
('2017-02-06 23:35:04', 29, 8, 30, 0, 1392),
('2017-02-06 23:35:04', 30, 8, 30, 0, 1393),
('2017-02-06 23:35:04', 31, 5, 30, 0, 1394),
('2017-02-06 23:35:04', 32, 21, 30, 0, 1395),
('2017-02-06 23:35:04', 33, 27, 30, 0, 1396),
('2017-02-06 23:35:04', 34, 11, 30, 0, 1397),
('2017-02-06 23:35:04', 35, 12, 30, 0, 1398),
('2017-02-06 23:35:04', 36, 9, 30, 0, 1399),
('2017-02-06 23:35:04', 37, 13, 30, 0, 1400),
('2017-02-06 23:35:04', 38, 13, 30, 0, 1401),
('2017-02-06 23:35:04', 39, 2, 30, 0, 1402),
('2017-02-06 23:35:04', 40, 6, 30, 0, 1403),
('2017-02-06 23:35:04', 41, 6, 30, 0, 1404),
('2017-02-06 23:35:04', 42, 7, 30, 0, 1405),
('2017-02-06 23:35:04', 43, 2, 30, 0, 1406),
('2017-02-06 23:35:04', 44, 4, 30, 0, 1407),
('2017-02-06 23:35:04', 45, 0, 30, 0, 1408),
('2017-02-06 23:35:04', 46, 0, 30, 0, 1409),
('2017-02-06 23:35:04', 47, 2, 30, 0, 1410),
('2017-02-07 23:35:19', 1, 5, 31, 0, 1411),
('2017-02-07 23:35:19', 2, 5, 31, 0, 1412),
('2017-02-07 23:35:19', 3, 6, 31, 0, 1413),
('2017-02-07 23:35:19', 4, 3, 31, 0, 1414),
('2017-02-07 23:35:19', 5, 7, 31, 0, 1415),
('2017-02-07 23:35:19', 6, 9, 31, 0, 1416),
('2017-02-07 23:35:19', 7, 6, 31, 0, 1417),
('2017-02-07 23:35:19', 8, 7, 31, 0, 1418),
('2017-02-07 23:35:19', 9, 4, 31, 0, 1419),
('2017-02-07 23:35:19', 10, 6, 31, 0, 1420),
('2017-02-07 23:35:19', 11, 9, 31, 0, 1421),
('2017-02-07 23:35:19', 12, 9, 31, 0, 1422),
('2017-02-07 23:35:19', 13, 7, 31, 0, 1423),
('2017-02-07 23:35:19', 14, 6, 31, 0, 1424),
('2017-02-07 23:35:19', 15, 7, 31, 0, 1425),
('2017-02-07 23:35:19', 16, 6, 31, 0, 1426),
('2017-02-07 23:35:19', 17, 5, 31, 0, 1427),
('2017-02-07 23:35:19', 18, 3, 31, 0, 1428),
('2017-02-07 23:35:19', 19, 5, 31, 0, 1429),
('2017-02-07 23:35:19', 20, 7, 31, 0, 1430),
('2017-02-07 23:35:19', 21, 8, 31, 0, 1431),
('2017-02-07 23:35:19', 22, 2, 31, 0, 1432),
('2017-02-07 23:35:19', 23, 5, 31, 0, 1433),
('2017-02-07 23:35:19', 24, 5, 31, 0, 1434),
('2017-02-07 23:35:19', 25, 15, 31, 0, 1435),
('2017-02-07 23:35:19', 26, 7, 31, 0, 1436),
('2017-02-07 23:35:19', 27, 7, 31, 0, 1437),
('2017-02-07 23:35:19', 28, 6, 31, 0, 1438),
('2017-02-07 23:35:19', 29, 6, 31, 0, 1439),
('2017-02-07 23:35:19', 30, 6, 31, 0, 1440),
('2017-02-07 23:35:19', 31, 10, 31, 0, 1441),
('2017-02-07 23:35:19', 32, 21, 31, 0, 1442),
('2017-02-07 23:35:19', 33, 26, 31, 0, 1443),
('2017-02-07 23:35:19', 34, 10, 31, 0, 1444),
('2017-02-07 23:35:19', 35, 12, 31, 0, 1445),
('2017-02-07 23:35:19', 36, 8, 31, 0, 1446),
('2017-02-07 23:35:19', 37, 12, 31, 0, 1447),
('2017-02-07 23:35:19', 38, 13, 31, 0, 1448),
('2017-02-07 23:35:19', 39, 2, 31, 0, 1449),
('2017-02-07 23:35:19', 40, 9, 31, 0, 1450),
('2017-02-07 23:35:19', 41, 5, 31, 0, 1451),
('2017-02-07 23:35:19', 42, 7, 31, 0, 1452),
('2017-02-07 23:35:19', 43, 1, 31, 0, 1453),
('2017-02-07 23:35:19', 44, 4, 31, 0, 1454),
('2017-02-07 23:35:19', 45, 0, 31, 0, 1455),
('2017-02-07 23:35:19', 46, 0, 31, 0, 1456),
('2017-02-07 23:35:19', 47, 2, 31, 0, 1457),
('2017-02-08 23:35:36', 1, 10, 32, 0, 1458),
('2017-02-08 23:35:36', 2, 10, 32, 0, 1459),
('2017-02-08 23:35:36', 3, 6, 32, 0, 1460),
('2017-02-08 23:35:36', 4, 3, 32, 0, 1461),
('2017-02-08 23:35:36', 5, 7, 32, 0, 1462),
('2017-02-08 23:35:36', 6, 9, 32, 0, 1463),
('2017-02-08 23:35:36', 7, 6, 32, 0, 1464),
('2017-02-08 23:35:36', 8, 7, 32, 0, 1465),
('2017-02-08 23:35:36', 9, 4, 32, 0, 1466),
('2017-02-08 23:35:36', 10, 6, 32, 0, 1467),
('2017-02-08 23:35:36', 11, 9, 32, 0, 1468),
('2017-02-08 23:35:36', 12, 7, 32, 0, 1469),
('2017-02-08 23:35:36', 13, 7, 32, 0, 1470),
('2017-02-08 23:35:36', 14, 6, 32, 0, 1471),
('2017-02-08 23:35:36', 15, 10, 32, 0, 1472),
('2017-02-08 23:35:36', 16, 6, 32, 0, 1473),
('2017-02-08 23:35:36', 17, 10, 32, 0, 1474),
('2017-02-08 23:35:36', 18, 3, 32, 0, 1475),
('2017-02-08 23:35:36', 19, 10, 32, 0, 1476),
('2017-02-08 23:35:36', 20, 7, 32, 0, 1477),
('2017-02-08 23:35:36', 21, 8, 32, 0, 1478),
('2017-02-08 23:35:36', 22, 2, 32, 0, 1479),
('2017-02-08 23:35:36', 23, 5, 32, 0, 1480),
('2017-02-08 23:35:36', 24, 5, 32, 0, 1481),
('2017-02-08 23:35:36', 25, 15, 32, 0, 1482),
('2017-02-08 23:35:36', 26, 6, 32, 0, 1483),
('2017-02-08 23:35:36', 27, 6, 32, 0, 1484),
('2017-02-08 23:35:36', 28, 6, 32, 0, 1485),
('2017-02-08 23:35:36', 29, 6, 32, 0, 1486),
('2017-02-08 23:35:36', 30, 10, 32, 0, 1487),
('2017-02-08 23:35:36', 31, 9, 32, 0, 1488),
('2017-02-08 23:35:36', 32, 21, 32, 0, 1489),
('2017-02-08 23:35:36', 33, 26, 32, 0, 1490),
('2017-02-08 23:35:36', 34, 10, 32, 0, 1491),
('2017-02-08 23:35:36', 35, 12, 32, 0, 1492),
('2017-02-08 23:35:36', 36, 9, 32, 0, 1493),
('2017-02-08 23:35:36', 37, 12, 32, 0, 1494),
('2017-02-08 23:35:36', 38, 13, 32, 0, 1495),
('2017-02-08 23:35:36', 39, 2, 32, 0, 1496),
('2017-02-08 23:35:36', 40, 8, 32, 0, 1497),
('2017-02-08 23:35:36', 41, 10, 32, 0, 1498),
('2017-02-08 23:35:36', 42, 7, 32, 0, 1499),
('2017-02-08 23:35:36', 43, 1, 32, 0, 1500),
('2017-02-08 23:35:36', 44, 4, 32, 0, 1501),
('2017-02-08 23:35:36', 45, 0, 32, 0, 1502),
('2017-02-08 23:35:36', 46, 0, 32, 0, 1503),
('2017-02-08 23:35:36', 47, 2, 32, 0, 1504),
('2017-02-09 23:35:52', 1, 7, 33, 0, 1505),
('2017-02-09 23:35:52', 2, 8, 33, 0, 1506),
('2017-02-09 23:35:52', 3, 6, 33, 0, 1507),
('2017-02-09 23:35:52', 4, 1, 33, 0, 1508),
('2017-02-09 23:35:52', 5, 7, 33, 0, 1509),
('2017-02-09 23:35:52', 6, 9, 33, 0, 1510),
('2017-02-09 23:35:52', 7, 6, 33, 0, 1511),
('2017-02-09 23:35:52', 8, 6, 33, 0, 1512),
('2017-02-09 23:35:52', 9, 4, 33, 0, 1513),
('2017-02-09 23:35:52', 10, 5, 33, 0, 1514),
('2017-02-09 23:35:52', 11, 6, 33, 0, 1515),
('2017-02-09 23:35:52', 12, 6, 33, 0, 1516),
('2017-02-09 23:35:52', 13, 10, 33, 0, 1517),
('2017-02-09 23:35:52', 14, 3, 33, 0, 1518),
('2017-02-09 23:35:52', 15, 9, 33, 0, 1519),
('2017-02-09 23:35:52', 16, 6, 33, 0, 1520),
('2017-02-09 23:35:52', 17, 10, 33, 0, 1521),
('2017-02-09 23:35:52', 18, 3, 33, 0, 1522),
('2017-02-09 23:35:52', 19, 10, 33, 0, 1523),
('2017-02-09 23:35:52', 20, 7, 33, 0, 1524),
('2017-02-09 23:35:52', 21, 8, 33, 0, 1525),
('2017-02-09 23:35:52', 22, 2, 33, 0, 1526),
('2017-02-09 23:35:52', 23, 5, 33, 0, 1527),
('2017-02-09 23:35:52', 24, 5, 33, 0, 1528),
('2017-02-09 23:35:52', 25, 15, 33, 0, 1529),
('2017-02-09 23:35:52', 26, 9, 33, 0, 1530),
('2017-02-09 23:35:52', 27, 10, 33, 0, 1531),
('2017-02-09 23:35:52', 28, 6, 33, 0, 1532),
('2017-02-09 23:35:52', 29, 4, 33, 0, 1533),
('2017-02-09 23:35:52', 30, 9, 33, 0, 1534),
('2017-02-09 23:35:52', 31, 9, 33, 0, 1535),
('2017-02-09 23:35:52', 32, 18, 33, 0, 1536),
('2017-02-09 23:35:52', 33, 26, 33, 0, 1537),
('2017-02-09 23:35:52', 34, 10, 33, 0, 1538),
('2017-02-09 23:35:52', 35, 11, 33, 0, 1539),
('2017-02-09 23:35:52', 36, 9, 33, 0, 1540),
('2017-02-09 23:35:52', 37, 12, 33, 0, 1541),
('2017-02-09 23:35:52', 38, 13, 33, 0, 1542),
('2017-02-09 23:35:52', 39, 2, 33, 0, 1543),
('2017-02-09 23:35:52', 40, 8, 33, 0, 1544),
('2017-02-09 23:35:52', 41, 10, 33, 0, 1545),
('2017-02-09 23:35:52', 42, 6, 33, 0, 1546),
('2017-02-09 23:35:52', 43, 1, 33, 0, 1547),
('2017-02-09 23:35:52', 44, 4, 33, 0, 1548),
('2017-02-09 23:35:52', 45, 0, 33, 0, 1549),
('2017-02-09 23:35:52', 46, 0, 33, 0, 1550),
('2017-02-09 23:35:52', 47, 2, 33, 0, 1551),
('2017-02-10 23:36:06', 1, 5, 34, 0, 1552),
('2017-02-10 23:36:06', 2, 8, 34, 0, 1553),
('2017-02-10 23:36:06', 3, 3, 34, 0, 1554),
('2017-02-10 23:36:06', 4, 0, 34, 0, 1555),
('2017-02-10 23:36:06', 5, 7, 34, 0, 1556),
('2017-02-10 23:36:06', 6, 9, 34, 0, 1557),
('2017-02-10 23:36:06', 7, 6, 34, 0, 1558),
('2017-02-10 23:36:06', 8, 5, 34, 0, 1559),
('2017-02-10 23:36:06', 9, 4, 34, 0, 1560),
('2017-02-10 23:36:06', 10, 3, 34, 0, 1561),
('2017-02-10 23:36:06', 11, 6, 34, 0, 1562),
('2017-02-10 23:36:06', 12, 6, 34, 0, 1563),
('2017-02-10 23:36:06', 13, 7, 34, 0, 1564),
('2017-02-10 23:36:06', 14, 0, 34, 0, 1565),
('2017-02-10 23:36:06', 15, 8, 34, 0, 1566),
('2017-02-10 23:36:06', 16, 6, 34, 0, 1567),
('2017-02-10 23:36:06', 17, 7, 34, 0, 1568),
('2017-02-10 23:36:06', 18, 3, 34, 0, 1569),
('2017-02-10 23:36:06', 19, 7, 34, 0, 1570),
('2017-02-10 23:36:06', 20, 6, 34, 0, 1571),
('2017-02-10 23:36:06', 21, 8, 34, 0, 1572),
('2017-02-10 23:36:06', 22, 2, 34, 0, 1573),
('2017-02-10 23:36:06', 23, 5, 34, 0, 1574),
('2017-02-10 23:36:06', 24, 5, 34, 0, 1575),
('2017-02-10 23:36:06', 25, 15, 34, 0, 1576),
('2017-02-10 23:36:06', 26, 9, 34, 0, 1577),
('2017-02-10 23:36:06', 27, 8, 34, 0, 1578),
('2017-02-10 23:36:06', 28, 4, 34, 0, 1579),
('2017-02-10 23:36:06', 29, 4, 34, 0, 1580),
('2017-02-10 23:36:06', 30, 8, 34, 0, 1581),
('2017-02-10 23:36:06', 31, 8, 34, 0, 1582),
('2017-02-10 23:36:06', 32, 18, 34, 0, 1583),
('2017-02-10 23:36:06', 33, 26, 34, 0, 1584),
('2017-02-10 23:36:06', 34, 10, 34, 0, 1585),
('2017-02-10 23:36:06', 35, 9, 34, 0, 1586),
('2017-02-10 23:36:06', 36, 9, 34, 0, 1587),
('2017-02-10 23:36:06', 37, 12, 34, 0, 1588),
('2017-02-10 23:36:06', 38, 13, 34, 0, 1589),
('2017-02-10 23:36:06', 39, 2, 34, 0, 1590),
('2017-02-10 23:36:06', 40, 6, 34, 0, 1591),
('2017-02-10 23:36:06', 41, 9, 34, 0, 1592),
('2017-02-10 23:36:06', 42, 6, 34, 0, 1593),
('2017-02-10 23:36:06', 43, 1, 34, 0, 1594),
('2017-02-10 23:36:06', 44, 4, 34, 0, 1595),
('2017-02-10 23:36:06', 45, 0, 34, 0, 1596),
('2017-02-10 23:36:06', 46, 0, 34, 0, 1597),
('2017-02-10 23:36:06', 47, 2, 34, 0, 1598),
('2017-02-13 23:36:22', 1, 5, 35, 0, 1599),
('2017-02-13 23:36:22', 2, 7, 35, 0, 1600),
('2017-02-13 23:36:22', 3, 7, 35, 0, 1601),
('2017-02-13 23:36:22', 4, 0, 35, 0, 1602),
('2017-02-13 23:36:22', 5, 7, 35, 0, 1603),
('2017-02-13 23:36:22', 6, 9, 35, 0, 1604),
('2017-02-13 23:36:22', 7, 6, 35, 0, 1605),
('2017-02-13 23:36:22', 8, 10, 35, 0, 1606),
('2017-02-13 23:36:22', 9, 4, 35, 0, 1607),
('2017-02-13 23:36:22', 10, 7, 35, 0, 1608),
('2017-02-13 23:36:22', 11, 6, 35, 0, 1609),
('2017-02-13 23:36:22', 12, 3, 35, 0, 1610),
('2017-02-13 23:36:22', 13, 3, 35, 0, 1611),
('2017-02-13 23:36:22', 14, 4, 35, 0, 1612),
('2017-02-13 23:36:22', 15, 7, 35, 0, 1613),
('2017-02-13 23:36:22', 16, 6, 35, 0, 1614),
('2017-02-13 23:36:22', 17, 7, 35, 0, 1615),
('2017-02-13 23:36:22', 18, 3, 35, 0, 1616),
('2017-02-13 23:36:22', 19, 7, 35, 0, 1617),
('2017-02-13 23:36:22', 20, 6, 35, 0, 1618),
('2017-02-13 23:36:22', 21, 7, 35, 0, 1619),
('2017-02-13 23:36:22', 22, 1, 35, 0, 1620),
('2017-02-13 23:36:22', 23, 5, 35, 0, 1621),
('2017-02-13 23:36:22', 24, 4, 35, 0, 1622),
('2017-02-13 23:36:22', 25, 15, 35, 0, 1623),
('2017-02-13 23:36:22', 26, 7, 35, 0, 1624),
('2017-02-13 23:36:22', 27, 8, 35, 0, 1625),
('2017-02-13 23:36:22', 28, 9, 35, 0, 1626),
('2017-02-13 23:36:22', 29, 4, 35, 0, 1627),
('2017-02-13 23:36:22', 30, 8, 35, 0, 1628),
('2017-02-13 23:36:22', 31, 7, 35, 0, 1629),
('2017-02-13 23:36:22', 32, 18, 35, 0, 1630),
('2017-02-13 23:36:22', 33, 26, 35, 0, 1631),
('2017-02-13 23:36:22', 34, 10, 35, 0, 1632),
('2017-02-13 23:36:22', 35, 9, 35, 0, 1633),
('2017-02-13 23:36:22', 36, 9, 35, 0, 1634),
('2017-02-13 23:36:22', 37, 12, 35, 0, 1635),
('2017-02-13 23:36:22', 38, 13, 35, 0, 1636),
('2017-02-13 23:36:22', 39, 2, 35, 0, 1637),
('2017-02-13 23:36:22', 40, 6, 35, 0, 1638),
('2017-02-13 23:36:22', 41, 6, 35, 0, 1639),
('2017-02-13 23:36:22', 42, 4, 35, 0, 1640),
('2017-02-13 23:36:22', 43, 1, 35, 0, 1641),
('2017-02-13 23:36:22', 44, 4, 35, 0, 1642),
('2017-02-13 23:36:22', 45, 0, 35, 0, 1643),
('2017-02-13 23:36:22', 46, 0, 35, 0, 1644),
('2017-02-13 23:36:22', 47, 2, 35, 0, 1645),
('2017-02-14 23:36:38', 1, 7, 36, 0, 1646),
('2017-02-14 23:36:38', 2, 7, 36, 0, 1647),
('2017-02-14 23:36:38', 3, 6, 36, 0, 1648),
('2017-02-14 23:36:38', 4, 10, 36, 0, 1649),
('2017-02-14 23:36:38', 5, 7, 36, 0, 1650),
('2017-02-14 23:36:38', 6, 9, 36, 0, 1651),
('2017-02-14 23:36:38', 7, 6, 36, 0, 1652),
('2017-02-14 23:36:38', 8, 10, 36, 0, 1653),
('2017-02-14 23:36:38', 9, 4, 36, 0, 1654),
('2017-02-14 23:36:38', 10, 7, 36, 0, 1655),
('2017-02-14 23:36:38', 11, 6, 36, 0, 1656),
('2017-02-14 23:36:38', 12, 5, 36, 0, 1657),
('2017-02-14 23:36:38', 13, 7, 36, 0, 1658),
('2017-02-14 23:36:38', 14, 7, 36, 0, 1659),
('2017-02-14 23:36:38', 15, 7, 36, 0, 1660),
('2017-02-14 23:36:38', 16, 6, 36, 0, 1661),
('2017-02-14 23:36:38', 17, 7, 36, 0, 1662),
('2017-02-14 23:36:38', 18, 3, 36, 0, 1663),
('2017-02-14 23:36:38', 19, 7, 36, 0, 1664),
('2017-02-14 23:36:38', 20, 6, 36, 0, 1665),
('2017-02-14 23:36:38', 21, 7, 36, 0, 1666),
('2017-02-14 23:36:38', 22, 1, 36, 0, 1667),
('2017-02-14 23:36:38', 23, 5, 36, 0, 1668),
('2017-02-14 23:36:38', 24, 4, 36, 0, 1669),
('2017-02-14 23:36:38', 25, 15, 36, 0, 1670),
('2017-02-14 23:36:38', 26, 7, 36, 0, 1671),
('2017-02-14 23:36:38', 27, 8, 36, 0, 1672),
('2017-02-14 23:36:38', 28, 9, 36, 0, 1673),
('2017-02-14 23:36:38', 29, 9, 36, 0, 1674),
('2017-02-14 23:36:38', 30, 7, 36, 0, 1675),
('2017-02-14 23:36:38', 31, 7, 36, 0, 1676),
('2017-02-14 23:36:38', 32, 18, 36, 0, 1677),
('2017-02-14 23:36:38', 33, 26, 36, 0, 1678),
('2017-02-14 23:36:38', 34, 10, 36, 0, 1679),
('2017-02-14 23:36:38', 35, 9, 36, 0, 1680),
('2017-02-14 23:36:38', 36, 9, 36, 0, 1681),
('2017-02-14 23:36:38', 37, 12, 36, 0, 1682),
('2017-02-14 23:36:38', 38, 12, 36, 0, 1683),
('2017-02-14 23:36:38', 39, 2, 36, 0, 1684),
('2017-02-14 23:36:38', 40, 6, 36, 0, 1685),
('2017-02-14 23:36:38', 41, 4, 36, 0, 1686),
('2017-02-14 23:36:38', 42, 4, 36, 0, 1687),
('2017-02-14 23:36:38', 43, 1, 36, 0, 1688),
('2017-02-14 23:36:38', 44, 4, 36, 0, 1689),
('2017-02-14 23:36:38', 45, 9, 36, 0, 1690),
('2017-02-14 23:36:38', 46, 0, 36, 0, 1691),
('2017-02-14 23:36:38', 47, 2, 36, 0, 1692),
('2017-02-15 23:36:54', 1, 7, 37, 0, 1693),
('2017-02-15 23:36:54', 2, 7, 37, 0, 1694),
('2017-02-15 23:36:54', 3, 6, 37, 0, 1695),
('2017-02-15 23:36:54', 4, 10, 37, 0, 1696),
('2017-02-15 23:36:54', 5, 7, 37, 0, 1697),
('2017-02-15 23:36:54', 6, 9, 37, 0, 1698),
('2017-02-15 23:36:54', 7, 6, 37, 0, 1699),
('2017-02-15 23:36:54', 8, 9, 37, 0, 1700),
('2017-02-15 23:36:54', 9, 4, 37, 0, 1701),
('2017-02-15 23:36:54', 10, 7, 37, 0, 1702),
('2017-02-15 23:36:54', 11, 6, 37, 0, 1703),
('2017-02-15 23:36:54', 12, 4, 37, 0, 1704),
('2017-02-15 23:36:54', 13, 7, 37, 0, 1705),
('2017-02-15 23:36:54', 14, 5, 37, 0, 1706),
('2017-02-15 23:36:54', 15, 6, 37, 0, 1707),
('2017-02-15 23:36:54', 16, 6, 37, 0, 1708),
('2017-02-15 23:36:54', 17, 7, 37, 0, 1709),
('2017-02-15 23:36:54', 18, 3, 37, 0, 1710),
('2017-02-15 23:36:54', 19, 7, 37, 0, 1711),
('2017-02-15 23:36:54', 20, 6, 37, 0, 1712),
('2017-02-15 23:36:54', 21, 7, 37, 0, 1713),
('2017-02-15 23:36:54', 22, 0, 37, 0, 1714),
('2017-02-15 23:36:54', 23, 5, 37, 0, 1715),
('2017-02-15 23:36:54', 24, 3, 37, 0, 1716),
('2017-02-15 23:36:54', 25, 15, 37, 0, 1717),
('2017-02-15 23:36:54', 26, 7, 37, 0, 1718),
('2017-02-15 23:36:54', 27, 8, 37, 0, 1719),
('2017-02-15 23:36:54', 28, 9, 37, 0, 1720),
('2017-02-15 23:36:54', 29, 8, 37, 0, 1721),
('2017-02-15 23:36:54', 30, 7, 37, 0, 1722),
('2017-02-15 23:36:54', 31, 7, 37, 0, 1723),
('2017-02-15 23:36:54', 32, 18, 37, 0, 1724),
('2017-02-15 23:36:54', 33, 26, 37, 0, 1725),
('2017-02-15 23:36:54', 34, 10, 37, 0, 1726),
('2017-02-15 23:36:54', 35, 8, 37, 0, 1727),
('2017-02-15 23:36:54', 36, 9, 37, 0, 1728),
('2017-02-15 23:36:54', 37, 10, 37, 0, 1729),
('2017-02-15 23:36:54', 38, 12, 37, 0, 1730),
('2017-02-15 23:36:54', 39, 2, 37, 0, 1731),
('2017-02-15 23:36:54', 40, 6, 37, 0, 1732),
('2017-02-15 23:36:54', 41, 3, 37, 0, 1733),
('2017-02-15 23:36:54', 42, 4, 37, 0, 1734),
('2017-02-15 23:36:54', 43, 1, 37, 0, 1735),
('2017-02-15 23:36:54', 44, 4, 37, 0, 1736),
('2017-02-15 23:36:54', 45, 9, 37, 0, 1737),
('2017-02-15 23:36:54', 46, 0, 37, 0, 1738),
('2017-02-15 23:36:54', 47, 2, 37, 0, 1739),
('2017-02-16 23:37:12', 1, 6, 38, 0, 1740),
('2017-02-16 23:37:12', 2, 7, 38, 0, 1741),
('2017-02-16 23:37:12', 3, 5, 38, 0, 1742),
('2017-02-16 23:37:12', 4, 10, 38, 0, 1743),
('2017-02-16 23:37:12', 5, 7, 38, 0, 1744),
('2017-02-16 23:37:12', 6, 9, 38, 0, 1745),
('2017-02-16 23:37:12', 7, 6, 38, 0, 1746),
('2017-02-16 23:37:12', 8, 9, 38, 0, 1747),
('2017-02-16 23:37:12', 9, 4, 38, 0, 1748),
('2017-02-16 23:37:12', 10, 7, 38, 0, 1749),
('2017-02-16 23:37:12', 11, 5, 38, 0, 1750),
('2017-02-16 23:37:12', 12, 8, 38, 0, 1751),
('2017-02-16 23:37:12', 13, 3, 38, 0, 1752),
('2017-02-16 23:37:12', 14, 5, 38, 0, 1753),
('2017-02-16 23:37:12', 15, 6, 38, 0, 1754),
('2017-02-16 23:37:12', 16, 6, 38, 0, 1755),
('2017-02-16 23:37:12', 17, 8, 38, 0, 1756),
('2017-02-16 23:37:12', 18, 3, 38, 0, 1757),
('2017-02-16 23:37:12', 19, 6, 38, 0, 1758),
('2017-02-16 23:37:12', 20, 5, 38, 0, 1759),
('2017-02-16 23:37:12', 21, 6, 38, 0, 1760),
('2017-02-16 23:37:12', 22, 0, 38, 0, 1761),
('2017-02-16 23:37:12', 23, 5, 38, 0, 1762),
('2017-02-16 23:37:12', 24, 5, 38, 0, 1763),
('2017-02-16 23:37:12', 25, 15, 38, 0, 1764),
('2017-02-16 23:37:12', 26, 7, 38, 0, 1765),
('2017-02-16 23:37:12', 27, 8, 38, 0, 1766),
('2017-02-16 23:37:12', 28, 8, 38, 0, 1767),
('2017-02-16 23:37:12', 29, 8, 38, 0, 1768),
('2017-02-16 23:37:12', 30, 7, 38, 0, 1769),
('2017-02-16 23:37:12', 31, 6, 38, 0, 1770),
('2017-02-16 23:37:12', 32, 17, 38, 0, 1771),
('2017-02-16 23:37:12', 33, 26, 38, 0, 1772),
('2017-02-16 23:37:12', 34, 9, 38, 0, 1773),
('2017-02-16 23:37:12', 35, 7, 38, 0, 1774),
('2017-02-16 23:37:12', 36, 9, 38, 0, 1775),
('2017-02-16 23:37:12', 37, 10, 38, 0, 1776),
('2017-02-16 23:37:12', 38, 12, 38, 0, 1777),
('2017-02-16 23:37:12', 39, 2, 38, 0, 1778),
('2017-02-16 23:37:12', 40, 6, 38, 0, 1779),
('2017-02-16 23:37:12', 41, 6, 38, 0, 1780),
('2017-02-16 23:37:12', 42, 4, 38, 0, 1781),
('2017-02-16 23:37:12', 43, 1, 38, 0, 1782),
('2017-02-16 23:37:12', 44, 4, 38, 0, 1783),
('2017-02-16 23:37:12', 45, 7, 38, 0, 1784),
('2017-02-16 23:37:12', 46, 0, 38, 0, 1785),
('2017-02-16 23:37:12', 47, 1, 38, 0, 1786),
('2017-02-17 23:37:34', 1, 6, 39, 0, 1787),
('2017-02-17 23:37:34', 2, 7, 39, 0, 1788),
('2017-02-17 23:37:34', 3, 9, 39, 0, 1789),
('2017-02-17 23:37:34', 4, 10, 39, 0, 1790),
('2017-02-17 23:37:34', 5, 7, 39, 0, 1791),
('2017-02-17 23:37:34', 6, 9, 39, 0, 1792),
('2017-02-17 23:37:34', 7, 6, 39, 0, 1793),
('2017-02-17 23:37:34', 8, 8, 39, 0, 1794),
('2017-02-17 23:37:34', 9, 4, 39, 0, 1795),
('2017-02-17 23:37:34', 10, 7, 39, 0, 1796),
('2017-02-17 23:37:34', 11, 9, 39, 0, 1797),
('2017-02-17 23:37:34', 12, 7, 39, 0, 1798),
('2017-02-17 23:37:34', 13, 8, 39, 0, 1799),
('2017-02-17 23:37:34', 14, 8, 39, 0, 1800),
('2017-02-17 23:37:34', 15, 5, 39, 0, 1801),
('2017-02-17 23:37:34', 16, 6, 39, 0, 1802),
('2017-02-17 23:37:34', 17, 8, 39, 0, 1803),
('2017-02-17 23:37:34', 18, 3, 39, 0, 1804),
('2017-02-17 23:37:34', 19, 6, 39, 0, 1805),
('2017-02-17 23:37:34', 20, 10, 39, 0, 1806),
('2017-02-17 23:37:34', 21, 6, 39, 0, 1807),
('2017-02-17 23:37:34', 22, 0, 39, 0, 1808),
('2017-02-17 23:37:34', 23, 5, 39, 0, 1809),
('2017-02-17 23:37:34', 24, 4, 39, 0, 1810),
('2017-02-17 23:37:34', 25, 15, 39, 0, 1811),
('2017-02-17 23:37:34', 26, 6, 39, 0, 1812),
('2017-02-17 23:37:34', 27, 8, 39, 0, 1813),
('2017-02-17 23:37:34', 28, 8, 39, 0, 1814),
('2017-02-17 23:37:34', 29, 8, 39, 0, 1815),
('2017-02-17 23:37:34', 30, 7, 39, 0, 1816),
('2017-02-17 23:37:34', 31, 5, 39, 0, 1817),
('2017-02-17 23:37:34', 32, 17, 39, 0, 1818),
('2017-02-17 23:37:34', 33, 26, 39, 0, 1819),
('2017-02-17 23:37:34', 34, 9, 39, 0, 1820),
('2017-02-17 23:37:34', 35, 7, 39, 0, 1821),
('2017-02-17 23:37:34', 36, 9, 39, 0, 1822),
('2017-02-17 23:37:34', 37, 10, 39, 0, 1823),
('2017-02-17 23:37:34', 38, 10, 39, 0, 1824),
('2017-02-17 23:37:34', 39, 2, 39, 0, 1825),
('2017-02-17 23:37:34', 40, 6, 39, 0, 1826),
('2017-02-17 23:37:34', 41, 4, 39, 0, 1827),
('2017-02-17 23:37:34', 42, 9, 39, 0, 1828),
('2017-02-17 23:37:34', 43, 1, 39, 0, 1829),
('2017-02-17 23:37:34', 44, 4, 39, 0, 1830),
('2017-02-17 23:37:34', 45, 7, 39, 0, 1831),
('2017-02-17 23:37:34', 46, 0, 39, 0, 1832),
('2017-02-17 23:37:34', 47, 1, 39, 0, 1833),
('2017-02-18 23:37:57', 1, 6, 40, 0, 1834),
('2017-02-18 23:37:57', 2, 7, 40, 0, 1835),
('2017-02-18 23:37:57', 3, 9, 40, 0, 1836),
('2017-02-18 23:37:57', 4, 10, 40, 0, 1837),
('2017-02-18 23:37:57', 5, 7, 40, 0, 1838),
('2017-02-18 23:37:57', 6, 9, 40, 0, 1839),
('2017-02-18 23:37:57', 7, 6, 40, 0, 1840),
('2017-02-18 23:37:57', 8, 8, 40, 0, 1841),
('2017-02-18 23:37:57', 9, 4, 40, 0, 1842),
('2017-02-18 23:37:57', 10, 7, 40, 0, 1843),
('2017-02-18 23:37:57', 11, 9, 40, 0, 1844),
('2017-02-18 23:37:57', 12, 7, 40, 0, 1845),
('2017-02-18 23:37:57', 13, 8, 40, 0, 1846),
('2017-02-18 23:37:57', 14, 6, 40, 0, 1847),
('2017-02-18 23:37:57', 15, 5, 40, 0, 1848),
('2017-02-18 23:37:57', 16, 6, 40, 0, 1849),
('2017-02-18 23:37:57', 17, 8, 40, 0, 1850),
('2017-02-18 23:37:57', 18, 3, 40, 0, 1851),
('2017-02-18 23:37:57', 19, 6, 40, 0, 1852),
('2017-02-18 23:37:57', 20, 10, 40, 0, 1853),
('2017-02-18 23:37:57', 21, 5, 40, 0, 1854),
('2017-02-18 23:37:57', 22, 0, 40, 0, 1855),
('2017-02-18 23:37:57', 23, 5, 40, 0, 1856),
('2017-02-18 23:37:57', 24, 4, 40, 0, 1857),
('2017-02-18 23:37:57', 25, 15, 40, 0, 1858),
('2017-02-18 23:37:57', 26, 6, 40, 0, 1859),
('2017-02-18 23:37:57', 27, 8, 40, 0, 1860),
('2017-02-18 23:37:57', 28, 8, 40, 0, 1861),
('2017-02-18 23:37:57', 29, 8, 40, 0, 1862),
('2017-02-18 23:37:57', 30, 7, 40, 0, 1863),
('2017-02-18 23:37:57', 31, 5, 40, 0, 1864),
('2017-02-18 23:37:57', 32, 14, 40, 0, 1865),
('2017-02-18 23:37:57', 33, 26, 40, 0, 1866),
('2017-02-18 23:37:57', 34, 8, 40, 0, 1867),
('2017-02-18 23:37:57', 35, 5, 40, 0, 1868),
('2017-02-18 23:37:57', 36, 9, 40, 0, 1869),
('2017-02-18 23:37:57', 37, 10, 40, 0, 1870),
('2017-02-18 23:37:57', 38, 9, 40, 0, 1871),
('2017-02-18 23:37:57', 39, 2, 40, 0, 1872),
('2017-02-18 23:37:57', 40, 6, 40, 0, 1873),
('2017-02-18 23:37:57', 41, 4, 40, 0, 1874),
('2017-02-18 23:37:57', 42, 9, 40, 0, 1875),
('2017-02-18 23:37:57', 43, 1, 40, 0, 1876),
('2017-02-18 23:37:57', 44, 4, 40, 0, 1877),
('2017-02-18 23:37:57', 45, 7, 40, 0, 1878),
('2017-02-18 23:37:57', 46, 0, 40, 0, 1879),
('2017-02-18 23:37:57', 47, 1, 40, 0, 1880),
('2017-02-20 23:38:14', 1, 5, 41, 0, 1881),
('2017-02-20 23:38:14', 2, 6, 41, 0, 1882),
('2017-02-20 23:38:14', 3, 8, 41, 0, 1883),
('2017-02-20 23:38:14', 4, 9, 41, 0, 1884),
('2017-02-20 23:38:14', 5, 7, 41, 0, 1885),
('2017-02-20 23:38:14', 6, 8, 41, 0, 1886),
('2017-02-20 23:38:14', 7, 5, 41, 0, 1887),
('2017-02-20 23:38:14', 8, 8, 41, 0, 1888),
('2017-02-20 23:38:14', 9, 4, 41, 0, 1889),
('2017-02-20 23:38:14', 10, 8, 41, 0, 1890),
('2017-02-20 23:38:14', 11, 9, 41, 0, 1891),
('2017-02-20 23:38:14', 12, 7, 41, 0, 1892),
('2017-02-20 23:38:14', 13, 6, 41, 0, 1893),
('2017-02-20 23:38:14', 14, 2, 41, 0, 1894),
('2017-02-20 23:38:14', 15, 9, 41, 0, 1895),
('2017-02-20 23:38:14', 16, 6, 41, 0, 1896),
('2017-02-20 23:38:14', 17, 8, 41, 0, 1897),
('2017-02-20 23:38:14', 18, 3, 41, 0, 1898),
('2017-02-20 23:38:14', 19, 6, 41, 0, 1899),
('2017-02-20 23:38:14', 20, 10, 41, 0, 1900),
('2017-02-20 23:38:14', 21, 10, 41, 0, 1901),
('2017-02-20 23:38:14', 22, 0, 41, 0, 1902),
('2017-02-20 23:38:14', 23, 5, 41, 0, 1903),
('2017-02-20 23:38:14', 24, 3, 41, 0, 1904),
('2017-02-20 23:38:14', 25, 15, 41, 0, 1905),
('2017-02-20 23:38:14', 26, 6, 41, 0, 1906),
('2017-02-20 23:38:14', 27, 8, 41, 0, 1907),
('2017-02-20 23:38:14', 28, 8, 41, 0, 1908),
('2017-02-20 23:38:14', 29, 8, 41, 0, 1909),
('2017-02-20 23:38:14', 30, 7, 41, 0, 1910),
('2017-02-20 23:38:14', 31, 10, 41, 0, 1911),
('2017-02-20 23:38:14', 32, 14, 41, 0, 1912),
('2017-02-20 23:38:14', 33, 26, 41, 0, 1913),
('2017-02-20 23:38:14', 34, 7, 41, 0, 1914),
('2017-02-20 23:38:14', 35, 11, 41, 0, 1915),
('2017-02-20 23:38:14', 36, 8, 41, 0, 1916),
('2017-02-20 23:38:14', 37, 10, 41, 0, 1917),
('2017-02-20 23:38:14', 38, 9, 41, 0, 1918),
('2017-02-20 23:38:14', 39, 2, 41, 0, 1919),
('2017-02-20 23:38:14', 40, 6, 41, 0, 1920),
('2017-02-20 23:38:14', 41, 7, 41, 0, 1921),
('2017-02-20 23:38:14', 42, 9, 41, 0, 1922),
('2017-02-20 23:38:14', 43, 1, 41, 0, 1923),
('2017-02-20 23:38:14', 44, 4, 41, 0, 1924),
('2017-02-20 23:38:14', 45, 7, 41, 0, 1925),
('2017-02-20 23:38:14', 46, 0, 41, 0, 1926),
('2017-02-20 23:38:14', 47, 1, 41, 0, 1927),
('2017-02-21 23:38:37', 1, 0, 42, 0, 1928),
('2017-02-21 23:38:37', 2, 6, 42, 0, 1929),
('2017-02-21 23:38:37', 3, 7, 42, 0, 1930),
('2017-02-21 23:38:37', 4, 9, 42, 0, 1931),
('2017-02-21 23:38:37', 5, 7, 42, 0, 1932),
('2017-02-21 23:38:37', 6, 9, 42, 0, 1933),
('2017-02-21 23:38:37', 7, 5, 42, 0, 1934),
('2017-02-21 23:38:37', 8, 8, 42, 0, 1935),
('2017-02-21 23:38:37', 9, 3, 42, 0, 1936),
('2017-02-21 23:38:37', 10, 8, 42, 0, 1937),
('2017-02-21 23:38:37', 11, 9, 42, 0, 1938),
('2017-02-21 23:38:37', 12, 5, 42, 0, 1939),
('2017-02-21 23:38:37', 13, 6, 42, 0, 1940),
('2017-02-21 23:38:37', 14, 0, 42, 0, 1941),
('2017-02-21 23:38:37', 15, 6, 42, 0, 1942),
('2017-02-21 23:38:37', 16, 6, 42, 0, 1943),
('2017-02-21 23:38:37', 17, 8, 42, 0, 1944),
('2017-02-21 23:38:37', 18, 3, 42, 0, 1945),
('2017-02-21 23:38:37', 19, 6, 42, 0, 1946),
('2017-02-21 23:38:37', 20, 9, 42, 0, 1947),
('2017-02-21 23:38:37', 21, 9, 42, 0, 1948),
('2017-02-21 23:38:37', 22, 0, 42, 0, 1949),
('2017-02-21 23:38:37', 23, 5, 42, 0, 1950),
('2017-02-21 23:38:37', 24, 3, 42, 0, 1951),
('2017-02-21 23:38:37', 25, 15, 42, 0, 1952),
('2017-02-21 23:38:37', 26, 6, 42, 0, 1953),
('2017-02-21 23:38:37', 27, 8, 42, 0, 1954),
('2017-02-21 23:38:37', 28, 7, 42, 0, 1955),
('2017-02-21 23:38:37', 29, 8, 42, 0, 1956),
('2017-02-21 23:38:37', 30, 6, 42, 0, 1957),
('2017-02-21 23:38:37', 31, 10, 42, 0, 1958),
('2017-02-21 23:38:37', 32, 14, 42, 0, 1959),
('2017-02-21 23:38:37', 33, 26, 42, 0, 1960),
('2017-02-21 23:38:37', 34, 7, 42, 0, 1961),
('2017-02-21 23:38:37', 35, 11, 42, 0, 1962),
('2017-02-21 23:38:37', 36, 8, 42, 0, 1963),
('2017-02-21 23:38:37', 37, 10, 42, 0, 1964),
('2017-02-21 23:38:37', 38, 9, 42, 0, 1965),
('2017-02-21 23:38:37', 39, 2, 42, 0, 1966),
('2017-02-21 23:38:37', 40, 6, 42, 0, 1967),
('2017-02-21 23:38:37', 41, 7, 42, 0, 1968),
('2017-02-21 23:38:37', 42, 9, 42, 0, 1969),
('2017-02-21 23:38:37', 43, 1, 42, 0, 1970),
('2017-02-21 23:38:37', 44, 4, 42, 0, 1971),
('2017-02-21 23:38:37', 45, 7, 42, 0, 1972),
('2017-02-21 23:38:37', 46, 0, 42, 0, 1973),
('2017-02-21 23:38:37', 47, 1, 42, 0, 1974),
('2017-02-22 23:38:56', 1, 7, 43, 0, 1975),
('2017-02-22 23:38:56', 2, 3, 43, 0, 1976),
('2017-02-22 23:38:56', 3, 6, 43, 0, 1977),
('2017-02-22 23:38:56', 4, 9, 43, 0, 1978),
('2017-02-22 23:38:56', 5, 7, 43, 0, 1979),
('2017-02-22 23:38:56', 6, 9, 43, 0, 1980),
('2017-02-22 23:38:56', 7, 10, 43, 0, 1981),
('2017-02-22 23:38:56', 8, 8, 43, 0, 1982),
('2017-02-22 23:38:56', 9, 3, 43, 0, 1983),
('2017-02-22 23:38:56', 10, 8, 43, 0, 1984),
('2017-02-22 23:38:56', 11, 7, 43, 0, 1985),
('2017-02-22 23:38:56', 12, 9, 43, 0, 1986),
('2017-02-22 23:38:56', 13, 3, 43, 0, 1987),
('2017-02-22 23:38:56', 14, 7, 43, 0, 1988),
('2017-02-22 23:38:56', 15, 6, 43, 0, 1989),
('2017-02-22 23:38:56', 16, 6, 43, 0, 1990),
('2017-02-22 23:38:56', 17, 8, 43, 0, 1991),
('2017-02-22 23:38:56', 18, 3, 43, 0, 1992),
('2017-02-22 23:38:56', 19, 6, 43, 0, 1993),
('2017-02-22 23:38:56', 20, 9, 43, 0, 1994),
('2017-02-22 23:38:56', 21, 9, 43, 0, 1995),
('2017-02-22 23:38:56', 22, 0, 43, 0, 1996),
('2017-02-22 23:38:56', 23, 5, 43, 0, 1997),
('2017-02-22 23:38:56', 24, 3, 43, 0, 1998),
('2017-02-22 23:38:56', 25, 15, 43, 0, 1999),
('2017-02-22 23:38:56', 26, 6, 43, 0, 2000),
('2017-02-22 23:38:56', 27, 8, 43, 0, 2001),
('2017-02-22 23:38:56', 28, 7, 43, 0, 2002),
('2017-02-22 23:38:56', 29, 7, 43, 0, 2003),
('2017-02-22 23:38:56', 30, 6, 43, 0, 2004),
('2017-02-22 23:38:56', 31, 9, 43, 0, 2005),
('2017-02-22 23:38:56', 32, 14, 43, 0, 2006),
('2017-02-22 23:38:56', 33, 26, 43, 0, 2007),
('2017-02-22 23:38:56', 34, 7, 43, 0, 2008),
('2017-02-22 23:38:56', 35, 11, 43, 0, 2009),
('2017-02-22 23:38:56', 36, 8, 43, 0, 2010),
('2017-02-22 23:38:56', 37, 10, 43, 0, 2011),
('2017-02-22 23:38:56', 38, 9, 43, 0, 2012),
('2017-02-22 23:38:56', 39, 2, 43, 0, 2013),
('2017-02-22 23:38:56', 40, 6, 43, 0, 2014),
('2017-02-22 23:38:56', 41, 7, 43, 0, 2015),
('2017-02-22 23:38:56', 42, 9, 43, 0, 2016),
('2017-02-22 23:38:56', 43, 1, 43, 0, 2017),
('2017-02-22 23:38:56', 44, 4, 43, 0, 2018),
('2017-02-22 23:38:56', 45, 6, 43, 0, 2019),
('2017-02-22 23:38:56', 46, 0, 43, 0, 2020),
('2017-02-22 23:38:56', 47, 1, 43, 0, 2021),
('2017-02-23 23:39:18', 1, 7, 44, 0, 2022),
('2017-02-23 23:39:18', 2, 7, 44, 0, 2023),
('2017-02-23 23:39:18', 3, 6, 44, 0, 2024),
('2017-02-23 23:39:18', 4, 9, 44, 0, 2025),
('2017-02-23 23:39:18', 5, 7, 44, 0, 2026),
('2017-02-23 23:39:18', 6, 9, 44, 0, 2027),
('2017-02-23 23:39:18', 7, 10, 44, 0, 2028),
('2017-02-23 23:39:18', 8, 7, 44, 0, 2029),
('2017-02-23 23:39:18', 9, 8, 44, 0, 2030),
('2017-02-23 23:39:18', 10, 8, 44, 0, 2031),
('2017-02-23 23:39:18', 11, 7, 44, 0, 2032),
('2017-02-23 23:39:18', 12, 8, 44, 0, 2033),
('2017-02-23 23:39:18', 13, 5, 44, 0, 2034),
('2017-02-23 23:39:18', 14, 5, 44, 0, 2035),
('2017-02-23 23:39:18', 15, 6, 44, 0, 2036),
('2017-02-23 23:39:18', 16, 6, 44, 0, 2037),
('2017-02-23 23:39:18', 17, 8, 44, 0, 2038),
('2017-02-23 23:39:18', 18, 3, 44, 0, 2039),
('2017-02-23 23:39:18', 19, 6, 44, 0, 2040),
('2017-02-23 23:39:18', 20, 9, 44, 0, 2041),
('2017-02-23 23:39:18', 21, 9, 44, 0, 2042),
('2017-02-23 23:39:18', 22, 0, 44, 0, 2043),
('2017-02-23 23:39:18', 23, 5, 44, 0, 2044),
('2017-02-23 23:39:18', 24, 3, 44, 0, 2045),
('2017-02-23 23:39:18', 25, 15, 44, 0, 2046),
('2017-02-23 23:39:18', 26, 6, 44, 0, 2047),
('2017-02-23 23:39:18', 27, 8, 44, 0, 2048),
('2017-02-23 23:39:18', 28, 7, 44, 0, 2049),
('2017-02-23 23:39:18', 29, 5, 44, 0, 2050),
('2017-02-23 23:39:18', 30, 6, 44, 0, 2051),
('2017-02-23 23:39:18', 31, 9, 44, 0, 2052),
('2017-02-23 23:39:18', 32, 13, 44, 0, 2053),
('2017-02-23 23:39:18', 33, 26, 44, 0, 2054),
('2017-02-23 23:39:18', 34, 7, 44, 0, 2055),
('2017-02-23 23:39:18', 35, 11, 44, 0, 2056),
('2017-02-23 23:39:18', 36, 7, 44, 0, 2057),
('2017-02-23 23:39:18', 37, 10, 44, 0, 2058),
('2017-02-23 23:39:18', 38, 9, 44, 0, 2059),
('2017-02-23 23:39:18', 39, 2, 44, 0, 2060),
('2017-02-23 23:39:18', 40, 6, 44, 0, 2061),
('2017-02-23 23:39:18', 41, 5, 44, 0, 2062),
('2017-02-23 23:39:18', 42, 9, 44, 0, 2063),
('2017-02-23 23:39:18', 43, 5, 44, 0, 2064),
('2017-02-23 23:39:18', 44, 4, 44, 0, 2065),
('2017-02-23 23:39:18', 45, 6, 44, 0, 2066),
('2017-02-23 23:39:18', 46, 0, 44, 0, 2067),
('2017-02-23 23:39:18', 47, 1, 44, 0, 2068),
('2017-02-24 23:39:36', 1, 6, 45, 0, 2069),
('2017-02-24 23:39:36', 2, 8, 45, 0, 2070),
('2017-02-24 23:39:36', 3, 6, 45, 0, 2071),
('2017-02-24 23:39:36', 4, 8, 45, 0, 2072),
('2017-02-24 23:39:36', 5, 7, 45, 0, 2073),
('2017-02-24 23:39:36', 6, 9, 45, 0, 2074),
('2017-02-24 23:39:36', 7, 10, 45, 0, 2075),
('2017-02-24 23:39:36', 8, 7, 45, 0, 2076),
('2017-02-24 23:39:36', 9, 8, 45, 0, 2077),
('2017-02-24 23:39:36', 10, 8, 45, 0, 2078),
('2017-02-24 23:39:36', 11, 6, 45, 0, 2079),
('2017-02-24 23:39:36', 12, 8, 45, 0, 2080),
('2017-02-24 23:39:36', 13, 4, 45, 0, 2081),
('2017-02-24 23:39:36', 14, 5, 45, 0, 2082),
('2017-02-24 23:39:36', 15, 5, 45, 0, 2083),
('2017-02-24 23:39:36', 16, 6, 45, 0, 2084),
('2017-02-24 23:39:36', 17, 8, 45, 0, 2085),
('2017-02-24 23:39:36', 18, 3, 45, 0, 2086),
('2017-02-24 23:39:36', 19, 6, 45, 0, 2087),
('2017-02-24 23:39:36', 20, 9, 45, 0, 2088),
('2017-02-24 23:39:36', 21, 9, 45, 0, 2089),
('2017-02-24 23:39:36', 22, 0, 45, 0, 2090),
('2017-02-24 23:39:36', 23, 5, 45, 0, 2091),
('2017-02-24 23:39:36', 24, 3, 45, 0, 2092),
('2017-02-24 23:39:36', 25, 15, 45, 0, 2093),
('2017-02-24 23:39:36', 26, 6, 45, 0, 2094),
('2017-02-24 23:39:36', 27, 8, 45, 0, 2095),
('2017-02-24 23:39:36', 28, 7, 45, 0, 2096),
('2017-02-24 23:39:36', 29, 5, 45, 0, 2097),
('2017-02-24 23:39:36', 30, 6, 45, 0, 2098),
('2017-02-24 23:39:36', 31, 9, 45, 0, 2099),
('2017-02-24 23:39:36', 32, 13, 45, 0, 2100),
('2017-02-24 23:39:36', 33, 26, 45, 0, 2101),
('2017-02-24 23:39:36', 34, 7, 45, 0, 2102),
('2017-02-24 23:39:36', 35, 11, 45, 0, 2103),
('2017-02-24 23:39:36', 36, 7, 45, 0, 2104),
('2017-02-24 23:39:36', 37, 10, 45, 0, 2105),
('2017-02-24 23:39:36', 38, 9, 45, 0, 2106),
('2017-02-24 23:39:36', 39, 2, 45, 0, 2107),
('2017-02-24 23:39:36', 40, 6, 45, 0, 2108),
('2017-02-24 23:39:36', 41, 5, 45, 0, 2109),
('2017-02-24 23:39:36', 42, 9, 45, 0, 2110),
('2017-02-24 23:39:36', 43, 5, 45, 0, 2111),
('2017-02-24 23:39:36', 44, 4, 45, 0, 2112),
('2017-02-24 23:39:36', 45, 6, 45, 0, 2113),
('2017-02-24 23:39:36', 46, 0, 45, 0, 2114),
('2017-02-24 23:39:36', 47, 1, 45, 0, 2115),
('2017-02-27 23:39:55', 1, 5, 46, 0, 2116),
('2017-02-27 23:39:55', 2, 8, 46, 0, 2117),
('2017-02-27 23:39:55', 3, 4, 46, 0, 2118),
('2017-02-27 23:39:55', 4, 8, 46, 0, 2119),
('2017-02-27 23:39:55', 5, 7, 46, 0, 2120),
('2017-02-27 23:39:55', 6, 8, 46, 0, 2121),
('2017-02-27 23:39:55', 7, 10, 46, 0, 2122),
('2017-02-27 23:39:55', 8, 4, 46, 0, 2123),
('2017-02-27 23:39:55', 9, 8, 46, 0, 2124),
('2017-02-27 23:39:55', 10, 8, 46, 0, 2125),
('2017-02-27 23:39:55', 11, 5, 46, 0, 2126),
('2017-02-27 23:39:55', 12, 7, 46, 0, 2127),
('2017-02-27 23:39:55', 13, 7, 46, 0, 2128),
('2017-02-27 23:39:55', 14, 8, 46, 0, 2129),
('2017-02-27 23:39:55', 15, 10, 46, 0, 2130),
('2017-02-27 23:39:55', 16, 4, 46, 0, 2131),
('2017-02-27 23:39:55', 17, 8, 46, 0, 2132),
('2017-02-27 23:39:55', 18, 3, 46, 0, 2133),
('2017-02-27 23:39:55', 19, 5, 46, 0, 2134),
('2017-02-27 23:39:55', 20, 9, 46, 0, 2135),
('2017-02-27 23:39:55', 21, 9, 46, 0, 2136),
('2017-02-27 23:39:55', 22, 0, 46, 0, 2137),
('2017-02-27 23:39:55', 23, 5, 46, 0, 2138),
('2017-02-27 23:39:55', 24, 3, 46, 0, 2139),
('2017-02-27 23:39:55', 25, 14, 46, 0, 2140),
('2017-02-27 23:39:55', 26, 6, 46, 0, 2141),
('2017-02-27 23:39:55', 27, 8, 46, 0, 2142),
('2017-02-27 23:39:55', 28, 7, 46, 0, 2143),
('2017-02-27 23:39:55', 29, 10, 46, 0, 2144),
('2017-02-27 23:39:55', 30, 6, 46, 0, 2145),
('2017-02-27 23:39:55', 31, 9, 46, 0, 2146),
('2017-02-27 23:39:55', 32, 13, 46, 0, 2147),
('2017-02-27 23:39:55', 33, 26, 46, 0, 2148),
('2017-02-27 23:39:55', 34, 6, 46, 0, 2149),
('2017-02-27 23:39:55', 35, 11, 46, 0, 2150),
('2017-02-27 23:39:55', 36, 5, 46, 0, 2151),
('2017-02-27 23:39:55', 37, 9, 46, 0, 2152),
('2017-02-27 23:39:55', 38, 9, 46, 0, 2153),
('2017-02-27 23:39:55', 39, 2, 46, 0, 2154),
('2017-02-27 23:39:55', 40, 6, 46, 0, 2155),
('2017-02-27 23:39:55', 41, 10, 46, 0, 2156),
('2017-02-27 23:39:55', 42, 9, 46, 0, 2157),
('2017-02-27 23:39:55', 43, 5, 46, 0, 2158),
('2017-02-27 23:39:55', 44, 4, 46, 0, 2159),
('2017-02-27 23:39:55', 45, 6, 46, 0, 2160),
('2017-02-27 23:39:55', 46, 5, 46, 0, 2161),
('2017-02-27 23:39:55', 47, 1, 46, 0, 2162),
('2017-02-28 23:40:12', 1, 10, 47, 0, 2163),
('2017-02-28 23:40:12', 2, 8, 47, 0, 2164),
('2017-02-28 23:40:12', 3, 7, 47, 0, 2165),
('2017-02-28 23:40:12', 4, 7, 47, 0, 2166),
('2017-02-28 23:40:12', 5, 7, 47, 0, 2167),
('2017-02-28 23:40:12', 6, 8, 47, 0, 2168),
('2017-02-28 23:40:12', 7, 10, 47, 0, 2169),
('2017-02-28 23:40:12', 8, 9, 47, 0, 2170),
('2017-02-28 23:40:12', 9, 8, 47, 0, 2171),
('2017-02-28 23:40:12', 10, 8, 47, 0, 2172),
('2017-02-28 23:40:12', 11, 10, 47, 0, 2173),
('2017-02-28 23:40:12', 12, 7, 47, 0, 2174),
('2017-02-28 23:40:12', 13, 6, 47, 0, 2175),
('2017-02-28 23:40:12', 14, 7, 47, 0, 2176),
('2017-02-28 23:40:12', 15, 9, 47, 0, 2177),
('2017-02-28 23:40:12', 16, 9, 47, 0, 2178),
('2017-02-28 23:40:12', 17, 8, 47, 0, 2179),
('2017-02-28 23:40:12', 18, 3, 47, 0, 2180),
('2017-02-28 23:40:12', 19, 5, 47, 0, 2181),
('2017-02-28 23:40:12', 20, 9, 47, 0, 2182),
('2017-02-28 23:40:12', 21, 9, 47, 0, 2183),
('2017-02-28 23:40:12', 22, 0, 47, 0, 2184),
('2017-02-28 23:40:12', 23, 5, 47, 0, 2185),
('2017-02-28 23:40:12', 24, 3, 47, 0, 2186),
('2017-02-28 23:40:12', 25, 14, 47, 0, 2187),
('2017-02-28 23:40:12', 26, 6, 47, 0, 2188),
('2017-02-28 23:40:12', 27, 8, 47, 0, 2189),
('2017-02-28 23:40:12', 28, 7, 47, 0, 2190),
('2017-02-28 23:40:12', 29, 10, 47, 0, 2191),
('2017-02-28 23:40:12', 30, 5, 47, 0, 2192),
('2017-02-28 23:40:12', 31, 9, 47, 0, 2193),
('2017-02-28 23:40:12', 32, 13, 47, 0, 2194),
('2017-02-28 23:40:12', 33, 26, 47, 0, 2195),
('2017-02-28 23:40:12', 34, 6, 47, 0, 2196),
('2017-02-28 23:40:12', 35, 11, 47, 0, 2197),
('2017-02-28 23:40:12', 36, 5, 47, 0, 2198),
('2017-02-28 23:40:12', 37, 9, 47, 0, 2199),
('2017-02-28 23:40:12', 38, 9, 47, 0, 2200),
('2017-02-28 23:40:12', 39, 2, 47, 0, 2201),
('2017-02-28 23:40:12', 40, 6, 47, 0, 2202),
('2017-02-28 23:40:12', 41, 9, 47, 0, 2203),
('2017-02-28 23:40:12', 42, 9, 47, 0, 2204),
('2017-02-28 23:40:12', 43, 5, 47, 0, 2205),
('2017-02-28 23:40:12', 44, 4, 47, 0, 2206),
('2017-02-28 23:40:12', 45, 6, 47, 0, 2207),
('2017-02-28 23:40:12', 46, 2, 47, 0, 2208),
('2017-02-28 23:40:12', 47, 1, 47, 0, 2209),
('2017-03-01 09:08:11', 1, 4, 48, 0, 2210),
('2017-03-01 09:08:11', 2, 7, 48, 0, 2211),
('2017-03-01 09:08:11', 3, 7, 48, 0, 2212),
('2017-03-01 09:08:11', 4, 5, 48, 0, 2213),
('2017-03-01 09:08:11', 5, 7, 48, 0, 2214),
('2017-03-01 09:08:11', 6, 7, 48, 0, 2215),
('2017-03-01 09:08:11', 7, 9, 48, 0, 2216),
('2017-03-01 09:08:11', 8, 9, 48, 0, 2217),
('2017-03-01 09:08:11', 9, 8, 48, 0, 2218),
('2017-03-01 09:08:11', 10, 8, 48, 0, 2219),
('2017-03-01 09:08:11', 11, 8, 48, 0, 2220),
('2017-03-01 09:08:11', 12, 4, 48, 0, 2221),
('2017-03-01 09:08:11', 13, 5, 48, 0, 2222),
('2017-03-01 09:08:11', 14, 4, 48, 0, 2223),
('2017-03-01 09:08:11', 15, 7, 48, 0, 2224),
('2017-03-01 09:08:11', 16, 9, 48, 0, 2225),
('2017-03-01 09:08:11', 17, 8, 48, 0, 2226),
('2017-03-01 09:08:11', 18, 3, 48, 0, 2227),
('2017-03-01 09:08:11', 19, 5, 48, 0, 2228),
('2017-03-01 09:08:11', 20, 6, 48, 0, 2229),
('2017-03-01 09:08:11', 21, 9, 48, 0, 2230),
('2017-03-01 09:08:11', 22, 0, 48, 0, 2231),
('2017-03-01 09:08:11', 23, 5, 48, 0, 2232),
('2017-03-01 09:08:11', 24, 3, 48, 0, 2233),
('2017-03-01 09:08:11', 25, 14, 48, 0, 2234),
('2017-03-01 09:08:11', 26, 6, 48, 0, 2235),
('2017-03-01 09:08:11', 27, 8, 48, 0, 2236),
('2017-03-01 09:08:11', 28, 7, 48, 0, 2237),
('2017-03-01 09:08:11', 29, 9, 48, 0, 2238),
('2017-03-01 09:08:11', 30, 5, 48, 0, 2239),
('2017-03-01 09:08:11', 31, 9, 48, 0, 2240),
('2017-03-01 09:08:11', 32, 13, 48, 0, 2241),
('2017-03-01 09:08:11', 33, 26, 48, 0, 2242),
('2017-03-01 09:08:11', 34, 6, 48, 0, 2243),
('2017-03-01 09:08:11', 35, 11, 48, 0, 2244),
('2017-03-01 09:08:11', 36, 5, 48, 0, 2245),
('2017-03-01 09:08:11', 37, 9, 48, 0, 2246),
('2017-03-01 09:08:11', 38, 9, 48, 0, 2247),
('2017-03-01 09:08:11', 39, 2, 48, 0, 2248),
('2017-03-01 09:08:11', 40, 4, 48, 0, 2249),
('2017-03-01 09:08:11', 41, 7, 48, 0, 2250),
('2017-03-01 09:08:11', 42, 7, 48, 0, 2251),
('2017-03-01 09:08:11', 43, 4, 48, 0, 2252),
('2017-03-01 09:08:11', 44, 4, 48, 0, 2253),
('2017-03-01 09:08:11', 45, 6, 48, 0, 2254),
('2017-03-01 09:08:11', 46, 2, 48, 0, 2255),
('2017-03-01 09:08:11', 47, 1, 48, 0, 2256),
('2017-03-02 09:08:29', 1, 3, 49, 0, 2257),
('2017-03-02 09:08:29', 2, 7, 49, 0, 2258),
('2017-03-02 09:08:29', 3, 6, 49, 0, 2259),
('2017-03-02 09:08:29', 4, 5, 49, 0, 2260),
('2017-03-02 09:08:29', 5, 7, 49, 0, 2261),
('2017-03-02 09:08:29', 6, 7, 49, 0, 2262),
('2017-03-02 09:08:29', 7, 9, 49, 0, 2263),
('2017-03-02 09:08:29', 8, 5, 49, 0, 2264),
('2017-03-02 09:08:29', 9, 8, 49, 0, 2265),
('2017-03-02 09:08:29', 10, 8, 49, 0, 2266),
('2017-03-02 09:08:29', 11, 8, 49, 0, 2267),
('2017-03-02 09:08:29', 12, 4, 49, 0, 2268),
('2017-03-02 09:08:29', 13, 3, 49, 0, 2269),
('2017-03-02 09:08:29', 14, 4, 49, 0, 2270),
('2017-03-02 09:08:29', 15, 5, 49, 0, 2271),
('2017-03-02 09:08:29', 16, 9, 49, 0, 2272),
('2017-03-02 09:08:29', 17, 8, 49, 0, 2273),
('2017-03-02 09:08:29', 18, 3, 49, 0, 2274),
('2017-03-02 09:08:29', 19, 5, 49, 0, 2275),
('2017-03-02 09:08:29', 20, 6, 49, 0, 2276),
('2017-03-02 09:08:29', 21, 9, 49, 0, 2277),
('2017-03-02 09:08:29', 22, 0, 49, 0, 2278),
('2017-03-02 09:08:29', 23, 5, 49, 0, 2279),
('2017-03-02 09:08:29', 24, 3, 49, 0, 2280),
('2017-03-02 09:08:29', 25, 14, 49, 0, 2281),
('2017-03-02 09:08:29', 26, 6, 49, 0, 2282),
('2017-03-02 09:08:29', 27, 8, 49, 0, 2283),
('2017-03-02 09:08:29', 28, 7, 49, 0, 2284),
('2017-03-02 09:08:29', 29, 9, 49, 0, 2285),
('2017-03-02 09:08:29', 30, 5, 49, 0, 2286),
('2017-03-02 09:08:29', 31, 9, 49, 0, 2287),
('2017-03-02 09:08:29', 32, 12, 49, 0, 2288),
('2017-03-02 09:08:29', 33, 26, 49, 0, 2289),
('2017-03-02 09:08:29', 34, 6, 49, 0, 2290),
('2017-03-02 09:08:29', 35, 11, 49, 0, 2291),
('2017-03-02 09:08:29', 36, 5, 49, 0, 2292),
('2017-03-02 09:08:29', 37, 6, 49, 0, 2293),
('2017-03-02 09:08:29', 38, 9, 49, 0, 2294),
('2017-03-02 09:08:29', 39, 2, 49, 0, 2295),
('2017-03-02 09:08:29', 40, 4, 49, 0, 2296),
('2017-03-02 09:08:29', 41, 7, 49, 0, 2297),
('2017-03-02 09:08:29', 42, 7, 49, 0, 2298),
('2017-03-02 09:08:29', 43, 4, 49, 0, 2299),
('2017-03-02 09:08:29', 44, 4, 49, 0, 2300),
('2017-03-02 09:08:29', 45, 6, 49, 0, 2301),
('2017-03-02 09:08:29', 46, 2, 49, 0, 2302),
('2017-03-02 09:08:29', 47, 1, 49, 0, 2303),
('2017-03-03 09:08:48', 1, 7, 50, 0, 2304),
('2017-03-03 09:08:48', 2, 5, 50, 0, 2305),
('2017-03-03 09:08:48', 3, 5, 50, 0, 2306),
('2017-03-03 09:08:48', 4, 8, 50, 0, 2307),
('2017-03-03 09:08:48', 5, 7, 50, 0, 2308),
('2017-03-03 09:08:48', 6, 7, 50, 0, 2309),
('2017-03-03 09:08:48', 7, 9, 50, 0, 2310),
('2017-03-03 09:08:48', 8, 3, 50, 0, 2311),
('2017-03-03 09:08:48', 9, 8, 50, 0, 2312),
('2017-03-03 09:08:48', 10, 7, 50, 0, 2313),
('2017-03-03 09:08:48', 11, 8, 50, 0, 2314),
('2017-03-03 09:08:48', 12, 7, 50, 0, 2315),
('2017-03-03 09:08:48', 13, 5, 50, 0, 2316),
('2017-03-03 09:08:48', 14, 5, 50, 0, 2317),
('2017-03-03 09:08:48', 15, 6, 50, 0, 2318),
('2017-03-03 09:08:48', 16, 9, 50, 0, 2319),
('2017-03-03 09:08:48', 17, 7, 50, 0, 2320),
('2017-03-03 09:08:48', 18, 5, 50, 0, 2321),
('2017-03-03 09:08:48', 19, 10, 50, 0, 2322),
('2017-03-03 09:08:48', 20, 6, 50, 0, 2323),
('2017-03-03 09:08:48', 21, 8, 50, 0, 2324),
('2017-03-03 09:08:48', 22, 0, 50, 0, 2325),
('2017-03-03 09:08:48', 23, 5, 50, 0, 2326),
('2017-03-03 09:08:48', 24, 2, 50, 0, 2327),
('2017-03-03 09:08:48', 25, 14, 50, 0, 2328),
('2017-03-03 09:08:48', 26, 6, 50, 0, 2329),
('2017-03-03 09:08:48', 27, 8, 50, 0, 2330),
('2017-03-03 09:08:48', 28, 6, 50, 0, 2331),
('2017-03-03 09:08:48', 29, 9, 50, 0, 2332),
('2017-03-03 09:08:48', 30, 5, 50, 0, 2333),
('2017-03-03 09:08:48', 31, 9, 50, 0, 2334),
('2017-03-03 09:08:48', 32, 11, 50, 0, 2335),
('2017-03-03 09:08:48', 33, 25, 50, 0, 2336),
('2017-03-03 09:08:48', 34, 6, 50, 0, 2337),
('2017-03-03 09:08:48', 35, 9, 50, 0, 2338),
('2017-03-03 09:08:48', 36, 15, 50, 0, 2339),
('2017-03-03 09:08:48', 37, 15, 50, 0, 2340),
('2017-03-03 09:08:48', 38, 9, 50, 0, 2341),
('2017-03-03 09:08:48', 39, 2, 50, 0, 2342),
('2017-03-03 09:08:48', 40, 9, 50, 0, 2343),
('2017-03-03 09:08:48', 41, 4, 50, 0, 2344),
('2017-03-03 09:08:48', 42, 7, 50, 0, 2345),
('2017-03-03 09:08:48', 43, 4, 50, 0, 2346),
('2017-03-03 09:08:48', 44, 4, 50, 0, 2347),
('2017-03-03 09:08:48', 45, 5, 50, 0, 2348),
('2017-03-03 09:08:48', 46, 7, 50, 0, 2349),
('2017-03-03 09:08:48', 47, 1, 50, 0, 2350),
('2017-03-04 09:09:07', 1, 5, 51, 0, 2351),
('2017-03-04 09:09:07', 2, 5, 51, 0, 2352),
('2017-03-04 09:09:07', 3, 3, 51, 0, 2353),
('2017-03-04 09:09:07', 4, 8, 51, 0, 2354),
('2017-03-04 09:09:07', 5, 7, 51, 0, 2355);
INSERT INTO `detail_sisa_stok_obat` (`tgl_transaksi`, `id_obat`, `jumlah_sisa`, `id_apotik`, `waktu`, `id_detail_sisa_stok_obat`) VALUES
('2017-03-04 09:09:07', 6, 7, 51, 0, 2356),
('2017-03-04 09:09:07', 7, 9, 51, 0, 2357),
('2017-03-04 09:09:07', 8, 2, 51, 0, 2358),
('2017-03-04 09:09:07', 9, 8, 51, 0, 2359),
('2017-03-04 09:09:07', 10, 6, 51, 0, 2360),
('2017-03-04 09:09:07', 11, 8, 51, 0, 2361),
('2017-03-04 09:09:07', 12, 5, 51, 0, 2362),
('2017-03-04 09:09:07', 13, 3, 51, 0, 2363),
('2017-03-04 09:09:07', 14, 5, 51, 0, 2364),
('2017-03-04 09:09:07', 15, 6, 51, 0, 2365),
('2017-03-04 09:09:07', 16, 9, 51, 0, 2366),
('2017-03-04 09:09:07', 17, 7, 51, 0, 2367),
('2017-03-04 09:09:07', 18, 3, 51, 0, 2368),
('2017-03-04 09:09:07', 19, 9, 51, 0, 2369),
('2017-03-04 09:09:07', 20, 6, 51, 0, 2370),
('2017-03-04 09:09:07', 21, 7, 51, 0, 2371),
('2017-03-04 09:09:07', 22, 0, 51, 0, 2372),
('2017-03-04 09:09:07', 23, 5, 51, 0, 2373),
('2017-03-04 09:09:07', 24, 1, 51, 0, 2374),
('2017-03-04 09:09:07', 25, 14, 51, 0, 2375),
('2017-03-04 09:09:07', 26, 6, 51, 0, 2376),
('2017-03-04 09:09:07', 27, 8, 51, 0, 2377),
('2017-03-04 09:09:07', 28, 6, 51, 0, 2378),
('2017-03-04 09:09:07', 29, 9, 51, 0, 2379),
('2017-03-04 09:09:07', 30, 5, 51, 0, 2380),
('2017-03-04 09:09:07', 31, 9, 51, 0, 2381),
('2017-03-04 09:09:07', 32, 11, 51, 0, 2382),
('2017-03-04 09:09:07', 33, 25, 51, 0, 2383),
('2017-03-04 09:09:07', 34, 6, 51, 0, 2384),
('2017-03-04 09:09:07', 35, 9, 51, 0, 2385),
('2017-03-04 09:09:07', 36, 15, 51, 0, 2386),
('2017-03-04 09:09:07', 37, 15, 51, 0, 2387),
('2017-03-04 09:09:07', 38, 9, 51, 0, 2388),
('2017-03-04 09:09:07', 39, 2, 51, 0, 2389),
('2017-03-04 09:09:07', 40, 5, 51, 0, 2390),
('2017-03-04 09:09:07', 41, 4, 51, 0, 2391),
('2017-03-04 09:09:07', 42, 7, 51, 0, 2392),
('2017-03-04 09:09:07', 43, 4, 51, 0, 2393),
('2017-03-04 09:09:07', 44, 4, 51, 0, 2394),
('2017-03-04 09:09:07', 45, 5, 51, 0, 2395),
('2017-03-04 09:09:07', 46, 7, 51, 0, 2396),
('2017-03-04 09:09:07', 47, 1, 51, 0, 2397),
('2017-03-06 09:09:29', 1, 8, 52, 0, 2398),
('2017-03-06 09:09:29', 2, 9, 52, 0, 2399),
('2017-03-06 09:09:29', 3, 5, 52, 0, 2400),
('2017-03-06 09:09:29', 4, 5, 52, 0, 2401),
('2017-03-06 09:09:29', 5, 7, 52, 0, 2402),
('2017-03-06 09:09:29', 6, 6, 52, 0, 2403),
('2017-03-06 09:09:29', 7, 8, 52, 0, 2404),
('2017-03-06 09:09:29', 8, 5, 52, 0, 2405),
('2017-03-06 09:09:29', 9, 8, 52, 0, 2406),
('2017-03-06 09:09:29', 10, 4, 52, 0, 2407),
('2017-03-06 09:09:29', 11, 7, 52, 0, 2408),
('2017-03-06 09:09:29', 12, 7, 52, 0, 2409),
('2017-03-06 09:09:29', 13, 6, 52, 0, 2410),
('2017-03-06 09:09:29', 14, 9, 52, 0, 2411),
('2017-03-06 09:09:29', 15, 9, 52, 0, 2412),
('2017-03-06 09:09:29', 16, 7, 52, 0, 2413),
('2017-03-06 09:09:29', 17, 7, 52, 0, 2414),
('2017-03-06 09:09:29', 18, 3, 52, 0, 2415),
('2017-03-06 09:09:29', 19, 9, 52, 0, 2416),
('2017-03-06 09:09:29', 20, 6, 52, 0, 2417),
('2017-03-06 09:09:29', 21, 5, 52, 0, 2418),
('2017-03-06 09:09:29', 22, 0, 52, 0, 2419),
('2017-03-06 09:09:29', 23, 5, 52, 0, 2420),
('2017-03-06 09:09:29', 24, 0, 52, 0, 2421),
('2017-03-06 09:09:29', 25, 14, 52, 0, 2422),
('2017-03-06 09:09:29', 26, 6, 52, 0, 2423),
('2017-03-06 09:09:29', 27, 8, 52, 0, 2424),
('2017-03-06 09:09:29', 28, 6, 52, 0, 2425),
('2017-03-06 09:09:29', 29, 8, 52, 0, 2426),
('2017-03-06 09:09:29', 30, 8, 52, 0, 2427),
('2017-03-06 09:09:29', 31, 7, 52, 0, 2428),
('2017-03-06 09:09:29', 32, 11, 52, 0, 2429),
('2017-03-06 09:09:29', 33, 26, 52, 0, 2430),
('2017-03-06 09:09:29', 34, 6, 52, 0, 2431),
('2017-03-06 09:09:29', 35, 8, 52, 0, 2432),
('2017-03-06 09:09:29', 36, 15, 52, 0, 2433),
('2017-03-06 09:09:29', 37, 14, 52, 0, 2434),
('2017-03-06 09:09:29', 38, 9, 52, 0, 2435),
('2017-03-06 09:09:29', 39, 2, 52, 0, 2436),
('2017-03-06 09:09:29', 40, 9, 52, 0, 2437),
('2017-03-06 09:09:29', 41, 9, 52, 0, 2438),
('2017-03-06 09:09:29', 42, 6, 52, 0, 2439),
('2017-03-06 09:09:29', 43, 5, 52, 0, 2440),
('2017-03-06 09:09:29', 44, 4, 52, 0, 2441),
('2017-03-06 09:09:29', 45, 10, 52, 0, 2442),
('2017-03-06 09:09:29', 46, 6, 52, 0, 2443),
('2017-03-06 09:09:29', 47, 0, 52, 0, 2444),
('2017-03-07 09:10:02', 1, 5, 53, 0, 2445),
('2017-03-07 09:10:02', 2, 9, 53, 0, 2446),
('2017-03-07 09:10:02', 3, 9, 53, 0, 2447),
('2017-03-07 09:10:02', 4, 10, 53, 0, 2448),
('2017-03-07 09:10:02', 5, 7, 53, 0, 2449),
('2017-03-07 09:10:02', 6, 5, 53, 0, 2450),
('2017-03-07 09:10:02', 7, 7, 53, 0, 2451),
('2017-03-07 09:10:02', 8, 10, 53, 0, 2452),
('2017-03-07 09:10:02', 9, 8, 53, 0, 2453),
('2017-03-07 09:10:02', 10, 8, 53, 0, 2454),
('2017-03-07 09:10:02', 11, 7, 53, 0, 2455),
('2017-03-07 09:10:02', 12, 6, 53, 0, 2456),
('2017-03-07 09:10:02', 13, 5, 53, 0, 2457),
('2017-03-07 09:10:02', 14, 9, 53, 0, 2458),
('2017-03-07 09:10:02', 15, 8, 53, 0, 2459),
('2017-03-07 09:10:02', 16, 7, 53, 0, 2460),
('2017-03-07 09:10:02', 17, 7, 53, 0, 2461),
('2017-03-07 09:10:02', 18, 3, 53, 0, 2462),
('2017-03-07 09:10:02', 19, 9, 53, 0, 2463),
('2017-03-07 09:10:02', 20, 6, 53, 0, 2464),
('2017-03-07 09:10:02', 21, 10, 53, 0, 2465),
('2017-03-07 09:10:02', 22, 0, 53, 0, 2466),
('2017-03-07 09:10:02', 23, 5, 53, 0, 2467),
('2017-03-07 09:10:02', 24, 0, 53, 0, 2468),
('2017-03-07 09:10:02', 25, 14, 53, 0, 2469),
('2017-03-07 09:10:02', 26, 6, 53, 0, 2470),
('2017-03-07 09:10:02', 27, 8, 53, 0, 2471),
('2017-03-07 09:10:02', 28, 6, 53, 0, 2472),
('2017-03-07 09:10:02', 29, 7, 53, 0, 2473),
('2017-03-07 09:10:02', 30, 8, 53, 0, 2474),
('2017-03-07 09:10:02', 31, 7, 53, 0, 2475),
('2017-03-07 09:10:02', 32, 11, 53, 0, 2476),
('2017-03-07 09:10:02', 33, 26, 53, 0, 2477),
('2017-03-07 09:10:02', 34, 18, 53, 0, 2478),
('2017-03-07 09:10:02', 35, 14, 53, 0, 2479),
('2017-03-07 09:10:02', 36, 15, 53, 0, 2480),
('2017-03-07 09:10:02', 37, 14, 53, 0, 2481),
('2017-03-07 09:10:02', 38, 9, 53, 0, 2482),
('2017-03-07 09:10:02', 39, 2, 53, 0, 2483),
('2017-03-07 09:10:02', 40, 9, 53, 0, 2484),
('2017-03-07 09:10:02', 41, 8, 53, 0, 2485),
('2017-03-07 09:10:02', 42, 6, 53, 0, 2486),
('2017-03-07 09:10:02', 43, 5, 53, 0, 2487),
('2017-03-07 09:10:02', 44, 4, 53, 0, 2488),
('2017-03-07 09:10:02', 45, 10, 53, 0, 2489),
('2017-03-07 09:10:02', 46, 6, 53, 0, 2490),
('2017-03-07 09:10:02', 47, 0, 53, 0, 2491),
('2017-03-08 09:10:27', 1, 7, 54, 0, 2492),
('2017-03-08 09:10:27', 2, 9, 54, 0, 2493),
('2017-03-08 09:10:27', 3, 8, 54, 0, 2494),
('2017-03-08 09:10:27', 4, 9, 54, 0, 2495),
('2017-03-08 09:10:27', 5, 7, 54, 0, 2496),
('2017-03-08 09:10:27', 6, 10, 54, 0, 2497),
('2017-03-08 09:10:27', 7, 7, 54, 0, 2498),
('2017-03-08 09:10:27', 8, 8, 54, 0, 2499),
('2017-03-08 09:10:27', 9, 8, 54, 0, 2500),
('2017-03-08 09:10:27', 10, 8, 54, 0, 2501),
('2017-03-08 09:10:27', 11, 6, 54, 0, 2502),
('2017-03-08 09:10:27', 12, 8, 54, 0, 2503),
('2017-03-08 09:10:27', 13, 9, 54, 0, 2504),
('2017-03-08 09:10:27', 14, 4, 54, 0, 2505),
('2017-03-08 09:10:27', 15, 8, 54, 0, 2506),
('2017-03-08 09:10:27', 16, 7, 54, 0, 2507),
('2017-03-08 09:10:27', 17, 7, 54, 0, 2508),
('2017-03-08 09:10:27', 18, 3, 54, 0, 2509),
('2017-03-08 09:10:27', 19, 9, 54, 0, 2510),
('2017-03-08 09:10:27', 20, 5, 54, 0, 2511),
('2017-03-08 09:10:27', 21, 10, 54, 0, 2512),
('2017-03-08 09:10:27', 22, 0, 54, 0, 2513),
('2017-03-08 09:10:27', 23, 5, 54, 0, 2514),
('2017-03-08 09:10:27', 24, 0, 54, 0, 2515),
('2017-03-08 09:10:27', 25, 14, 54, 0, 2516),
('2017-03-08 09:10:27', 26, 5, 54, 0, 2517),
('2017-03-08 09:10:27', 27, 8, 54, 0, 2518),
('2017-03-08 09:10:27', 28, 5, 54, 0, 2519),
('2017-03-08 09:10:27', 29, 7, 54, 0, 2520),
('2017-03-08 09:10:27', 30, 8, 54, 0, 2521),
('2017-03-08 09:10:27', 31, 6, 54, 0, 2522),
('2017-03-08 09:10:27', 32, 11, 54, 0, 2523),
('2017-03-08 09:10:27', 33, 26, 54, 0, 2524),
('2017-03-08 09:10:27', 34, 18, 54, 0, 2525),
('2017-03-08 09:10:27', 35, 14, 54, 0, 2526),
('2017-03-08 09:10:27', 36, 15, 54, 0, 2527),
('2017-03-08 09:10:27', 37, 14, 54, 0, 2528),
('2017-03-08 09:10:27', 38, 9, 54, 0, 2529),
('2017-03-08 09:10:27', 39, 2, 54, 0, 2530),
('2017-03-08 09:10:27', 40, 9, 54, 0, 2531),
('2017-03-08 09:10:27', 41, 7, 54, 0, 2532),
('2017-03-08 09:10:27', 42, 6, 54, 0, 2533),
('2017-03-08 09:10:27', 43, 5, 54, 0, 2534),
('2017-03-08 09:10:27', 44, 4, 54, 0, 2535),
('2017-03-08 09:10:27', 45, 10, 54, 0, 2536),
('2017-03-08 09:10:27', 46, 6, 54, 0, 2537),
('2017-03-08 09:10:27', 47, 0, 54, 0, 2538),
('2017-03-09 09:10:49', 1, 7, 55, 0, 2539),
('2017-03-09 09:10:49', 2, 8, 55, 0, 2540),
('2017-03-09 09:10:49', 3, 7, 55, 0, 2541),
('2017-03-09 09:10:49', 4, 9, 55, 0, 2542),
('2017-03-09 09:10:49', 5, 7, 55, 0, 2543),
('2017-03-09 09:10:49', 6, 10, 55, 0, 2544),
('2017-03-09 09:10:49', 7, 7, 55, 0, 2545),
('2017-03-09 09:10:49', 8, 8, 55, 0, 2546),
('2017-03-09 09:10:49', 9, 8, 55, 0, 2547),
('2017-03-09 09:10:49', 10, 8, 55, 0, 2548),
('2017-03-09 09:10:49', 11, 6, 55, 0, 2549),
('2017-03-09 09:10:49', 12, 7, 55, 0, 2550),
('2017-03-09 09:10:49', 13, 9, 55, 0, 2551),
('2017-03-09 09:10:49', 14, 8, 55, 0, 2552),
('2017-03-09 09:10:49', 15, 7, 55, 0, 2553),
('2017-03-09 09:10:49', 16, 7, 55, 0, 2554),
('2017-03-09 09:10:49', 17, 7, 55, 0, 2555),
('2017-03-09 09:10:49', 18, 3, 55, 0, 2556),
('2017-03-09 09:10:49', 19, 9, 55, 0, 2557),
('2017-03-09 09:10:49', 20, 5, 55, 0, 2558),
('2017-03-09 09:10:49', 21, 10, 55, 0, 2559),
('2017-03-09 09:10:49', 22, 0, 55, 0, 2560),
('2017-03-09 09:10:49', 23, 5, 55, 0, 2561),
('2017-03-09 09:10:49', 24, 0, 55, 0, 2562),
('2017-03-09 09:10:49', 25, 14, 55, 0, 2563),
('2017-03-09 09:10:49', 26, 10, 55, 0, 2564),
('2017-03-09 09:10:49', 27, 8, 55, 0, 2565),
('2017-03-09 09:10:49', 28, 10, 55, 0, 2566),
('2017-03-09 09:10:49', 29, 7, 55, 0, 2567),
('2017-03-09 09:10:49', 30, 8, 55, 0, 2568),
('2017-03-09 09:10:49', 31, 6, 55, 0, 2569),
('2017-03-09 09:10:49', 32, 10, 55, 0, 2570),
('2017-03-09 09:10:49', 33, 26, 55, 0, 2571),
('2017-03-09 09:10:49', 34, 18, 55, 0, 2572),
('2017-03-09 09:10:49', 35, 14, 55, 0, 2573),
('2017-03-09 09:10:49', 36, 15, 55, 0, 2574),
('2017-03-09 09:10:49', 37, 14, 55, 0, 2575),
('2017-03-09 09:10:49', 38, 9, 55, 0, 2576),
('2017-03-09 09:10:49', 39, 2, 55, 0, 2577),
('2017-03-09 09:10:49', 40, 9, 55, 0, 2578),
('2017-03-09 09:10:49', 41, 5, 55, 0, 2579),
('2017-03-09 09:10:49', 42, 6, 55, 0, 2580),
('2017-03-09 09:10:49', 43, 5, 55, 0, 2581),
('2017-03-09 09:10:49', 44, 4, 55, 0, 2582),
('2017-03-09 09:10:49', 45, 10, 55, 0, 2583),
('2017-03-09 09:10:49', 46, 5, 55, 0, 2584),
('2017-03-09 09:10:49', 47, 0, 55, 0, 2585),
('2017-03-10 09:11:11', 1, 4, 56, 0, 2586),
('2017-03-10 09:11:11', 2, 5, 56, 0, 2587),
('2017-03-10 09:11:11', 3, 7, 56, 0, 2588),
('2017-03-10 09:11:11', 4, 8, 56, 0, 2589),
('2017-03-10 09:11:11', 5, 7, 56, 0, 2590),
('2017-03-10 09:11:11', 6, 10, 56, 0, 2591),
('2017-03-10 09:11:11', 7, 7, 56, 0, 2592),
('2017-03-10 09:11:11', 8, 8, 56, 0, 2593),
('2017-03-10 09:11:11', 9, 8, 56, 0, 2594),
('2017-03-10 09:11:11', 10, 8, 56, 0, 2595),
('2017-03-10 09:11:11', 11, 2, 56, 0, 2596),
('2017-03-10 09:11:11', 12, 5, 56, 0, 2597),
('2017-03-10 09:11:11', 13, 8, 56, 0, 2598),
('2017-03-10 09:11:11', 14, 4, 56, 0, 2599),
('2017-03-10 09:11:11', 15, 6, 56, 0, 2600),
('2017-03-10 09:11:11', 16, 8, 56, 0, 2601),
('2017-03-10 09:11:11', 17, 6, 56, 0, 2602),
('2017-03-10 09:11:11', 18, 3, 56, 0, 2603),
('2017-03-10 09:11:11', 19, 9, 56, 0, 2604),
('2017-03-10 09:11:11', 20, 5, 56, 0, 2605),
('2017-03-10 09:11:11', 21, 10, 56, 0, 2606),
('2017-03-10 09:11:11', 22, 0, 56, 0, 2607),
('2017-03-10 09:11:11', 23, 5, 56, 0, 2608),
('2017-03-10 09:11:11', 24, 0, 56, 0, 2609),
('2017-03-10 09:11:11', 25, 14, 56, 0, 2610),
('2017-03-10 09:11:11', 26, 10, 56, 0, 2611),
('2017-03-10 09:11:11', 27, 8, 56, 0, 2612),
('2017-03-10 09:11:11', 28, 10, 56, 0, 2613),
('2017-03-10 09:11:11', 29, 7, 56, 0, 2614),
('2017-03-10 09:11:11', 30, 8, 56, 0, 2615),
('2017-03-10 09:11:11', 31, 6, 56, 0, 2616),
('2017-03-10 09:11:11', 32, 10, 56, 0, 2617),
('2017-03-10 09:11:11', 33, 26, 56, 0, 2618),
('2017-03-10 09:11:11', 34, 18, 56, 0, 2619),
('2017-03-10 09:11:11', 35, 14, 56, 0, 2620),
('2017-03-10 09:11:11', 36, 15, 56, 0, 2621),
('2017-03-10 09:11:11', 37, 14, 56, 0, 2622),
('2017-03-10 09:11:11', 38, 9, 56, 0, 2623),
('2017-03-10 09:11:11', 39, 2, 56, 0, 2624),
('2017-03-10 09:11:11', 40, 9, 56, 0, 2625),
('2017-03-10 09:11:11', 41, 5, 56, 0, 2626),
('2017-03-10 09:11:11', 42, 5, 56, 0, 2627),
('2017-03-10 09:11:11', 43, 5, 56, 0, 2628),
('2017-03-10 09:11:11', 44, 4, 56, 0, 2629),
('2017-03-10 09:11:11', 45, 10, 56, 0, 2630),
('2017-03-10 09:11:11', 46, 5, 56, 0, 2631),
('2017-03-10 09:11:11', 47, 0, 56, 0, 2632),
('2017-03-13 09:11:31', 1, 8, 57, 0, 2633),
('2017-03-13 09:11:31', 2, 9, 57, 0, 2634),
('2017-03-13 09:11:31', 3, 5, 57, 0, 2635),
('2017-03-13 09:11:31', 4, 8, 57, 0, 2636),
('2017-03-13 09:11:31', 5, 7, 57, 0, 2637),
('2017-03-13 09:11:31', 6, 9, 57, 0, 2638),
('2017-03-13 09:11:31', 7, 7, 57, 0, 2639),
('2017-03-13 09:11:31', 8, 6, 57, 0, 2640),
('2017-03-13 09:11:31', 9, 8, 57, 0, 2641),
('2017-03-13 09:11:31', 10, 7, 57, 0, 2642),
('2017-03-13 09:11:31', 11, 2, 57, 0, 2643),
('2017-03-13 09:11:31', 12, 9, 57, 0, 2644),
('2017-03-13 09:11:31', 13, 5, 57, 0, 2645),
('2017-03-13 09:11:31', 14, 4, 57, 0, 2646),
('2017-03-13 09:11:31', 15, 6, 57, 0, 2647),
('2017-03-13 09:11:31', 16, 8, 57, 0, 2648),
('2017-03-13 09:11:31', 17, 6, 57, 0, 2649),
('2017-03-13 09:11:31', 18, 3, 57, 0, 2650),
('2017-03-13 09:11:31', 19, 9, 57, 0, 2651),
('2017-03-13 09:11:31', 20, 4, 57, 0, 2652),
('2017-03-13 09:11:31', 21, 9, 57, 0, 2653),
('2017-03-13 09:11:31', 22, 0, 57, 0, 2654),
('2017-03-13 09:11:31', 23, 4, 57, 0, 2655),
('2017-03-13 09:11:31', 24, 0, 57, 0, 2656),
('2017-03-13 09:11:31', 25, 14, 57, 0, 2657),
('2017-03-13 09:11:31', 26, 10, 57, 0, 2658),
('2017-03-13 09:11:31', 27, 7, 57, 0, 2659),
('2017-03-13 09:11:31', 28, 10, 57, 0, 2660),
('2017-03-13 09:11:31', 29, 11, 57, 0, 2661),
('2017-03-13 09:11:31', 30, 8, 57, 0, 2662),
('2017-03-13 09:11:31', 31, 6, 57, 0, 2663),
('2017-03-13 09:11:31', 32, 10, 57, 0, 2664),
('2017-03-13 09:11:31', 33, 26, 57, 0, 2665),
('2017-03-13 09:11:31', 34, 18, 57, 0, 2666),
('2017-03-13 09:11:31', 35, 14, 57, 0, 2667),
('2017-03-13 09:11:31', 36, 14, 57, 0, 2668),
('2017-03-13 09:11:31', 37, 12, 57, 0, 2669),
('2017-03-13 09:11:31', 38, 9, 57, 0, 2670),
('2017-03-13 09:11:31', 39, 2, 57, 0, 2671),
('2017-03-13 09:11:31', 40, 9, 57, 0, 2672),
('2017-03-13 09:11:31', 41, 6, 57, 0, 2673),
('2017-03-13 09:11:31', 42, 3, 57, 0, 2674),
('2017-03-13 09:11:31', 43, 5, 57, 0, 2675),
('2017-03-13 09:11:31', 44, 4, 57, 0, 2676),
('2017-03-13 09:11:31', 45, 8, 57, 0, 2677),
('2017-03-13 09:11:31', 46, 5, 57, 0, 2678),
('2017-03-13 09:11:31', 47, 0, 57, 0, 2679),
('2017-03-14 09:11:52', 1, 4, 58, 0, 2680),
('2017-03-14 09:11:52', 2, 9, 58, 0, 2681),
('2017-03-14 09:11:52', 3, 8, 58, 0, 2682),
('2017-03-14 09:11:52', 4, 8, 58, 0, 2683),
('2017-03-14 09:11:52', 5, 7, 58, 0, 2684),
('2017-03-14 09:11:52', 6, 9, 58, 0, 2685),
('2017-03-14 09:11:52', 7, 7, 58, 0, 2686),
('2017-03-14 09:11:52', 8, 10, 58, 0, 2687),
('2017-03-14 09:11:52', 9, 7, 58, 0, 2688),
('2017-03-14 09:11:52', 10, 7, 58, 0, 2689),
('2017-03-14 09:11:52', 11, 7, 58, 0, 2690),
('2017-03-14 09:11:52', 12, 7, 58, 0, 2691),
('2017-03-14 09:11:52', 13, 10, 58, 0, 2692),
('2017-03-14 09:11:52', 14, 6, 58, 0, 2693),
('2017-03-14 09:11:52', 15, 6, 58, 0, 2694),
('2017-03-14 09:11:52', 16, 7, 58, 0, 2695),
('2017-03-14 09:11:52', 17, 6, 58, 0, 2696),
('2017-03-14 09:11:52', 18, 3, 58, 0, 2697),
('2017-03-14 09:11:52', 19, 9, 58, 0, 2698),
('2017-03-14 09:11:52', 20, 10, 58, 0, 2699),
('2017-03-14 09:11:52', 21, 9, 58, 0, 2700),
('2017-03-14 09:11:52', 22, 0, 58, 0, 2701),
('2017-03-14 09:11:52', 23, 4, 58, 0, 2702),
('2017-03-14 09:11:52', 24, 0, 58, 0, 2703),
('2017-03-14 09:11:52', 25, 14, 58, 0, 2704),
('2017-03-14 09:11:52', 26, 10, 58, 0, 2705),
('2017-03-14 09:11:52', 27, 7, 58, 0, 2706),
('2017-03-14 09:11:52', 28, 10, 58, 0, 2707),
('2017-03-14 09:11:52', 29, 11, 58, 0, 2708),
('2017-03-14 09:11:52', 30, 8, 58, 0, 2709),
('2017-03-14 09:11:52', 31, 6, 58, 0, 2710),
('2017-03-14 09:11:52', 32, 10, 58, 0, 2711),
('2017-03-14 09:11:52', 33, 26, 58, 0, 2712),
('2017-03-14 09:11:52', 34, 18, 58, 0, 2713),
('2017-03-14 09:11:52', 35, 14, 58, 0, 2714),
('2017-03-14 09:11:52', 36, 14, 58, 0, 2715),
('2017-03-14 09:11:52', 37, 12, 58, 0, 2716),
('2017-03-14 09:11:52', 38, 9, 58, 0, 2717),
('2017-03-14 09:11:52', 39, 2, 58, 0, 2718),
('2017-03-14 09:11:52', 40, 9, 58, 0, 2719),
('2017-03-14 09:11:52', 41, 9, 58, 0, 2720),
('2017-03-14 09:11:52', 42, 3, 58, 0, 2721),
('2017-03-14 09:11:52', 43, 5, 58, 0, 2722),
('2017-03-14 09:11:52', 44, 4, 58, 0, 2723),
('2017-03-14 09:11:52', 45, 8, 58, 0, 2724),
('2017-03-14 09:11:52', 46, 8, 58, 0, 2725),
('2017-03-14 09:11:52', 47, 0, 58, 0, 2726),
('2017-03-15 09:12:41', 1, 10, 59, 0, 2727),
('2017-03-15 09:12:41', 2, 7, 59, 0, 2728),
('2017-03-15 09:12:41', 3, 6, 59, 0, 2729),
('2017-03-15 09:12:41', 4, 7, 59, 0, 2730),
('2017-03-15 09:12:41', 5, 7, 59, 0, 2731),
('2017-03-15 09:12:41', 6, 9, 59, 0, 2732),
('2017-03-15 09:12:41', 7, 7, 59, 0, 2733),
('2017-03-15 09:12:41', 8, 10, 59, 0, 2734),
('2017-03-15 09:12:41', 9, 7, 59, 0, 2735),
('2017-03-15 09:12:41', 10, 7, 59, 0, 2736),
('2017-03-15 09:12:41', 11, 6, 59, 0, 2737),
('2017-03-15 09:12:41', 12, 9, 59, 0, 2738),
('2017-03-15 09:12:41', 13, 8, 59, 0, 2739),
('2017-03-15 09:12:41', 14, 5, 59, 0, 2740),
('2017-03-15 09:12:41', 15, 10, 59, 0, 2741),
('2017-03-15 09:12:41', 16, 7, 59, 0, 2742),
('2017-03-15 09:12:41', 17, 6, 59, 0, 2743),
('2017-03-15 09:12:41', 18, 3, 59, 0, 2744),
('2017-03-15 09:12:41', 19, 9, 59, 0, 2745),
('2017-03-15 09:12:41', 20, 9, 59, 0, 2746),
('2017-03-15 09:12:41', 21, 8, 59, 0, 2747),
('2017-03-15 09:12:41', 22, 0, 59, 0, 2748),
('2017-03-15 09:12:41', 23, 4, 59, 0, 2749),
('2017-03-15 09:12:41', 24, 0, 59, 0, 2750),
('2017-03-15 09:12:41', 25, 14, 59, 0, 2751),
('2017-03-15 09:12:41', 26, 9, 59, 0, 2752),
('2017-03-15 09:12:41', 27, 6, 59, 0, 2753),
('2017-03-15 09:12:41', 28, 10, 59, 0, 2754),
('2017-03-15 09:12:41', 29, 11, 59, 0, 2755),
('2017-03-15 09:12:41', 30, 8, 59, 0, 2756),
('2017-03-15 09:12:41', 31, 6, 59, 0, 2757),
('2017-03-15 09:12:41', 32, 9, 59, 0, 2758),
('2017-03-15 09:12:41', 33, 26, 59, 0, 2759),
('2017-03-15 09:12:41', 34, 18, 59, 0, 2760),
('2017-03-15 09:12:41', 35, 12, 59, 0, 2761),
('2017-03-15 09:12:41', 36, 14, 59, 0, 2762),
('2017-03-15 09:12:41', 37, 12, 59, 0, 2763),
('2017-03-15 09:12:41', 38, 9, 59, 0, 2764),
('2017-03-15 09:12:41', 39, 1, 59, 0, 2765),
('2017-03-15 09:12:41', 40, 8, 59, 0, 2766),
('2017-03-15 09:12:41', 41, 9, 59, 0, 2767),
('2017-03-15 09:12:41', 42, 3, 59, 0, 2768),
('2017-03-15 09:12:41', 43, 5, 59, 0, 2769),
('2017-03-15 09:12:41', 44, 4, 59, 0, 2770),
('2017-03-15 09:12:41', 45, 7, 59, 0, 2771),
('2017-03-15 09:12:41', 46, 7, 59, 0, 2772),
('2017-03-15 09:12:41', 47, 0, 59, 0, 2773),
('2017-03-16 09:13:05', 1, 8, 60, 0, 2774),
('2017-03-16 09:13:05', 2, 7, 60, 0, 2775),
('2017-03-16 09:13:05', 3, 10, 60, 0, 2776),
('2017-03-16 09:13:05', 4, 10, 60, 0, 2777),
('2017-03-16 09:13:05', 5, 7, 60, 0, 2778),
('2017-03-16 09:13:05', 6, 8, 60, 0, 2779),
('2017-03-16 09:13:05', 7, 7, 60, 0, 2780),
('2017-03-16 09:13:05', 8, 9, 60, 0, 2781),
('2017-03-16 09:13:05', 9, 7, 60, 0, 2782),
('2017-03-16 09:13:05', 10, 7, 60, 0, 2783),
('2017-03-16 09:13:05', 11, 6, 60, 0, 2784),
('2017-03-16 09:13:05', 12, 9, 60, 0, 2785),
('2017-03-16 09:13:05', 13, 5, 60, 0, 2786),
('2017-03-16 09:13:05', 14, 8, 60, 0, 2787),
('2017-03-16 09:13:05', 15, 8, 60, 0, 2788),
('2017-03-16 09:13:05', 16, 7, 60, 0, 2789),
('2017-03-16 09:13:05', 17, 6, 60, 0, 2790),
('2017-03-16 09:13:05', 18, 3, 60, 0, 2791),
('2017-03-16 09:13:05', 19, 8, 60, 0, 2792),
('2017-03-16 09:13:05', 20, 9, 60, 0, 2793),
('2017-03-16 09:13:05', 21, 8, 60, 0, 2794),
('2017-03-16 09:13:05', 22, 0, 60, 0, 2795),
('2017-03-16 09:13:05', 23, 4, 60, 0, 2796),
('2017-03-16 09:13:05', 24, 0, 60, 0, 2797),
('2017-03-16 09:13:05', 25, 14, 60, 0, 2798),
('2017-03-16 09:13:05', 26, 9, 60, 0, 2799),
('2017-03-16 09:13:05', 27, 6, 60, 0, 2800),
('2017-03-16 09:13:05', 28, 10, 60, 0, 2801),
('2017-03-16 09:13:05', 29, 10, 60, 0, 2802),
('2017-03-16 09:13:05', 30, 7, 60, 0, 2803),
('2017-03-16 09:13:05', 31, 6, 60, 0, 2804),
('2017-03-16 09:13:05', 32, 9, 60, 0, 2805),
('2017-03-16 09:13:05', 33, 25, 60, 0, 2806),
('2017-03-16 09:13:05', 34, 17, 60, 0, 2807),
('2017-03-16 09:13:05', 35, 12, 60, 0, 2808),
('2017-03-16 09:13:05', 36, 13, 60, 0, 2809),
('2017-03-16 09:13:05', 37, 12, 60, 0, 2810),
('2017-03-16 09:13:05', 38, 9, 60, 0, 2811),
('2017-03-16 09:13:05', 39, 1, 60, 0, 2812),
('2017-03-16 09:13:05', 40, 8, 60, 0, 2813),
('2017-03-16 09:13:05', 41, 6, 60, 0, 2814),
('2017-03-16 09:13:05', 42, 3, 60, 0, 2815),
('2017-03-16 09:13:05', 43, 5, 60, 0, 2816),
('2017-03-16 09:13:05', 44, 4, 60, 0, 2817),
('2017-03-16 09:13:05', 45, 6, 60, 0, 2818),
('2017-03-16 09:13:05', 46, 6, 60, 0, 2819),
('2017-03-16 09:13:05', 47, 0, 60, 0, 2820),
('2017-03-17 09:13:30', 1, 8, 61, 0, 2821),
('2017-03-17 09:13:30', 2, 7, 61, 0, 2822),
('2017-03-17 09:13:30', 3, 9, 61, 0, 2823),
('2017-03-17 09:13:30', 4, 10, 61, 0, 2824),
('2017-03-17 09:13:30', 5, 7, 61, 0, 2825),
('2017-03-17 09:13:30', 6, 8, 61, 0, 2826),
('2017-03-17 09:13:30', 7, 7, 61, 0, 2827),
('2017-03-17 09:13:30', 8, 9, 61, 0, 2828),
('2017-03-17 09:13:30', 9, 7, 61, 0, 2829),
('2017-03-17 09:13:30', 10, 7, 61, 0, 2830),
('2017-03-17 09:13:30', 11, 6, 61, 0, 2831),
('2017-03-17 09:13:30', 12, 9, 61, 0, 2832),
('2017-03-17 09:13:30', 13, 4, 61, 0, 2833),
('2017-03-17 09:13:30', 14, 7, 61, 0, 2834),
('2017-03-17 09:13:30', 15, 8, 61, 0, 2835),
('2017-03-17 09:13:30', 16, 7, 61, 0, 2836),
('2017-03-17 09:13:30', 17, 6, 61, 0, 2837),
('2017-03-17 09:13:30', 18, 3, 61, 0, 2838),
('2017-03-17 09:13:30', 19, 8, 61, 0, 2839),
('2017-03-17 09:13:30', 20, 9, 61, 0, 2840),
('2017-03-17 09:13:30', 21, 8, 61, 0, 2841),
('2017-03-17 09:13:30', 22, 0, 61, 0, 2842),
('2017-03-17 09:13:30', 23, 4, 61, 0, 2843),
('2017-03-17 09:13:30', 24, 0, 61, 0, 2844),
('2017-03-17 09:13:30', 25, 14, 61, 0, 2845),
('2017-03-17 09:13:30', 26, 9, 61, 0, 2846),
('2017-03-17 09:13:30', 27, 6, 61, 0, 2847),
('2017-03-17 09:13:30', 28, 10, 61, 0, 2848),
('2017-03-17 09:13:30', 29, 10, 61, 0, 2849),
('2017-03-17 09:13:30', 30, 7, 61, 0, 2850),
('2017-03-17 09:13:30', 31, 6, 61, 0, 2851),
('2017-03-17 09:13:30', 32, 9, 61, 0, 2852),
('2017-03-17 09:13:30', 33, 25, 61, 0, 2853),
('2017-03-17 09:13:30', 34, 17, 61, 0, 2854),
('2017-03-17 09:13:30', 35, 12, 61, 0, 2855),
('2017-03-17 09:13:30', 36, 13, 61, 0, 2856),
('2017-03-17 09:13:30', 37, 12, 61, 0, 2857),
('2017-03-17 09:13:30', 38, 9, 61, 0, 2858),
('2017-03-17 09:13:30', 39, 1, 61, 0, 2859),
('2017-03-17 09:13:30', 40, 8, 61, 0, 2860),
('2017-03-17 09:13:30', 41, 5, 61, 0, 2861),
('2017-03-17 09:13:30', 42, 3, 61, 0, 2862),
('2017-03-17 09:13:30', 43, 5, 61, 0, 2863),
('2017-03-17 09:13:30', 44, 2, 61, 0, 2864),
('2017-03-17 09:13:30', 45, 6, 61, 0, 2865),
('2017-03-17 09:13:30', 46, 6, 61, 0, 2866),
('2017-03-17 09:13:30', 47, 0, 61, 0, 2867),
('2017-03-19 09:13:57', 1, 7, 62, 0, 2868),
('2017-03-19 09:13:57', 2, 7, 62, 0, 2869),
('2017-03-19 09:13:57', 3, 9, 62, 0, 2870),
('2017-03-19 09:13:57', 4, 9, 62, 0, 2871),
('2017-03-19 09:13:57', 5, 7, 62, 0, 2872),
('2017-03-19 09:13:57', 6, 8, 62, 0, 2873),
('2017-03-19 09:13:57', 7, 7, 62, 0, 2874),
('2017-03-19 09:13:57', 8, 9, 62, 0, 2875),
('2017-03-19 09:13:57', 9, 7, 62, 0, 2876),
('2017-03-19 09:13:57', 10, 7, 62, 0, 2877),
('2017-03-19 09:13:57', 11, 6, 62, 0, 2878),
('2017-03-19 09:13:57', 12, 6, 62, 0, 2879),
('2017-03-19 09:13:57', 13, 4, 62, 0, 2880),
('2017-03-19 09:13:57', 14, 7, 62, 0, 2881),
('2017-03-19 09:13:57', 15, 6, 62, 0, 2882),
('2017-03-19 09:13:57', 16, 7, 62, 0, 2883),
('2017-03-19 09:13:57', 17, 6, 62, 0, 2884),
('2017-03-19 09:13:57', 18, 3, 62, 0, 2885),
('2017-03-19 09:13:57', 19, 7, 62, 0, 2886),
('2017-03-19 09:13:57', 20, 9, 62, 0, 2887),
('2017-03-19 09:13:57', 21, 8, 62, 0, 2888),
('2017-03-19 09:13:57', 22, 0, 62, 0, 2889),
('2017-03-19 09:13:57', 23, 4, 62, 0, 2890),
('2017-03-19 09:13:57', 24, 0, 62, 0, 2891),
('2017-03-19 09:13:57', 25, 14, 62, 0, 2892),
('2017-03-19 09:13:57', 26, 9, 62, 0, 2893),
('2017-03-19 09:13:57', 27, 6, 62, 0, 2894),
('2017-03-19 09:13:57', 28, 10, 62, 0, 2895),
('2017-03-19 09:13:57', 29, 10, 62, 0, 2896),
('2017-03-19 09:13:57', 30, 7, 62, 0, 2897),
('2017-03-19 09:13:57', 31, 6, 62, 0, 2898),
('2017-03-19 09:13:57', 32, 9, 62, 0, 2899),
('2017-03-19 09:13:57', 33, 25, 62, 0, 2900),
('2017-03-19 09:13:57', 34, 17, 62, 0, 2901),
('2017-03-19 09:13:57', 35, 12, 62, 0, 2902),
('2017-03-19 09:13:57', 36, 12, 62, 0, 2903),
('2017-03-19 09:13:57', 37, 12, 62, 0, 2904),
('2017-03-19 09:13:57', 38, 9, 62, 0, 2905),
('2017-03-19 09:13:57', 39, 1, 62, 0, 2906),
('2017-03-19 09:13:57', 40, 8, 62, 0, 2907),
('2017-03-19 09:13:57', 41, 5, 62, 0, 2908),
('2017-03-19 09:13:57', 42, 3, 62, 0, 2909),
('2017-03-19 09:13:57', 43, 5, 62, 0, 2910),
('2017-03-19 09:13:57', 44, 2, 62, 0, 2911),
('2017-03-19 09:13:57', 45, 6, 62, 0, 2912),
('2017-03-19 09:13:57', 46, 6, 62, 0, 2913),
('2017-03-19 09:13:57', 47, 0, 62, 0, 2914),
('2017-03-20 09:14:16', 1, 9, 63, 0, 2915),
('2017-03-20 09:14:16', 2, 7, 63, 0, 2916),
('2017-03-20 09:14:16', 3, 7, 63, 0, 2917),
('2017-03-20 09:14:16', 4, 9, 63, 0, 2918),
('2017-03-20 09:14:16', 5, 7, 63, 0, 2919),
('2017-03-20 09:14:16', 6, 7, 63, 0, 2920),
('2017-03-20 09:14:16', 7, 7, 63, 0, 2921),
('2017-03-20 09:14:16', 8, 9, 63, 0, 2922),
('2017-03-20 09:14:16', 9, 7, 63, 0, 2923),
('2017-03-20 09:14:16', 10, 7, 63, 0, 2924),
('2017-03-20 09:14:16', 11, 10, 63, 0, 2925),
('2017-03-20 09:14:16', 12, 6, 63, 0, 2926),
('2017-03-20 09:14:16', 13, 4, 63, 0, 2927),
('2017-03-20 09:14:16', 14, 8, 63, 0, 2928),
('2017-03-20 09:14:16', 15, 6, 63, 0, 2929),
('2017-03-20 09:14:16', 16, 7, 63, 0, 2930),
('2017-03-20 09:14:16', 17, 5, 63, 0, 2931),
('2017-03-20 09:14:16', 18, 3, 63, 0, 2932),
('2017-03-20 09:14:16', 19, 5, 63, 0, 2933),
('2017-03-20 09:14:16', 20, 9, 63, 0, 2934),
('2017-03-20 09:14:16', 21, 8, 63, 0, 2935),
('2017-03-20 09:14:16', 22, 0, 63, 0, 2936),
('2017-03-20 09:14:16', 23, 4, 63, 0, 2937),
('2017-03-20 09:14:16', 24, 0, 63, 0, 2938),
('2017-03-20 09:14:16', 25, 14, 63, 0, 2939),
('2017-03-20 09:14:16', 26, 9, 63, 0, 2940),
('2017-03-20 09:14:16', 27, 5, 63, 0, 2941),
('2017-03-20 09:14:16', 28, 9, 63, 0, 2942),
('2017-03-20 09:14:16', 29, 8, 63, 0, 2943),
('2017-03-20 09:14:16', 30, 10, 63, 0, 2944),
('2017-03-20 09:14:16', 31, 10, 63, 0, 2945),
('2017-03-20 09:14:16', 32, 9, 63, 0, 2946),
('2017-03-20 09:14:16', 33, 25, 63, 0, 2947),
('2017-03-20 09:14:16', 34, 17, 63, 0, 2948),
('2017-03-20 09:14:16', 35, 12, 63, 0, 2949),
('2017-03-20 09:14:16', 36, 12, 63, 0, 2950),
('2017-03-20 09:14:16', 37, 12, 63, 0, 2951),
('2017-03-20 09:14:16', 38, 9, 63, 0, 2952),
('2017-03-20 09:14:16', 39, 1, 63, 0, 2953),
('2017-03-20 09:14:16', 40, 7, 63, 0, 2954),
('2017-03-20 09:14:16', 41, 7, 63, 0, 2955),
('2017-03-20 09:14:16', 42, 1, 63, 0, 2956),
('2017-03-20 09:14:16', 43, 5, 63, 0, 2957),
('2017-03-20 09:14:16', 44, 2, 63, 0, 2958),
('2017-03-20 09:14:16', 45, 4, 63, 0, 2959),
('2017-03-20 09:14:16', 46, 6, 63, 0, 2960),
('2017-03-20 09:14:16', 47, 0, 63, 0, 2961),
('2017-03-21 09:14:37', 1, 5, 64, 0, 2962),
('2017-03-21 09:14:37', 2, 7, 64, 0, 2963),
('2017-03-21 09:14:37', 3, 7, 64, 0, 2964),
('2017-03-21 09:14:37', 4, 9, 64, 0, 2965),
('2017-03-21 09:14:37', 5, 7, 64, 0, 2966),
('2017-03-21 09:14:37', 6, 7, 64, 0, 2967),
('2017-03-21 09:14:37', 7, 7, 64, 0, 2968),
('2017-03-21 09:14:37', 8, 9, 64, 0, 2969),
('2017-03-21 09:14:37', 9, 7, 64, 0, 2970),
('2017-03-21 09:14:37', 10, 7, 64, 0, 2971),
('2017-03-21 09:14:37', 11, 10, 64, 0, 2972),
('2017-03-21 09:14:37', 12, 5, 64, 0, 2973),
('2017-03-21 09:14:37', 13, 7, 64, 0, 2974),
('2017-03-21 09:14:37', 14, 7, 64, 0, 2975),
('2017-03-21 09:14:37', 15, 10, 64, 0, 2976),
('2017-03-21 09:14:37', 16, 7, 64, 0, 2977),
('2017-03-21 09:14:37', 17, 10, 64, 0, 2978),
('2017-03-21 09:14:37', 18, 3, 64, 0, 2979),
('2017-03-21 09:14:37', 19, 9, 64, 0, 2980),
('2017-03-21 09:14:37', 20, 9, 64, 0, 2981),
('2017-03-21 09:14:37', 21, 8, 64, 0, 2982),
('2017-03-21 09:14:37', 22, 0, 64, 0, 2983),
('2017-03-21 09:14:37', 23, 4, 64, 0, 2984),
('2017-03-21 09:14:37', 24, 0, 64, 0, 2985),
('2017-03-21 09:14:37', 25, 14, 64, 0, 2986),
('2017-03-21 09:14:37', 26, 9, 64, 0, 2987),
('2017-03-21 09:14:37', 27, 10, 64, 0, 2988),
('2017-03-21 09:14:37', 28, 9, 64, 0, 2989),
('2017-03-21 09:14:37', 29, 7, 64, 0, 2990),
('2017-03-21 09:14:37', 30, 10, 64, 0, 2991),
('2017-03-21 09:14:37', 31, 9, 64, 0, 2992),
('2017-03-21 09:14:37', 32, 9, 64, 0, 2993),
('2017-03-21 09:14:37', 33, 25, 64, 0, 2994),
('2017-03-21 09:14:37', 34, 17, 64, 0, 2995),
('2017-03-21 09:14:37', 35, 12, 64, 0, 2996),
('2017-03-21 09:14:37', 36, 12, 64, 0, 2997),
('2017-03-21 09:14:37', 37, 12, 64, 0, 2998),
('2017-03-21 09:14:37', 38, 9, 64, 0, 2999),
('2017-03-21 09:14:37', 39, 1, 64, 0, 3000),
('2017-03-21 09:14:37', 40, 7, 64, 0, 3001),
('2017-03-21 09:14:37', 41, 7, 64, 0, 3002),
('2017-03-21 09:14:37', 42, 1, 64, 0, 3003),
('2017-03-21 09:14:37', 43, 5, 64, 0, 3004),
('2017-03-21 09:14:37', 44, 2, 64, 0, 3005),
('2017-03-21 09:14:37', 45, 9, 64, 0, 3006),
('2017-03-21 09:14:37', 46, 6, 64, 0, 3007),
('2017-03-21 09:14:37', 47, 0, 64, 0, 3008),
('2017-03-22 09:15:02', 1, 8, 65, 0, 3009),
('2017-03-22 09:15:02', 2, 5, 65, 0, 3010),
('2017-03-22 09:15:02', 3, 5, 65, 0, 3011),
('2017-03-22 09:15:02', 4, 9, 65, 0, 3012),
('2017-03-22 09:15:02', 5, 7, 65, 0, 3013),
('2017-03-22 09:15:02', 6, 7, 65, 0, 3014),
('2017-03-22 09:15:02', 7, 7, 65, 0, 3015),
('2017-03-22 09:15:02', 8, 9, 65, 0, 3016),
('2017-03-22 09:15:02', 9, 7, 65, 0, 3017),
('2017-03-22 09:15:02', 10, 7, 65, 0, 3018),
('2017-03-22 09:15:02', 11, 10, 65, 0, 3019),
('2017-03-22 09:15:02', 12, 9, 65, 0, 3020),
('2017-03-22 09:15:02', 13, 6, 65, 0, 3021),
('2017-03-22 09:15:02', 14, 7, 65, 0, 3022),
('2017-03-22 09:15:02', 15, 9, 65, 0, 3023),
('2017-03-22 09:15:02', 16, 7, 65, 0, 3024),
('2017-03-22 09:15:02', 17, 10, 65, 0, 3025),
('2017-03-22 09:15:02', 18, 3, 65, 0, 3026),
('2017-03-22 09:15:02', 19, 9, 65, 0, 3027),
('2017-03-22 09:15:02', 20, 9, 65, 0, 3028),
('2017-03-22 09:15:02', 21, 8, 65, 0, 3029),
('2017-03-22 09:15:02', 22, 0, 65, 0, 3030),
('2017-03-22 09:15:02', 23, 4, 65, 0, 3031),
('2017-03-22 09:15:02', 24, 0, 65, 0, 3032),
('2017-03-22 09:15:02', 25, 14, 65, 0, 3033),
('2017-03-22 09:15:02', 26, 9, 65, 0, 3034),
('2017-03-22 09:15:02', 27, 10, 65, 0, 3035),
('2017-03-22 09:15:02', 28, 9, 65, 0, 3036),
('2017-03-22 09:15:02', 29, 7, 65, 0, 3037),
('2017-03-22 09:15:02', 30, 10, 65, 0, 3038),
('2017-03-22 09:15:02', 31, 8, 65, 0, 3039),
('2017-03-22 09:15:02', 32, 9, 65, 0, 3040),
('2017-03-22 09:15:02', 33, 25, 65, 0, 3041),
('2017-03-22 09:15:02', 34, 17, 65, 0, 3042),
('2017-03-22 09:15:02', 35, 12, 65, 0, 3043),
('2017-03-22 09:15:02', 36, 12, 65, 0, 3044),
('2017-03-22 09:15:02', 37, 12, 65, 0, 3045),
('2017-03-22 09:15:02', 38, 9, 65, 0, 3046),
('2017-03-22 09:15:02', 39, 1, 65, 0, 3047),
('2017-03-22 09:15:02', 40, 7, 65, 0, 3048),
('2017-03-22 09:15:02', 41, 6, 65, 0, 3049),
('2017-03-22 09:15:02', 42, 1, 65, 0, 3050),
('2017-03-22 09:15:02', 43, 5, 65, 0, 3051),
('2017-03-22 09:15:02', 44, 2, 65, 0, 3052),
('2017-03-22 09:15:02', 45, 9, 65, 0, 3053),
('2017-03-22 09:15:02', 46, 6, 65, 0, 3054),
('2017-03-22 09:15:02', 47, 0, 65, 0, 3055),
('2017-03-23 09:15:30', 1, 7, 66, 0, 3056),
('2017-03-23 09:15:30', 2, 8, 66, 0, 3057),
('2017-03-23 09:15:30', 3, 9, 66, 0, 3058),
('2017-03-23 09:15:30', 4, 8, 66, 0, 3059),
('2017-03-23 09:15:30', 5, 7, 66, 0, 3060),
('2017-03-23 09:15:30', 6, 7, 66, 0, 3061),
('2017-03-23 09:15:30', 7, 7, 66, 0, 3062),
('2017-03-23 09:15:30', 8, 9, 66, 0, 3063),
('2017-03-23 09:15:30', 9, 7, 66, 0, 3064),
('2017-03-23 09:15:30', 10, 7, 66, 0, 3065),
('2017-03-23 09:15:30', 11, 10, 66, 0, 3066),
('2017-03-23 09:15:30', 12, 9, 66, 0, 3067),
('2017-03-23 09:15:30', 13, 5, 66, 0, 3068),
('2017-03-23 09:15:30', 14, 4, 66, 0, 3069),
('2017-03-23 09:15:30', 15, 7, 66, 0, 3070),
('2017-03-23 09:15:30', 16, 7, 66, 0, 3071),
('2017-03-23 09:15:30', 17, 10, 66, 0, 3072),
('2017-03-23 09:15:30', 18, 3, 66, 0, 3073),
('2017-03-23 09:15:30', 19, 9, 66, 0, 3074),
('2017-03-23 09:15:30', 20, 8, 66, 0, 3075),
('2017-03-23 09:15:30', 21, 8, 66, 0, 3076),
('2017-03-23 09:15:30', 22, 0, 66, 0, 3077),
('2017-03-23 09:15:30', 23, 4, 66, 0, 3078),
('2017-03-23 09:15:30', 24, 0, 66, 0, 3079),
('2017-03-23 09:15:30', 25, 14, 66, 0, 3080),
('2017-03-23 09:15:30', 26, 8, 66, 0, 3081),
('2017-03-23 09:15:30', 27, 9, 66, 0, 3082),
('2017-03-23 09:15:30', 28, 9, 66, 0, 3083),
('2017-03-23 09:15:30', 29, 6, 66, 0, 3084),
('2017-03-23 09:15:30', 30, 9, 66, 0, 3085),
('2017-03-23 09:15:30', 31, 5, 66, 0, 3086),
('2017-03-23 09:15:30', 32, 9, 66, 0, 3087),
('2017-03-23 09:15:30', 33, 25, 66, 0, 3088),
('2017-03-23 09:15:30', 34, 17, 66, 0, 3089),
('2017-03-23 09:15:30', 35, 12, 66, 0, 3090),
('2017-03-23 09:15:30', 36, 12, 66, 0, 3091),
('2017-03-23 09:15:30', 37, 12, 66, 0, 3092),
('2017-03-23 09:15:30', 38, 9, 66, 0, 3093),
('2017-03-23 09:15:30', 39, 1, 66, 0, 3094),
('2017-03-23 09:15:30', 40, 7, 66, 0, 3095),
('2017-03-23 09:15:30', 41, 5, 66, 0, 3096),
('2017-03-23 09:15:30', 42, 1, 66, 0, 3097),
('2017-03-23 09:15:30', 43, 5, 66, 0, 3098),
('2017-03-23 09:15:30', 44, 2, 66, 0, 3099),
('2017-03-23 09:15:30', 45, 8, 66, 0, 3100),
('2017-03-23 09:15:30', 46, 6, 66, 0, 3101),
('2017-03-23 09:15:30', 47, 0, 66, 0, 3102),
('2017-03-24 09:16:01', 1, 7, 67, 0, 3103),
('2017-03-24 09:16:01', 2, 8, 67, 0, 3104),
('2017-03-24 09:16:01', 3, 9, 67, 0, 3105),
('2017-03-24 09:16:01', 4, 8, 67, 0, 3106),
('2017-03-24 09:16:01', 5, 7, 67, 0, 3107),
('2017-03-24 09:16:01', 6, 7, 67, 0, 3108),
('2017-03-24 09:16:01', 7, 7, 67, 0, 3109),
('2017-03-24 09:16:01', 8, 9, 67, 0, 3110),
('2017-03-24 09:16:01', 9, 7, 67, 0, 3111),
('2017-03-24 09:16:01', 10, 7, 67, 0, 3112),
('2017-03-24 09:16:01', 11, 10, 67, 0, 3113),
('2017-03-24 09:16:01', 12, 9, 67, 0, 3114),
('2017-03-24 09:16:01', 13, 10, 67, 0, 3115),
('2017-03-24 09:16:01', 14, 9, 67, 0, 3116),
('2017-03-24 09:16:01', 15, 7, 67, 0, 3117),
('2017-03-24 09:16:01', 16, 7, 67, 0, 3118),
('2017-03-24 09:16:01', 17, 10, 67, 0, 3119),
('2017-03-24 09:16:01', 18, 3, 67, 0, 3120),
('2017-03-24 09:16:01', 19, 9, 67, 0, 3121),
('2017-03-24 09:16:01', 20, 8, 67, 0, 3122),
('2017-03-24 09:16:01', 21, 8, 67, 0, 3123),
('2017-03-24 09:16:01', 22, 0, 67, 0, 3124),
('2017-03-24 09:16:01', 23, 4, 67, 0, 3125),
('2017-03-24 09:16:01', 24, 0, 67, 0, 3126),
('2017-03-24 09:16:01', 25, 14, 67, 0, 3127),
('2017-03-24 09:16:01', 26, 8, 67, 0, 3128),
('2017-03-24 09:16:01', 27, 9, 67, 0, 3129),
('2017-03-24 09:16:01', 28, 9, 67, 0, 3130),
('2017-03-24 09:16:01', 29, 6, 67, 0, 3131),
('2017-03-24 09:16:01', 30, 9, 67, 0, 3132),
('2017-03-24 09:16:01', 31, 5, 67, 0, 3133),
('2017-03-24 09:16:01', 32, 9, 67, 0, 3134),
('2017-03-24 09:16:01', 33, 25, 67, 0, 3135),
('2017-03-24 09:16:01', 34, 17, 67, 0, 3136),
('2017-03-24 09:16:01', 35, 12, 67, 0, 3137),
('2017-03-24 09:16:01', 36, 12, 67, 0, 3138),
('2017-03-24 09:16:01', 37, 12, 67, 0, 3139),
('2017-03-24 09:16:01', 38, 9, 67, 0, 3140),
('2017-03-24 09:16:01', 39, 1, 67, 0, 3141),
('2017-03-24 09:16:01', 40, 7, 67, 0, 3142),
('2017-03-24 09:16:01', 41, 10, 67, 0, 3143),
('2017-03-24 09:16:01', 42, 1, 67, 0, 3144),
('2017-03-24 09:16:01', 43, 5, 67, 0, 3145),
('2017-03-24 09:16:01', 44, 2, 67, 0, 3146),
('2017-03-24 09:16:01', 45, 8, 67, 0, 3147),
('2017-03-24 09:16:01', 46, 6, 67, 0, 3148),
('2017-03-24 09:16:01', 47, 0, 67, 0, 3149),
('2017-03-25 09:16:32', 1, 2, 68, 0, 3150),
('2017-03-25 09:16:32', 2, 8, 68, 0, 3151),
('2017-03-25 09:16:32', 3, 8, 68, 0, 3152),
('2017-03-25 09:16:32', 4, 7, 68, 0, 3153),
('2017-03-25 09:16:32', 5, 7, 68, 0, 3154),
('2017-03-25 09:16:32', 6, 7, 68, 0, 3155),
('2017-03-25 09:16:32', 7, 6, 68, 0, 3156),
('2017-03-25 09:16:32', 8, 8, 68, 0, 3157),
('2017-03-25 09:16:32', 9, 7, 68, 0, 3158),
('2017-03-25 09:16:32', 10, 6, 68, 0, 3159),
('2017-03-25 09:16:32', 11, 10, 68, 0, 3160),
('2017-03-25 09:16:32', 12, 9, 68, 0, 3161),
('2017-03-25 09:16:32', 13, 6, 68, 0, 3162),
('2017-03-25 09:16:32', 14, 4, 68, 0, 3163),
('2017-03-25 09:16:32', 15, 7, 68, 0, 3164),
('2017-03-25 09:16:32', 16, 7, 68, 0, 3165),
('2017-03-25 09:16:32', 17, 10, 68, 0, 3166),
('2017-03-25 09:16:32', 18, 3, 68, 0, 3167),
('2017-03-25 09:16:32', 19, 9, 68, 0, 3168),
('2017-03-25 09:16:32', 20, 8, 68, 0, 3169),
('2017-03-25 09:16:32', 21, 8, 68, 0, 3170),
('2017-03-25 09:16:32', 22, 0, 68, 0, 3171),
('2017-03-25 09:16:32', 23, 4, 68, 0, 3172),
('2017-03-25 09:16:32', 24, 0, 68, 0, 3173),
('2017-03-25 09:16:32', 25, 14, 68, 0, 3174),
('2017-03-25 09:16:32', 26, 8, 68, 0, 3175),
('2017-03-25 09:16:32', 27, 9, 68, 0, 3176),
('2017-03-25 09:16:32', 28, 9, 68, 0, 3177),
('2017-03-25 09:16:32', 29, 6, 68, 0, 3178),
('2017-03-25 09:16:32', 30, 9, 68, 0, 3179),
('2017-03-25 09:16:32', 31, 4, 68, 0, 3180),
('2017-03-25 09:16:32', 32, 9, 68, 0, 3181),
('2017-03-25 09:16:32', 33, 25, 68, 0, 3182),
('2017-03-25 09:16:32', 34, 17, 68, 0, 3183),
('2017-03-25 09:16:32', 35, 12, 68, 0, 3184),
('2017-03-25 09:16:32', 36, 12, 68, 0, 3185),
('2017-03-25 09:16:32', 37, 12, 68, 0, 3186),
('2017-03-25 09:16:32', 38, 9, 68, 0, 3187),
('2017-03-25 09:16:32', 39, 1, 68, 0, 3188),
('2017-03-25 09:16:32', 40, 6, 68, 0, 3189),
('2017-03-25 09:16:32', 41, 10, 68, 0, 3190),
('2017-03-25 09:16:32', 42, 1, 68, 0, 3191),
('2017-03-25 09:16:32', 43, 5, 68, 0, 3192),
('2017-03-25 09:16:32', 44, 2, 68, 0, 3193),
('2017-03-25 09:16:32', 45, 8, 68, 0, 3194),
('2017-03-25 09:16:32', 46, 4, 68, 0, 3195),
('2017-03-25 09:16:32', 47, 0, 68, 0, 3196),
('2017-03-26 09:17:00', 1, 6, 69, 0, 3197),
('2017-03-26 09:17:00', 2, 7, 69, 0, 3198),
('2017-03-26 09:17:00', 3, 5, 69, 0, 3199),
('2017-03-26 09:17:00', 4, 6, 69, 0, 3200),
('2017-03-26 09:17:00', 5, 5, 69, 0, 3201),
('2020-06-08 16:41:37', 53, 2, 0, 0, 3202),
('2020-06-30 10:04:11', 4, 1, 0, 0, 3203),
('2020-06-30 10:10:14', 53, 1, 0, 0, 3204),
('2020-06-08 10:29:27', 53, 0, 0, 0, 3205),
('2020-06-30 10:35:16', 16, 3, 0, 0, 3206),
('2020-06-11 13:15:50', 73, 3, 0, 0, 3207),
('2020-06-11 13:30:45', 4, 0, 0, 0, 3208);

-- --------------------------------------------------------

--
-- Table structure for table `detail_stok_obat`
--

CREATE TABLE `detail_stok_obat` (
  `id` int(11) NOT NULL,
  `id_obat` tinyint(4) NOT NULL,
  `tanggal_expired` varchar(10) NOT NULL,
  `jumlah` int(11) NOT NULL,
  `tgl_masuk` date NOT NULL
) ENGINE=InnoDB DEFAULT CHARSET=latin1;

--
-- Dumping data for table `detail_stok_obat`
--

INSERT INTO `detail_stok_obat` (`id`, `id_obat`, `tanggal_expired`, `jumlah`, `tgl_masuk`) VALUES
(5, 5, '2018-05-19', 0, '2017-05-19'),
(7, 7, '2018-05-19', 0, '2017-05-19'),
(22, 22, '2018-05-19', 0, '2017-05-19'),
(30, 30, '2018-05-19', 0, '2017-05-19'),
(38, 38, '2018-05-19', 0, '2017-05-19'),
(39, 39, '2018-05-19', 0, '2017-05-19'),
(43, 43, '2018-05-19', 0, '2017-05-19'),
(46, 46, '2018-05-19', 0, '2017-05-19'),
(47, 47, '2018-05-19', 0, '2017-05-19'),
(144, 23, '2018-05-22', 0, '2017-05-22'),
(155, 50, '2018-05-24', 4, '2017-05-24'),
(190, 18, '2018-06-02', 0, '2017-06-02'),
(238, 29, '2018-06-13', 0, '2017-06-13'),
(240, 44, '2018-06-13', 1, '2017-06-13'),
(348, 25, '2018-07-10', 0, '2017-07-10'),
(366, 17, '2018-07-13', 4, '2017-07-13'),
(384, 55, '2018-07-17', 1, '2017-07-17'),
(392, 58, '2018-07-18', 0, '2017-07-18'),
(417, 16, '2018-07-25', 3, '2017-07-25'),
(502, 43, '2018-08-07', 2, '2017-08-07'),
(503, 63, '2017-08-07', 0, '2017-08-07'),
(504, 64, '2017-08-07', 0, '2017-08-07'),
(513, 60, '2018-08-08', 2, '2017-08-08'),
(554, 40, '2018-08-17', 3, '2017-08-17'),
(599, 54, '2018-08-29', 4, '2017-08-29'),
(661, 31, '2018-09-12', 0, '2017-09-12'),
(663, 59, '2018-09-12', 0, '2017-09-12'),
(666, 40, '2018-09-12', 3, '2017-09-12'),
(671, 56, '2018-09-13', 0, '2017-09-13'),
(716, 67, '', 0, '2017-09-27'),
(762, 55, '2018-10-06', 3, '2017-10-06'),
(801, 69, '2018-10-17', 1, '2017-10-17'),
(802, 68, '2018-10-17', 0, '2017-10-17'),
(822, 41, '2018-10-24', 0, '2017-10-24'),
(845, 27, '2018-11-02', 1, '2017-11-02'),
(874, 28, '2018-11-09', 2, '2017-11-09'),
(879, 70, '2018-11-10', 5, '2017-11-10'),
(888, 71, '2018-11-11', 15, '2017-11-11'),
(896, 51, '2018-11-13', 1, '2017-11-13'),
(907, 6, '2018-11-15', 1, '2017-11-15'),
(915, 48, '2018-11-17', 0, '2017-11-17'),
(918, 67, '2018-11-17', 1, '2017-11-17'),
(922, 42, '2018-11-17', 0, '2017-11-17'),
(928, 61, '2018-11-20', 0, '2017-11-20'),
(939, 26, '2018-11-23', 4, '2017-11-23'),
(940, 21, '2018-11-23', 4, '2017-11-23'),
(941, 10, '2018-11-23', 1, '2017-11-23'),
(956, 34, '2018-11-27', 4, '2017-11-27'),
(967, 57, '2018-11-29', 1, '2017-11-29'),
(978, 19, '2018-12-04', 1, '2017-12-04'),
(980, 36, '2018-12-04', 5, '2017-12-04'),
(990, 11, '2018-12-07', 0, '2017-12-07'),
(993, 49, '2018-12-07', 1, '2017-12-07'),
(998, 19, '2018-12-08', 5, '2017-12-08'),
(1007, 6, '2018-12-11', 5, '2017-12-11'),
(1025, 27, '2018-12-14', 5, '2017-12-14'),
(1038, 24, '2018-12-18', 0, '2017-12-18'),
(1039, 32, '2018-12-18', 5, '2017-12-18'),
(1040, 72, '2018-12-18', 5, '2017-12-18'),
(1052, 57, '2018-12-20', 5, '2017-12-20'),
(1057, 9, '2018-12-21', 2, '2017-12-21'),
(1059, 37, '2018-12-21', 1, '2017-12-21'),
(1069, 10, '2018-12-26', 1, '2017-12-26'),
(1076, 4, '2018-12-29', 0, '2017-12-29'),
(1082, 45, '2018-12-29', 4, '2017-12-29'),
(1086, 35, '2018-12-29', 4, '2017-12-29'),
(1087, 65, '2018-12-29', 3, '2017-12-29'),
(1088, 33, '2018-12-29', 5, '2017-12-29'),
(1089, 49, '2018-12-29', 3, '2017-12-29'),
(1097, 51, '2019-01-02', 3, '2018-01-02'),
(1105, 3, '2019-01-05', 4, '2018-01-05'),
(1111, 62, '2019-01-06', 0, '2018-01-06'),
(1112, 15, '2019-01-06', 3, '2018-01-06'),
(1114, 66, '2019-01-08', 3, '2018-01-08'),
(1116, 52, '2019-01-08', 4, '2018-01-08'),
(1117, 20, '2019-01-08', 2, '2018-01-08'),
(1123, 74, '2019-01-09', 1, '2018-01-09'),
(1126, 74, '2019-01-11', 5, '2018-01-11'),
(1128, 1, '2019-01-12', 1, '2018-01-12'),
(1129, 53, '2019-01-12', 0, '2018-01-12'),
(1130, 66, '2019-01-12', 5, '2018-01-12'),
(1131, 2, '2019-01-12', 6, '2018-01-12'),
(1132, 12, '2019-01-12', 1, '2018-01-12'),
(1133, 8, '2019-01-12', 2, '2018-01-12'),
(1135, 15, '2019-01-12', 5, '2018-01-12'),
(1136, 10, '2019-01-11', 5, '2018-01-11'),
(1137, 1, '2019-01-15', 5, '2018-01-15'),
(1138, 3, '2019-01-15', 5, '2018-01-15'),
(1139, 73, '2019-01-15', 3, '2018-01-15'),
(1140, 13, '2019-01-15', 0, '2018-01-15'),
(1141, 20, '2019-01-15', 5, '2018-01-15'),
(1142, 14, '2019-01-15', 3, '2018-01-15'),
(1143, 28, '2019-01-15', 5, '2018-01-15'),
(1144, 12, '2019-01-16', 5, '2018-01-16'),
(1145, 13, '2019-01-16', 5, '2018-01-16'),
(1146, 8, '2019-01-16', 5, '2018-01-16'),
(1147, 14, '2019-01-16', 5, '2018-01-16'),
(1148, 50, '2019-01-16', 12, '2018-01-16'),
(1149, 34, '2019-01-16', 12, '2018-01-16'),
(1150, 37, '2019-01-16', 10, '2018-01-16');

-- --------------------------------------------------------

--
-- Table structure for table `diskon`
--

CREATE TABLE `diskon` (
  `id_diskon` int(11) NOT NULL,
  `nama_diskon` varchar(30) NOT NULL,
  `status_diskon` int(11) NOT NULL,
  `nilai_diskon` int(11) NOT NULL
) ENGINE=InnoDB DEFAULT CHARSET=latin1;

--
-- Dumping data for table `diskon`
--

INSERT INTO `diskon` (`id_diskon`, `nama_diskon`, `status_diskon`, `nilai_diskon`) VALUES
(0, 'Tidak Ada', 1, 0),
(1, 'Diskon 17 Agustus', 1, 25),
(2, 'Diskon Paket 100k', 1, 15);

-- --------------------------------------------------------

--
-- Table structure for table `dokter`
--

CREATE TABLE `dokter` (
  `id_dokter` int(11) NOT NULL,
  `id_user` int(12) NOT NULL,
  `nama_dokter` text NOT NULL,
  `spesialis` varchar(50) NOT NULL,
  `pengalaman` int(12) NOT NULL,
  `foto` varchar(50) NOT NULL
) ENGINE=InnoDB DEFAULT CHARSET=latin1;

--
-- Dumping data for table `dokter`
--

INSERT INTO `dokter` (`id_dokter`, `id_user`, `nama_dokter`, `spesialis`, `pengalaman`, `foto`) VALUES
(1, 5, 'Lila Asri', 'Gigi', 3, '1.jpg'),
(2, 6, 'Mifta Mustafa', 'Gigi', 4, '3.jpg'),
(3, 7, 'Sarah Saraswati', 'Gigi', 4, '2.png');

-- --------------------------------------------------------

--
-- Table structure for table `info_orang_terdekat`
--

CREATE TABLE `info_orang_terdekat` (
  `id_iot` int(11) NOT NULL,
  `id_pasien` int(11) NOT NULL,
  `id_booking` text NOT NULL,
  `nama_depan_dekat` text NOT NULL,
  `nama_belakang_dekat` text NOT NULL,
  `tempat_lahir_dekat` varchar(50) NOT NULL,
  `tanggal_lahir_dekat` varchar(50) NOT NULL,
  `jenis_kelamin_dekat` enum('Laki-Laki','Perempuan') NOT NULL,
  `hubungan_dekat` text NOT NULL,
  `jenis_id_dekat` varchar(50) NOT NULL,
  `no_id_dekat` varchar(50) NOT NULL,
  `alamat_dekat` varchar(50) NOT NULL,
  `kota_kab_dekat` varchar(50) NOT NULL,
  `provinsi_dekat` varchar(50) NOT NULL,
  `kode_pos_dekat` varchar(50) NOT NULL,
  `email_dekat` varchar(50) NOT NULL,
  `no_hp_dekat` varchar(50) NOT NULL
) ENGINE=InnoDB DEFAULT CHARSET=latin1;

--
-- Dumping data for table `info_orang_terdekat`
--

INSERT INTO `info_orang_terdekat` (`id_iot`, `id_pasien`, `id_booking`, `nama_depan_dekat`, `nama_belakang_dekat`, `tempat_lahir_dekat`, `tanggal_lahir_dekat`, `jenis_kelamin_dekat`, `hubungan_dekat`, `jenis_id_dekat`, `no_id_dekat`, `alamat_dekat`, `kota_kab_dekat`, `provinsi_dekat`, `kode_pos_dekat`, `email_dekat`, `no_hp_dekat`) VALUES
(41, 24, 'MzMyM2ZlMTFl', 'Mila', 'Anggara', 'Malang', '1999-06-17', 'Laki-Laki', 'Saudara', 'VIP', '098765', 'fghjk', 'Malang', 'Jawa Timur', '8765', 'pasha@gmail.com', '9'),
(42, 24, 'YWRjNGI1MWI0', 'Putra', 'Rizki', 'Malang', '1999-06-17', 'Laki-Laki', 'Saudara', 'VIP', '098765', 'fghjk', 'Malang', 'Jawa Timur', '8765', 'yurike@gmail.com', '8'),
(43, 26, 'YjQwNjdmOGFh', 'Achmad', 'Baihaki', 'Malang', '1999-06-17', 'Laki-Laki', 'Saudara', 'VIP', '54678', 'fghjk', 'Malang', 'Jawa Timur', '8765', 'pasha@gmail.com', '98765'),
(44, 27, 'MTExM2Q3YTc2', 'Lila', 'Andana', 'Malang', '1986-06-23', 'Perempuan', 'Saudara', 'VIP', '098765', 'fghjk', 'Malang', 'Jawa Timur', '8765', 'pasha@gmail.com', '98765'),
(50, 39, 'OGNmZWRmZjg2', 'Nurul', 'Maulida', 'Medan', '1999-06-30', 'Perempuan', 'Teman', 'Umum', '1234567', 'Selecta', 'Semarang', 'Jawa Timur', '8', 'belinda@gmail.com', '089'),
(51, 41, 'ZDU2MWQyMTMw', 'Shodiq', 'Ali', 'Malang', '1999-08-03', 'Laki-Laki', 'Saudara', 'Umum', '890', 'Jln.Manggis', 'Malang', 'Jawa Timur', '65472', 'fajar@gmail.com', '0891123123'),
(54, 43, 'ZmM5OGQ3MmE2', 'Laila', 'Purti', 'Malang', '1999-08-12', 'Perempuan', 'Saudara', 'VIP', '123', 'Jlnasdasd', 'Malang', 'Jawa Timur', '123', 'lilaaf@gmail.com', '0891123123'),
(63, 44, 'NmFhNzA0ZWNj', 'Yazid', 'Fikri', 'Malang', '1999-08-04', 'Laki-Laki', 'Saudara', 'VIP', '13123', 'Jlnasdasd', 'Malang', 'Jawa Timur', '123', 'lilaaf@gmail.com', '0891123123'),
(69, 45, 'MTY5NmE3ZThh', 'Hamsanul', 'Ilham', 'Malang', '1999-08-03', 'Laki-Laki', 'Saudara', 'VIP', '098', 'Jlnasdasd', 'Malang', 'Jawa Timur', '098', 'lilaaf@gmail.com', '0891123123'),
(70, 24, 'Mjg4NTQ5NDEy', 'Indana', 'Zulfa', 'Malang', '1997-08-05', 'Laki-Laki', 'Teman', 'VIP', '098', 'Jln.Linggis', 'Malang', 'Jawa Timur', '098098', 'lilaaf@gmail.com', '0891123123'),
(71, 41, 'NTk0MmIwNTk4', 'Fajariyah', 'Isma', 'Medan', '1978-08-13', 'Laki-Laki', 'Teman', 'VIP', '234234', 'Jln.Linggari', 'Malang', 'Jawa Timur', '12312', 'lilaaf@gmail.com', '0891123123'),
(72, 40, 'NzMxNTdmY2Ew', 'Fajar', 'Ali', 'Malang', '1999-08-11', 'Laki-Laki', 'Saudara', 'VIP', '123', 'Jln.Milaaa', 'Malang', 'Jawa Timur', '123', 'lilaaf@gmail.com', '0891123123'),
(73, 41, 'MTBmYzY3YTM0', 'Fajar', 'Ali', 'Malang', '1998-08-04', 'Laki-Laki', 'Saudara', 'VIP', '098', 'Jlnasdasd', 'Malang', 'Jawa Timur', '098', 'lilaaf@gmail.com', '0891123123'),
(74, 42, 'YjY3ZDAyYmEx', 'Lulu', 'Asri', 'Malang', '1980-07-27', 'Laki-Laki', 'Saudara', 'VIP', '123', 'Jlnasdasd', 'Malang', 'Jawa Timur', '132', 'lilaaf@gmail.com', '0891123123'),
(75, 45, 'OGQ3MjM3YzY4', 'Yuni ', 'Andini', 'Malang', '1980-07-30', 'Perempuan', 'Saudara', 'Umum', '123', 'Jln.Oranye', 'Malang', 'Jawa Timur', '123', 'yuni@gmail.com', '1233455'),
(76, 40, 'ZDRmNjlmYWY0', 'Endang ', 'Parwati', 'Malang', '1979-07-27', 'Laki-Laki', 'Teman', 'VIP', '1321', 'Jln.Ungu', 'Malang', 'Jawa Timur', '123', 'lala@sad.sd', '098123'),
(79, 41, 'MTMwZGUyN2Uz', 'Fajar', 'Aliando', 'Malang', '1978-08-05', 'Laki-Laki', 'Teman', 'VIP', '123', 'Jlnasdasd', 'Malang', 'Jawa Timur', '123', 'lilaaf@gmail.com', '0891123123'),
(80, 43, 'YjZkNDhiNzNi', 'dewa', 'dewi', 'Malang', '2000-10-17', 'Laki-Laki', 'Saudara', 'VIP', '1', 'Sumbersari', 'Malang', 'Jawa Timur', '6', 'gg@gmail.com', '08554633'),
(81, 28, 'M2Q4NGRiZjE3', 'ger', 'gor', 'Malang', '2020-08-05', 'Laki-Laki', 'Saudara', 'VIP', '75354', 'goro', 'Malang', 'Jawa Timur', '5', 'lilaaf@gmail.com', '0891123123'),
(82, 26, 'ZDJlNDA0YjU0', 'pasha', 'anisa', 'Malang', '2001-09-06', 'Laki-Laki', 'Saudara', 'VIP', '567890', 'Jl. Nakula', 'Surabaya', 'Jawa Timur', '56789', 'nigel@gmail.com', '56789'),
(83, 24, 'MGMwM2NlNGNi', 'Nigel', 'Alessandro', 'Malang', '2001-06-11', 'Laki-Laki', 'Saudara', 'VIP', '567890', 'Jl. Nakula', 'Surabaya', 'Jawa Timur', '56789', 'nigel@gmail.com', '567890'),
(84, 24, 'YTgzNDVjM2Ji', 'Nigel', 'Alessandro', 'Malang', '2001-06-11', 'Laki-Laki', 'Saudara', 'VIP', '567890', 'Jl. Nakula', 'Surabaya', 'Jawa Timur', '56789', 'nigel@gmail.com', '567890'),
(85, 26, 'NDgxMjYzODU0', 'Pasha', 'Anisa', 'Malang', '1999-06-23', 'Laki-Laki', 'Saudara', 'VIP', '8765', 'Jl. Mawar', 'Malang', 'Jawa Timur', '567', 'pashaneesa0901@gmail.com', '081252405242'),
(86, 25, 'NDcxYzk2YWZi', 'Pasha', 'Anisa', 'Malang', '1999-06-23', 'Laki-Laki', 'Saudara', 'Umum', '8765', 'Jl. Mawar', 'Malang', 'Jawa Timur', '567', 'pashaneesa0901@gmail.com', '081252405242'),
(87, 39, 'N2ZjYmZmMzJi', 'Sesil', 'Asmi', 'Surabaya', '2000-07-15', 'Laki-Laki', 'Saudara', 'Umum', '09809', 'Jln. Anggur', 'Malang', 'Jawa Timur', '23423', 'sesil@gmail.com', '09876545'),
(88, 40, 'MzJiZDQwMzYy', 'Immanuel', 'Tahniah', 'Semarang', '1999-07-20', 'Laki-Laki', 'Saudara', 'Umum', '324', 'Jalan Nakula NO.53/VI', 'Surabaya', 'Jawa Timur', '12', 'snwyuuki@gmail.com', '1234567890'),
(89, 41, 'OTA3N2NlNTVi', 'Luis', 'Devvi', 'Malang', '2001-08-17', 'Perempuan', 'Saudara', 'Umum', '0987', 'Jln. Salak', 'Malang', 'Jawa Timur', '6571', 'luis@gmail.com', '089999888777'),
(90, 41, 'NDQ5NmJkOTI5', 'Luis', 'Devvi', 'Malang', '2001-08-17', 'Perempuan', 'Saudara', 'Umum', '0987', 'Jln. Salak', 'Malang', 'Jawa Timur', '6571', 'luis@gmail.com', '089999888777'),
(91, 41, 'OWY4MjBhZGY4', 'Luis', 'Devvi', 'Malang', '2001-08-17', 'Laki-Laki', 'Saudara', 'Umum', '0987', 'Jln. Salak', 'Malang', 'Jawa Timur', '6571', 'luis@gmail.com', '089999888777'),
(92, 42, 'NzI1MjE1ZWQ4', 'Lila', 'Andana', 'Malang', '1999-08-17', 'Perempuan', 'Saudara', 'Umum', '1245', 'Jln. Salak', 'Malang', 'Jawa Timur', '65471', 'lila@gmail.com', '081999888777'),
(93, 24, 'MzMwMjhlMzQz', 'Nigel', 'Alessandro', 'Malang', '2001-06-11', 'Laki-Laki', 'Saudara', 'VIP', '567890', 'Jl. Nakula', 'Surabaya', 'Jawa Timur', '56789', 'nigel@gmail.com', '567890'),
(94, 25, 'MGZmMzliYmJm', 'Rachma', 'Wati', 'Malang', '1979-06-15', 'Laki-Laki', 'Saudara', 'Umum', '56789', 'Jl. Jaya Srani', 'Malang', 'Jawa Timur', '56789', 'rejob4group@gmail.com', '09876545'),
(95, 26, 'MDEwZTQwNmRm', 'Pasha', 'Anisa', 'Malang', '1999-02-23', 'Perempuan', 'Saudara', 'Umum', '8765', 'Jl. Mawar', 'Malang', 'Jawa Timur', '567', 'pashaneesa0901@gmail.com', '081252405242'),
(96, 27, 'YzhmN2U4Y2Y0', 'Yurike', 'Wardani', 'Malang', '1997-06-16', 'Perempuan', 'Saudara', 'Umum', '8765', 'Jl. Mawar', 'Malang', 'Jawa Timur', '567', 'yurike@gmail.com', '09876545'),
(97, 27, 'YWE0NzU2MDQ2', 'Yurike', 'Wardani', 'Malang', '1997-06-16', 'Perempuan', 'Saudara', 'Umum', '8765', 'Jl. Mawar', 'Malang', 'Jawa Timur', '567', 'yurike@gmail.com', '09876545'),
(98, 24, 'NDE2NGY4NDFi', 'Yurike', 'Wardani', 'Malang', '1997-06-16', 'Perempuan', 'Saudara', 'Umum', '8765', 'Jl. Mawar', 'Malang', 'Jawa Timur', '567', 'yurike@gmail.com', '09876545');

-- --------------------------------------------------------

--
-- Table structure for table `jadwal_dokter`
--

CREATE TABLE `jadwal_dokter` (
  `id_jadwal` int(11) NOT NULL,
  `hari` varchar(50) NOT NULL,
  `jam_mulai` time NOT NULL,
  `jam_tutup` time NOT NULL,
  `id_dokter` int(11) NOT NULL,
  `kuota` int(11) NOT NULL
) ENGINE=InnoDB DEFAULT CHARSET=latin1;

--
-- Dumping data for table `jadwal_dokter`
--

INSERT INTO `jadwal_dokter` (`id_jadwal`, `hari`, `jam_mulai`, `jam_tutup`, `id_dokter`, `kuota`) VALUES
(1, 'Senin', '07:00:00', '09:00:00', 1, 0),
(2, 'Rabu', '04:00:00', '06:00:00', 1, 0),
(3, 'Jumat', '10:00:00', '12:00:00', 1, 0),
(4, 'Selasa', '10:00:00', '12:00:00', 2, 0),
(5, 'Kamis', '04:00:00', '06:00:00', 2, 0),
(6, 'Rabu', '07:00:00', '09:00:00', 3, 0),
(7, 'Senin', '10:00:00', '12:00:00', 3, 0);

-- --------------------------------------------------------

--
-- Table structure for table `layanan`
--

CREATE TABLE `layanan` (
  `id_layanan` int(11) NOT NULL,
  `layanan` varchar(50) NOT NULL,
  `harga` int(11) NOT NULL,
  `status` int(5) NOT NULL
) ENGINE=InnoDB DEFAULT CHARSET=latin1;

--
-- Dumping data for table `layanan`
--

INSERT INTO `layanan` (`id_layanan`, `layanan`, `harga`, `status`) VALUES
(53, 'Kedokteran Gigi Pencegahan Umum', 45000, 1),
(54, 'Tambalan Gigi', 50000, 1),
(55, 'Nerve Treatment or Root Canal Treatment', 200000, 1),
(56, 'Blossom', 150000, 1);

-- --------------------------------------------------------

--
-- Table structure for table `login_session`
--

CREATE TABLE `login_session` (
  `id_user` int(5) NOT NULL,
  `nama_depan_u` text NOT NULL,
  `nama_belakang_u` text NOT NULL,
  `tanggal_lahir` text NOT NULL,
  `jenis_kelamin` enum('Laki-Laki','Perempuan') NOT NULL,
  `alamat` varchar(50) NOT NULL,
  `email` varchar(40) NOT NULL,
  `no_hp` text NOT NULL,
  `password` varchar(255) NOT NULL,
  `view_password` varchar(50) NOT NULL,
  `level` text NOT NULL
) ENGINE=InnoDB DEFAULT CHARSET=latin1;

--
-- Dumping data for table `login_session`
--

INSERT INTO `login_session` (`id_user`, `nama_depan_u`, `nama_belakang_u`, `tanggal_lahir`, `jenis_kelamin`, `alamat`, `email`, `no_hp`, `password`, `view_password`, `level`) VALUES
(1, 'resepsionis', '', '0000-00-00', 'Laki-Laki', '', 'resepsionis@gmail.com', '', '21232f297a57a5a743894a0e4a801fc3', 'admin', 'Klinik'),
(2, 'owner', '', '', 'Laki-Laki', '', 'owner@gmail.com', '', '21232f297a57a5a743894a0e4a801fc3', 'admin', 'Owner'),
(5, 'Lila', 'Asri', '02/15/1997', 'Perempuan', '', 'lilaasri@gmail.com', '', 'e79e66cfe28daad155598b6bb4b093c0', 'lilaasri', 'Dokter'),
(6, 'Miftah', 'Mustafa', '', 'Laki-Laki', '', 'miftahmustafa@gmail.com', '', 'b1f65cb3e115b98b8a8b0a4e1c6c0f3c', 'miftahmustaf', 'Dokter'),
(7, 'Sarah', 'Saras', '', 'Perempuan', '', 'sarahsaras@gmail.com', '', '1b094f428f333a730b07a4a93e70a70d', 'sarahsaras', 'Dokter'),
(16, 'Pasha', 'Anisa', '06/17/2020', 'Perempuan', 'Jl. Mawar', 'pashaneesa0901@gmail.com', '081252405242', 'ec8bc8e2b120d143e7274de2508f3f6f', 'pasha', 'Pasien'),
(22, 'Nigel', 'Alessandro', '06/12/1999', 'Laki-Laki', 'Jl. Mawar', 'nigelales@gmail.com', '09876545', '27db41c5450aedffb560ecd99b5538d4', 'nigel', 'Pasien'),
(34, 'Immanuel', 'Tahniah', '1999-07-20', 'Laki-Laki', '', 'snwyuuki@gmail.com', '1234567890', '', '', 'Pasien'),
(35, 'Lila', 'Andana', '17/08/1999', 'Perempuan', 'Jln. Salak ', 'lila@gmail.com', '081999888777', 'fda6ef9f6ba8382c875468cd70d33ecf', 'lila', 'Pasien'),
(40, 'Fajar', 'Ali', '1999-08-04', 'Laki-Laki', '', 'fajar@gmail.com', '081999888777', '', '', 'Pasien'),
(43, 'Yunia', 'Mila', '1998-07-28', 'Perempuan', '', 'mila@gmail.com', '089977665543', '', '', 'Pasien'),
(44, 'Yeni', 'Febrianti', '1999-07-29', 'Perempuan', '', 'yeni@gmail.com', '089977665543', '', '', 'Pasien');

-- --------------------------------------------------------

--
-- Table structure for table `metode_pembayaran`
--

CREATE TABLE `metode_pembayaran` (
  `id_metode` int(11) NOT NULL,
  `nama_metode` varchar(100) COLLATE utf8_unicode_ci NOT NULL
) ENGINE=InnoDB DEFAULT CHARSET=utf8 COLLATE=utf8_unicode_ci;

--
-- Dumping data for table `metode_pembayaran`
--

INSERT INTO `metode_pembayaran` (`id_metode`, `nama_metode`) VALUES
(1, 'Tunai'),
(2, 'Kartu Debit'),
(3, 'Asuransi');

-- --------------------------------------------------------

--
-- Table structure for table `obat`
--

CREATE TABLE `obat` (
  `id` int(11) NOT NULL,
  `nama` varchar(120) NOT NULL,
  `harga_satuan` int(11) NOT NULL,
  `jumlah` int(11) NOT NULL,
  `kode_krim` varchar(255) NOT NULL
) ENGINE=InnoDB DEFAULT CHARSET=latin1;

--
-- Dumping data for table `obat`
--

INSERT INTO `obat` (`id`, `nama`, `harga_satuan`, `jumlah`, `kode_krim`) VALUES
(1, 'Krim Malam 2', 150000, 6, '01'),
(2, 'Krim Pagi N', 60000, 6, '05'),
(3, 'Krim Malam 3', 150000, 9, '03'),
(4, 'Acne Malam', 150000, 0, '02'),
(5, 'CS42', 150000, 0, ''),
(6, 'CLEAR', 150000, 6, '04'),
(7, 'R 01', 120000, 0, '25'),
(8, 'SA 5 persen CP 10 gr', 150000, 7, '26'),
(9, 'Moisturizer', 60000, 2, '20'),
(10, 'Bedak Skin Bright ', 150000, 7, '24'),
(11, 'GA 10', 80000, 0, ''),
(12, 'Krim Pagi F', 60000, 6, '06'),
(13, 'Krim Pagi DA', 150000, 5, '07'),
(14, 'Sabun Normal', 80000, 8, '13'),
(15, 'Sabun Jerawat', 80000, 8, '14'),
(16, 'Cleansing Peeling', 150000, 3, '17'),
(17, 'Body Wash', 150000, 4, '18'),
(18, 'Body Srub', 100000, 0, ''),
(19, 'Eye Gel', 100000, 6, '12'),
(20, 'Whitening Serum', 150000, 7, '10'),
(21, 'BB Cream', 250000, 4, '08'),
(22, 'CR25', 150000, 0, ''),
(23, 'Kapsul Rambut', 150000, 0, ''),
(24, 'Body Moisturizer', 200000, 0, '28'),
(25, 'GAMAT Moisturizer Cream', 150000, 0, '21'),
(26, 'Toner', 75000, 4, '16'),
(27, 'Cleansing Milk', 75000, 6, '15'),
(28, 'Whitening Body Lotion', 150000, 7, ''),
(29, 'Lightening Cream Illene', 250000, 0, '22'),
(30, 'AV Krim Pagi', 150000, 0, '09'),
(31, 'Acne Gel', 150000, 0, ''),
(32, 'Zoloral Cream 10 gr', 40000, 5, ''),
(33, 'Dermasolon Cream 10 gr', 50000, 5, ''),
(34, 'Bactoderm Cream 5 gr', 80000, 16, ''),
(35, 'Fungitrazol', 160000, 4, ''),
(36, 'Nomika 50', 150000, 5, ''),
(37, 'Alernitis', 100000, 11, ''),
(38, 'Zoloral SS', 80000, 0, ''),
(39, 'Melasol', 300000, 0, ''),
(40, 'Miracle Mask - Gerreti', 200000, 6, '-'),
(41, 'C Spray', 150000, 0, '11'),
(42, 'Sunscreen Cream', 200000, 0, ''),
(43, 'Follicure', 300000, 2, ''),
(44, 'Soralen', 350000, 1, ''),
(45, 'Anti Aging', 250000, 4, '23'),
(46, 'Moisturizer Serum', 150000, 0, ''),
(47, 'KMI 025', 120000, 0, ''),
(48, 'Acne Serum', 150000, 0, ''),
(49, 'Pil Whitening Putih', 400000, 4, ''),
(50, 'Dermasolon Cream  5 gr', 30000, 16, ''),
(51, 'Pil Whitening Merah', 200000, 4, ''),
(52, 'Lightening Cream', 150000, 4, ''),
(53, 'Acne Maintenance', 150000, 0, ''),
(54, 'Peeling Lotion', 120000, 4, ''),
(55, 'Lip Care', 80000, 4, ''),
(56, 'Sebclair', 350000, 0, ''),
(57, 'Permethrin Krim', 150000, 6, ''),
(58, 'Brightening Serum', 400000, 0, ''),
(59, 'SebaRec Serum', 150000, 0, ''),
(60, 'Clobetasol Propionate', 200000, 2, ''),
(61, 'Stratamed', 350000, 0, ''),
(62, 'Gold Serum', 350000, 0, ''),
(63, 'Mimin 070817', 2280000, 0, ''),
(64, 'Apotik 070817', 630000, 0, ''),
(65, 'Botox Cream', 300000, 3, ''),
(66, 'FBG', 150000, 8, '-'),
(67, 'Vitiskin', 350000, 1, ''),
(68, 'Hair Grow Shampoo', 150000, 0, ''),
(69, 'Fresh Out', 200000, 1, ''),
(70, 'Serum Mata', 150000, 5, ''),
(71, 'Sebutramin', 150000, 15, ''),
(72, 'Methylprednisolon', 50000, 5, ''),
(73, 'Acne Solution', 65000, 3, ''),
(74, 'GA 10 persen', 80000, 6, '');

-- --------------------------------------------------------

--
-- Table structure for table `pasien`
--

CREATE TABLE `pasien` (
  `id_pasien` int(11) NOT NULL,
  `id_user` int(11) NOT NULL,
  `hubungan` text NOT NULL,
  `nama_depan` text NOT NULL,
  `nama_belakang` text NOT NULL,
  `tanggal_lahir` varchar(50) NOT NULL,
  `tempat_lahir` text NOT NULL,
  `jenis_kelamin` enum('Laki-Laki','Perempuan') NOT NULL,
  `status_nikah` text NOT NULL,
  `pekerjaan` varchar(50) NOT NULL,
  `pendidikan` varchar(50) NOT NULL,
  `jenis_id` varchar(50) NOT NULL,
  `no_id` varchar(50) NOT NULL,
  `alamat` varchar(50) NOT NULL,
  `kota_kab` text NOT NULL,
  `provinsi` varchar(50) NOT NULL,
  `kode_pos` varchar(50) NOT NULL,
  `email` varchar(50) NOT NULL,
  `no_hp` text NOT NULL,
  `gol_darah` text NOT NULL,
  `alergi` varchar(50) NOT NULL,
  `riwayat_penyakit` varchar(50) NOT NULL
) ENGINE=InnoDB DEFAULT CHARSET=latin1;

--
-- Dumping data for table `pasien`
--

INSERT INTO `pasien` (`id_pasien`, `id_user`, `hubungan`, `nama_depan`, `nama_belakang`, `tanggal_lahir`, `tempat_lahir`, `jenis_kelamin`, `status_nikah`, `pekerjaan`, `pendidikan`, `jenis_id`, `no_id`, `alamat`, `kota_kab`, `provinsi`, `kode_pos`, `email`, `no_hp`, `gol_darah`, `alergi`, `riwayat_penyakit`) VALUES
(24, 16, 'Anda', 'Pasha', 'Anisa', '1999-06-23', 'Malang', 'Perempuan', 'Menikah', 'Swasta', 'S1/S2/S3', 'Umum', '8765', 'Jl. Mawar', 'Malang', 'Jawa Timur', '567', 'pashaneesa0901@gmail.com', '081252405242', 'A', 'ghjk', 'fghjkl'),
(25, 16, 'Saudara', 'Yurike', 'Wardani', '1997-06-16', 'Malang', 'Perempuan', 'Menikah', 'Pegawai Negeri Sipil', 'S1/S2/S3', 'Umum', '8765', 'Jl. Mawar', 'Malang', 'Jawa Barat', '567', 'yurike@gmail.com', '09876545', 'A', 'ghjk', 'fghjkl'),
(26, 16, 'Anak', 'Nigel', 'Alessandro', '2001-06-11', 'Malang', 'Laki-Laki', 'Menikah', 'Pegawai Negeri Sipil', 'SMA/setaranya', 'VIP', '567890', 'Jl. Nakula', 'Surabaya', 'Jawa Barat', '56789', 'nigel@gmail.com', '567890', 'B', 'ghjk', 'fghjkl'),
(27, 16, 'Ibu', 'Rachma', 'Wati', '1979-06-15', 'Malang', 'Perempuan', 'Menikah', 'Swasta', 'S1/S2/S3', 'Umum', '56789', 'Jl. Jaya Srani', 'Malang', 'Jawa Timur', '56789', 'rejob4group@gmail.com', '09876545', 'A', 'fghjk', 'fghjkl'),
(28, 22, 'Anda', 'Nigel', 'Alessandro', '1999-07-14', 'Malang', 'Laki-Laki', 'Belum Menikah', 'Pegawai Negeri Sipil', 'SMA/setaranya', 'VIP', '567890', 'Jl. Mawar', 'Malang', 'Jawa Timur', '567', 'nigelales@gmail.com', '09876545', 'A', 'ghjk', 'gfhjk'),
(30, 24, 'Anda', 'Yurike', 'Wardani', '1998-07-27', 'Malang', 'Perempuan', 'Belum Menikah', 'Pegawai Negeri Sipil', 'S1/S2/S3', 'VIP', '123', 'Jl. Jaya Srani', 'Malang', 'Jawa Timur', '12', 'nigelales@gmail.com', '876', 'AB', 'Kacang', 'Flu'),
(39, 34, 'Anda', 'Immanuel', 'Tahniah', '1999-07-20', 'Semarang', 'Laki-Laki', 'Belum Menikah', 'Swasta', 'S1/S2/S3', 'Umum', '324', 'Jalan Nakula NO.53/VI', 'Surabaya', 'Jawa Timur', '12', 'snwyuuki@gmail.com', '1234567890', 'AB', 'ghjk', 'yuu'),
(40, 34, 'Saudara', 'Sesil', 'Asmi', '2000-07-15', 'Surabaya', 'Perempuan', 'Balum Menikah', 'Swasta', 'SMA/setaranya', 'Umum', '09809', 'Jln. Anggur', 'Malang', 'Jawa Timur', '23423', 'sesil@gmail.com', '09876545', 'O', 'Kacang', 'Panas'),
(41, 35, 'Anda', 'Lila', 'Andana', '1999-08-17', 'Malang', 'Perempuan', 'Menikah', 'Swasta', 'S1/S2/S3', 'Umum', '1245', 'Jln. Salak', 'Malang', 'Jawa Timur', '65471', 'lila@gmail.com', '081999888777', 'B', 'Kacang', 'Flu'),
(42, 35, 'Anak', 'Luis', 'Devvi', '2001-08-17', 'Malang', 'Perempuan', 'Belum Menikah', 'Tidak Bekerja', 'SMA/setaranya', 'Umum', '0987', 'Jln. Salak', 'Malang', 'Jawa Timur', '6571', 'luis@gmail.com', '089999888777', 'B', 'Kacang', 'Flu'),
(43, 40, 'Anda', 'Fajar', 'Ali', '1999-08-04', 'Surabaya', 'Laki-Laki', 'Menikah', 'Pegawai Negeri Sipil', 'S1/S2/S3', 'VIP', '123', 'Jln. Salak', 'Malang', 'Jawa Timur', '123', 'fajar@gmail.com', '081999888777', 'O', 'Kacang', 'Flu'),
(44, 43, 'Anda', 'Yunia', 'Mila', '1998-07-28', 'Surabaya', 'Perempuan', 'Menikah', 'Pegawai Negeri Sipil', 'S1/S2/S3', 'VIP', '123123', 'Jln. Manggis ', 'Surabaya', 'Jawa Timur', '0989', 'mila@gmail.com', '089977665543', 'A', 'Kacang', 'lio'),
(45, 44, 'Anda', 'Yeni', 'Febrianti', '1999-07-29', 'Malang', 'Perempuan', 'Belum Menikah', 'Swasta', 'S1/S2/S3', 'Umum', '123123', 'Jln. Kelengkeng ', 'Malang', 'Jawa Timur', '123', 'yeni@gmail.com', '089977665543', 'A', 'Kacang', 'Flu');

-- --------------------------------------------------------

--
-- Table structure for table `pemasukan`
--

CREATE TABLE `pemasukan` (
  `id` int(11) NOT NULL,
  `tanggal` varchar(10) NOT NULL,
  `total` int(11) NOT NULL
) ENGINE=InnoDB DEFAULT CHARSET=latin1;

-- --------------------------------------------------------

--
-- Table structure for table `pemeriksaan_klinis_khusus`
--

CREATE TABLE `pemeriksaan_klinis_khusus` (
  `id_pemeriksaan_khusus` int(11) NOT NULL,
  `id_pasien` varchar(12) NOT NULL,
  `id_rekam_medis` varchar(12) NOT NULL,
  `id_booking` varchar(15) NOT NULL,
  `keterangan` text NOT NULL
) ENGINE=InnoDB DEFAULT CHARSET=utf8mb4;

--
-- Dumping data for table `pemeriksaan_klinis_khusus`
--

INSERT INTO `pemeriksaan_klinis_khusus` (`id_pemeriksaan_khusus`, `id_pasien`, `id_rekam_medis`, `id_booking`, `keterangan`) VALUES
(1, '24', 'NGEyZGRmMTQ4', 'MzMyM2ZlMTFl', 'hvcjnsd,jskadxasxja'),
(2, '26', 'OGE3MDFiMTc2', 'YjQwNjdmOGFh', 'asdfghjkl'),
(3, '27', 'ZDQwNjExYWI4', 'MTExM2Q3YTc2', 'qwerty'),
(4, '24', 'YWI2NGM3ZWY4', 'YWRjNGI1MWI0', 'cnadjcsjhc'),
(5, '41', 'ODA3MTRiMmUx', 'ZDU2MWQyMTMw', 'Terlalu Sakit'),
(6, '39', 'NjJkYjhmNjFl', 'OGNmZWRmZjg2', 'Ini Sakit'),
(7, '24', 'ZjcxMmMxMjAz', 'Mjg4NTQ5NDEy', 'lololo'),
(9, '45', 'OGRlYzM1Zjk0', 'MTY5NmE3ZThh', 'Sakiiiiit Banget'),
(10, '43', 'Y2I5YzEwY2Mx', 'ZmM5OGQ3MmE2', 'Yah Sudahlah'),
(12, '44', 'YzAxN2RlNGE1', 'NmFhNzA0ZWNj', 'mnbbvccxzcxzdsadaewqe'),
(13, '41', 'ODRhZWVhMjli', 'NTk0MmIwNTk4', 'Sakitte'),
(14, '40', 'ODJmYTEyOTQ1', 'NzMxNTdmY2Ew', 'kjhkhkjhk'),
(15, '41', 'Mzc1OWJmZGU4', 'MTBmYzY3YTM0', 'uhuy'),
(16, '42', 'ZmJkOWU3ZDYw', 'YjY3ZDAyYmEx', 'Ulalalala'),
(17, '45', 'ZGUyYTFhMzQ5', 'OGQ3MjM3YzY4', 'alskdjasd'),
(18, '24', 'Njc2ZTc2ODU2', 'YTgzNDVjM2Ji', 'lololo');

-- --------------------------------------------------------

--
-- Table structure for table `pemeriksaan_klinis_umum`
--

CREATE TABLE `pemeriksaan_klinis_umum` (
  `id_pemeriksaan_umum` int(11) NOT NULL,
  `id_pasien` varchar(12) NOT NULL,
  `id_booking` varchar(15) NOT NULL,
  `id_rekam_medis` varchar(12) NOT NULL,
  `wajah` text NOT NULL,
  `bibir` text NOT NULL,
  `submandibula_kanan` text NOT NULL,
  `subkanan_kondisi` text NOT NULL,
  `submandibula_kiri` text NOT NULL,
  `subkiri_kondisi` text NOT NULL,
  `lainnya` text NOT NULL,
  `gingiva` text NOT NULL,
  `debris` text NOT NULL,
  `stain` text NOT NULL,
  `kalkulus` text NOT NULL,
  `mukosa` text NOT NULL,
  `palatum` text NOT NULL,
  `lidah` text NOT NULL,
  `dasar_mulut` text NOT NULL,
  `hubungan_rahang` text NOT NULL,
  `kelainan_gigi_geligi` text NOT NULL
) ENGINE=InnoDB DEFAULT CHARSET=utf8mb4;

--
-- Dumping data for table `pemeriksaan_klinis_umum`
--

INSERT INTO `pemeriksaan_klinis_umum` (`id_pemeriksaan_umum`, `id_pasien`, `id_booking`, `id_rekam_medis`, `wajah`, `bibir`, `submandibula_kanan`, `subkanan_kondisi`, `submandibula_kiri`, `subkiri_kondisi`, `lainnya`, `gingiva`, `debris`, `stain`, `kalkulus`, `mukosa`, `palatum`, `lidah`, `dasar_mulut`, `hubungan_rahang`, `kelainan_gigi_geligi`) VALUES
(1, '24', 'MzMyM2ZlMTFl', 'NGEyZGRmMTQ4', 'Simetri', 'Normal', 'Sakit', 'Lunak', 'Tidak Teraba', 'keras', 'holllaaa', 'Normal', 'Tidak normal ada kelainan', 'Ada', 'Subgingiva', 'Normal', 'Ada Kelainan', 'Normal', 'Normal', 'Baik', 'Tidak'),
(2, '26', 'YjQwNjdmOGFh', 'OGE3MDFiMTc2', 'Asimetri', 'Normal', 'Sakit', 'Keras', 'Teraba', 'Keras', 'Lalala', 'Normal', 'Tidak normal ada kelainan', 'Ada', 'Subgingiva', 'Normal', 'Ada Kelainan', 'Normal', 'zxcvbn', 'Baik', 'Tidak'),
(3, '27', 'MTExM2Q3YTc2', 'ZDQwNjExYWI4', 'Simetri', 'Normal', 'Sakit', 'Keras', 'Tidak Teraba', 'Keras', 'asdfg', 'Normal', 'Tidak normal ada kelainan', 'Tidak Ada', 'Supragingiva', 'qwerty', 'Ada Kelainan', 'Normal', 'Normal', 'Baik', 'Tidak'),
(4, '24', 'YWRjNGI1MWI0', 'YWI2NGM3ZWY4', 'Asimetri', 'ndjsjncnmx', 'Teraba,Tidak Sakit', 'Keras', 'Tidak Teraba,Sakit', 'lunak', 'cncmcsk', 'Normal', 'Normal', 'Tidak Ada', 'Supragingiva', 'c msxcnjsac', 'Normal', 'nc zxmn zxcn', 'c nsac as a', 'Baik', 'Tidak'),
(5, '41', 'ZDU2MWQyMTMw', 'ODA3MTRiMmUx', 'Simetri', 'Terlalu Tebal', 'Teraba,Sakit', 'lunak', 'Tidak Teraba', 'keras', 'Hehehe', 'Normal', 'Normal', 'Ada', 'Subgingiva', 'Normal', 'Ada Kelainan', 'Normal', 'Normal', 'baik', 'tidak'),
(6, '39', 'OGNmZWRmZjg2', 'NjJkYjhmNjFl', 'Simetri', 'Normal', 'Sakit', 'lunak', 'Tidak Teraba', 'keras', 'sisiislalala', 'Normal', 'Tidak normal ada kelainan', 'Ada', 'Subgingiva', 'Normal', 'Ada Kelainan', 'Normal', 'Normal', 'baik', 'tidak'),
(7, '24', 'Mjg4NTQ5NDEy', 'ZjcxMmMxMjAz', 'Asimetri', 'Normal', 'Tidak Teraba,Sakit', 'Lunak', 'Teraba,Tidak Sakit', 'Keras', 'lalla', 'Normal', 'Normal', 'Tidak Ada', 'Subgingiva', 'Normal', 'Normal', 'nc zxmn zxcn', 'c nsac as a', '', ''),
(9, '45', 'MTY5NmE3ZThh', 'OGRlYzM1Zjk0', 'Simetri', 'Lila', 'Teraba,Sakit', 'Keras', 'Teraba,Tidak Sakit', 'keras', 'LIlalala', 'Normal', 'Normal', 'Ada', 'Subgingiva', 'Normal', 'Ada Kelainan', 'Normal', 'Normal', '', ''),
(10, '43', 'ZmM5OGQ3MmE2', 'Y2I5YzEwY2Mx', 'Simetri', 'Normal', 'Tidak Teraba,Tidak Sakit', 'Keras', 'Teraba,Sakit', 'Keras', 'Tidak Ada', 'Normal', 'Normal', 'Ada', 'Subgingiva', 'Normal', 'Normal', 'Normal', 'Normal', '', ''),
(12, '44', 'NmFhNzA0ZWNj', 'YzAxN2RlNGE1', 'Simetri', 'Normal', 'Teraba', 'Lunak', 'Tidak Teraba', 'Keras', 'LIlalala', 'Normal', 'Normal', 'Tidak Ada', 'Tidak Ada', 'Normal', 'Lainnya', 'Normal', 'Lainnya', '', ''),
(13, '41', 'NTk0MmIwNTk4', 'ODRhZWVhMjli', 'Simetri', 'Terlalu Tebal', 'Tidak Teraba,Sakit', 'lunak', 'Teraba', 'keras', 'Hehehe', 'Normal', 'Normal', 'Ada', 'Subgingiva', 'Normal', 'Ada Kelainan', 'Normal', 'Normal', '', ''),
(14, '40', 'NzMxNTdmY2Ew', 'ODJmYTEyOTQ1', 'Simetri', 'Normal', 'Teraba,Sakit', 'Lunak', 'Teraba,Tidak Sakit', 'Keras', 'LIlalala', 'Normal', 'Normal', 'Tidak Ada', 'Subgingiva', 'Normal', 'Normal', 'Normal', 'Normal', '', ''),
(15, '41', 'MTBmYzY3YTM0', 'Mzc1OWJmZGU4', 'Asimetri', 'Normal', 'Teraba,Sakit', 'lunak', 'Teraba,Tidak Sakit', 'lunak', 'hoho', 'Normal', 'Normal', 'Ada', 'Tidak Ada', 'Normal', 'Ada Kelainan', 'Normal', 'Normal', '', ''),
(16, '42', 'YjY3ZDAyYmEx', 'ZmJkOWU3ZDYw', 'Asimetri', 'Normal', 'Teraba,Sakit', 'Lunak', 'Teraba,Tidak Sakit', 'Keras', 'Tidak Ada', 'Normal', 'Normal', 'Tidak Ada', 'Subgingiva', 'Normal', 'Normal', 'Normal', 'Normal', '', ''),
(17, '45', 'OGQ3MjM3YzY4', 'ZGUyYTFhMzQ5', 'Asimetri', 'Normal', 'Tidak Teraba,Sakit', 'Keras', 'Teraba,Sakit', 'Lunak', 'Tidak Ada', 'Normal', 'Normal', 'Ada', 'Tidak Ada', 'Normal', 'Normal', 'Normal', 'Normal', '', ''),
(18, '24', 'YTgzNDVjM2Ji', 'Njc2ZTc2ODU2', 'Asimetri', 'Normal', 'Tidak Teraba,Sakit', 'Lunak', 'Teraba,Tidak Sakit', 'Keras', 'ffxgvdx', 'Normal', 'Normal', 'Tidak Ada', 'Subgingiva', 'Normal', 'Normal', 'nc zxmn zxcn', 'c nsac as a', 'Ortognati', '');

-- --------------------------------------------------------

--
-- Table structure for table `pemeriksaan_penunjang`
--

CREATE TABLE `pemeriksaan_penunjang` (
  `id_pemeriksaan_penunjang` int(11) NOT NULL,
  `id_pasien` varchar(12) NOT NULL,
  `id_booking` varchar(15) NOT NULL,
  `id_rekam_medis` varchar(12) NOT NULL,
  `radiologi` text NOT NULL,
  `gigi` int(11) NOT NULL,
  `keterangan_radiologi` text NOT NULL,
  `foto_radiologi` varchar(256) NOT NULL,
  `laboratorium` text NOT NULL,
  `keterangan_laboratorium` text NOT NULL,
  `foto_laboratorium` varchar(256) NOT NULL
) ENGINE=InnoDB DEFAULT CHARSET=utf8mb4;

--
-- Dumping data for table `pemeriksaan_penunjang`
--

INSERT INTO `pemeriksaan_penunjang` (`id_pemeriksaan_penunjang`, `id_pasien`, `id_booking`, `id_rekam_medis`, `radiologi`, `gigi`, `keterangan_radiologi`, `foto_radiologi`, `laboratorium`, `keterangan_laboratorium`, `foto_laboratorium`) VALUES
(1, '24', 'MzMyM2ZlMTFl', 'NGEyZGRmMTQ4', 'Sefalometri', 46, 'Tampak gambaran radiopak ada oklusal gigi 46 hingga dentin dalam. Tampak gambaran radiolusensi berbatas diffuse pada apical seluas kurang lebih 4 mm.', 'gale1.jpg', 'Darah Rutin', 'Tidak Ada', 'gale6.jpg'),
(2, '26', 'YjQwNjdmOGFh', 'OGE3MDFiMTc2', 'Panoramik', 42, ' Tampak gambaran radiopak ada oklusal gigi 42 hingga dentin dalam. Tampak gambaran radiolusensi berbatas diffuse pada apical seluas kurang lebih 3 mm.', 'elecomp.png', 'Darah Rutin', 'Tidak Ada', 'elecomp.png'),
(3, '27', 'MTExM2Q3YTc2', 'ZDQwNjExYWI4', 'Sefalometri', 41, ' Tampak gambaran radiopak ada oklusal gigi 41 hingga dentin dalam. Tampak gambaran radiolusensi berbatas diffuse pada apical seluas kurang lebih 4 mm.', 'elecomp.png', 'Darah Rutin', 'Tidak Ada', 'elecomp.png'),
(4, '24', 'YWRjNGI1MWI0', 'YWI2NGM3ZWY4', 'Sefalometri,Transcranial', 40, ' Tampak gambaran radiopak ada oklusal gigi 40 hingga dentin dalam. Tampak gambaran radiolusensi berbatas diffuse pada apical seluas kurang lebih 4 mm.', 'elecompLogo.png', 'Darah Rutin', 'Tidak Ada', 'elecompsoftwarehouse_20200619_1.png'),
(5, '41', 'ZDU2MWQyMTMw', 'ODA3MTRiMmUx', 'Sefalometri', 46, 'Tampak gambaran radiopak ada oklusal gigi 46 hingga dentin dalam. Tampak gambaran radiolusensi berbatas diffuse pada apical seluas kurang lebih 4 mm.', 'gale1.jpg', 'Darah Rutin', 'Tidak Ada', 'gale6.jpg'),
(6, '39', 'OGNmZWRmZjg2', 'NjJkYjhmNjFl', 'Sefalometri', 46, ' Tampak gambaran radiopak ada oklusal gigi 46 hingga dentin dalam. Tampak gambaran radiolusensi berbatas diffuse pada apical seluas kurang lebih 4 mm.', 'elecompLogo.png', 'Darah Rutin', 'Tidak Ada', 'elecompsoftwarehouse_20200619_1.png'),
(7, '24', 'Mjg4NTQ5NDEy', 'ZjcxMmMxMjAz', 'Sefalometri,Transcranial,Dental Regio', 43, ' Tampak gambaran radiopak ada oklusal gigi 43 hingga dentin dalam. Tampak gambaran radiolusensi berbatas diffuse pada apical seluas kurang lebih 4 mm.', 'gale1.jpg', 'poi', 'Tidak Ada lll', 'gale6.jpg'),
(9, '45', 'MTY5NmE3ZThh', 'OGRlYzM1Zjk0', 'Sefalometri', 42, 'Tampak gambaran radiopak ada oklusal gigi 42 hingga dentin dalam. Tampak gambaran radiolusensi berbatas diffuse pada apical seluas kurang lebih 4 mm.', 'gale1.jpg', 'Darah Rutin', 'Tidak Ada', 'gale1.jpg'),
(10, '43', 'ZmM5OGQ3MmE2', 'Y2I5YzEwY2Mx', 'Panoramik,Transcranial', 45, 'Tampak dkk 46 lebih 33mm', 'gale2.jpg', 'Darah Rutin', 'Addaaa', 'gale5.jpg'),
(12, '44', 'NmFhNzA0ZWNj', 'YzAxN2RlNGE1', 'Panoramik,Transcranial', 50, 'lkjiuy5550 nbb', 'ser5.jpg', 'Darah Rutin', 'mnbjgjgjhgjgjh', 'ser4.jpg'),
(13, '41', 'NTk0MmIwNTk4', 'ODRhZWVhMjli', 'Panoramik,Sefalometri', 49, 'Tampak gambaran radiopak ada oklusal gigi 49 hingga dentin dalam. Tampak gambaran radiolusensi berbatas diffuse pada apical seluas kurang lebih 4 mm.', 'gale61.jpg', 'Hercule', 'iloiuyttqwertyuio', 'gale4.jpg'),
(14, '40', 'NzMxNTdmY2Ew', 'ODJmYTEyOTQ1', 'Panoramik,Transcranial,Dental Regio', 43, 'uiyiuuitrt43 5mm', 'gale51.jpg', 'Darah Rutin', 'kjhkjh', 'about.jpg'),
(15, '41', 'MTBmYzY3YTM0', 'Mzc1OWJmZGU4', 'Transcranial,Dental Regio', 45, 'Tampak gambaran radiopak ada oklusal gigi 49 hingga dentin dalam. Tampak gambaran radiolusensi berbatas diffuse pada apical seluas kurang lebih 4 mm.', 'KTP1.jpg', 'Darah Rutin', 'poip', 'KTP3.jpg'),
(16, '42', 'YjY3ZDAyYmEx', 'ZmJkOWU3ZDYw', 'Panoramik,Transcranial', 45, 'Tampak 45 gigi menjuntai - juntai 5mm', 'FOTO3.jpg', 'Darah Rutin', 'Only You', 'KTP31.jpg'),
(17, '45', 'OGQ3MjM3YzY4', 'ZGUyYTFhMzQ5', 'Panoramik,Transcranial,Dental Regio', 43, 'sadlkasjdlk', 'KTP2.jpg', 'Darah Rutin', 'kasjdkajshd', 'FOTO2.jpg'),
(18, '24', 'YTgzNDVjM2Ji', 'Njc2ZTc2ODU2', 'Sefalometri,Transcranial,Dental Regio', 43, ' Tampak gambaran radiopak ada oklusal gigi 43 hingga dentin dalam. Tampak gambaran radiolusensi berbatas diffuse pada apical seluas kurang lebih 4 mm.', '', 'poi', 'Tidak Ada lll', '');

-- --------------------------------------------------------

--
-- Table structure for table `pendapatan`
--

CREATE TABLE `pendapatan` (
  `id` int(11) NOT NULL,
  `id_rekam_medis` int(11) NOT NULL,
  `id_apotik` int(11) NOT NULL,
  `jumlah` int(11) NOT NULL,
  `metode_bayar` varchar(100) NOT NULL
) ENGINE=InnoDB DEFAULT CHARSET=latin1;

--
-- Dumping data for table `pendapatan`
--

INSERT INTO `pendapatan` (`id`, `id_rekam_medis`, `id_apotik`, `jumlah`, `metode_bayar`) VALUES
(1, 0, 1, 2730000, 'Tunai'),
(2, 0, 2, 440000, 'Tunai'),
(3, 0, 3, 2005000, 'Tunai'),
(4, 0, 4, 3405000, 'Tunai'),
(5, 0, 5, 2590000, 'Tunai'),
(6, 0, 6, 1055000, 'Tunai'),
(7, 0, 7, 3130000, 'Tunai'),
(8, 0, 8, 1085000, 'Tunai'),
(9, 0, 9, 1250000, 'Tunai'),
(10, 0, 10, 4100000, 'Tunai'),
(11, 0, 11, 770000, 'Tunai'),
(12, 0, 12, 2405000, 'Tunai'),
(13, 0, 13, 3535000, 'Tunai'),
(14, 0, 14, 365000, 'Tunai'),
(15, 0, 15, 1380000, 'Tunai'),
(16, 0, 16, 1365000, 'Tunai'),
(17, 0, 17, 2860000, 'Tunai'),
(18, 0, 18, 6060000, 'Tunai'),
(19, 0, 19, 4990000, 'Tunai'),
(20, 0, 20, 2525000, 'Tunai'),
(21, 0, 21, 1960000, 'Tunai'),
(22, 0, 22, 1825000, 'Tunai'),
(23, 0, 23, 2575000, 'Tunai'),
(24, 0, 24, 3145000, 'Tunai'),
(25, 0, 25, 3650000, 'Tunai'),
(26, 0, 26, 2690000, 'Tunai'),
(27, 0, 27, 3415000, 'Tunai'),
(28, 0, 28, 3560000, 'Tunai'),
(29, 0, 29, 655000, 'Tunai'),
(30, 0, 30, 5205000, 'Tunai'),
(31, 0, 31, 3930000, 'Tunai'),
(32, 0, 32, 1280000, 'Tunai'),
(33, 0, 33, 3280000, 'Tunai'),
(34, 0, 34, 4890000, 'Tunai'),
(35, 0, 35, 5275000, 'Tunai'),
(36, 0, 36, 1795000, 'Tunai'),
(37, 0, 37, 1580000, 'Tunai'),
(38, 0, 38, 3760000, 'Tunai'),
(39, 0, 39, 1515000, 'Tunai'),
(40, 0, 40, 1680000, 'Tunai'),
(41, 0, 41, 2205000, 'Tunai'),
(42, 0, 42, 3025000, 'Tunai'),
(43, 0, 43, 2175000, 'Tunai'),
(44, 0, 44, 2140000, 'Tunai'),
(45, 0, 45, 565000, 'Tunai'),
(46, 0, 46, 2515000, 'Tunai'),
(47, 0, 47, 1660000, 'Tunai'),
(48, 0, 48, 4300000, 'Tunai'),
(49, 0, 49, 2155000, 'Tunai'),
(50, 0, 50, 4880000, 'Tunai'),
(51, 0, 51, 2190000, 'Tunai'),
(52, 0, 52, 6475000, 'Tunai'),
(53, 0, 53, 1605000, 'Tunai'),
(54, 0, 54, 2330000, 'Tunai'),
(55, 0, 55, 920000, 'Tunai'),
(56, 0, 56, 2085000, 'Tunai'),
(57, 0, 57, 5205000, 'Tunai'),
(58, 0, 58, 2090000, 'Tunai'),
(59, 0, 59, 3930000, 'Tunai'),
(60, 0, 60, 3965000, 'Tunai'),
(61, 0, 61, 1030000, 'Tunai'),
(62, 0, 62, 865000, 'Tunai'),
(63, 0, 63, 5350000, 'Tunai'),
(64, 0, 64, 1470000, 'Tunai'),
(65, 0, 65, 1210000, 'Tunai'),
(66, 0, 66, 2495000, 'Tunai'),
(67, 0, 67, 0, 'Tunai'),
(68, 0, 68, 2915000, 'Tunai'),
(69, 0, 69, 3750000, 'Tunai'),
(70, 0, 70, 1425000, 'Tunai'),
(71, 0, 71, 2280000, 'Tunai'),
(72, 0, 72, 2795000, 'Tunai'),
(73, 0, 73, 1455000, 'Tunai'),
(74, 0, 74, 1790000, 'Tunai'),
(75, 0, 75, 1280000, 'Tunai'),
(76, 0, 76, 670000, 'Tunai'),
(77, 0, 77, 4340000, 'Tunai'),
(78, 0, 78, 1370000, 'Tunai'),
(79, 0, 79, 4820000, 'Tunai'),
(80, 0, 80, 1325000, 'Tunai'),
(81, 0, 81, 2055000, 'Tunai'),
(82, 0, 82, 3905000, 'Tunai'),
(83, 0, 83, 2345000, 'Tunai'),
(84, 0, 84, 685000, 'Tunai'),
(85, 0, 85, 2645000, 'Tunai'),
(86, 0, 86, 1265000, 'Tunai'),
(87, 0, 87, 3565000, 'Tunai'),
(88, 0, 88, 5815000, 'Tunai'),
(89, 0, 89, 1590000, 'Tunai'),
(90, 0, 90, 1750000, 'Tunai'),
(91, 0, 91, 2695000, 'Tunai'),
(92, 0, 92, 1185000, 'Tunai'),
(93, 0, 93, 1660000, 'Tunai'),
(94, 0, 94, 3430000, 'Tunai'),
(95, 0, 95, 680000, 'Tunai'),
(96, 0, 96, 4015000, 'Tunai'),
(97, 0, 97, 290000, 'Tunai'),
(98, 0, 98, 1210000, 'Tunai'),
(99, 0, 99, 3465000, 'Tunai'),
(100, 0, 100, 2405000, 'Tunai'),
(101, 0, 101, 5850000, 'Tunai'),
(102, 0, 102, 2940000, 'Tunai'),
(103, 0, 103, 3425000, 'Tunai'),
(104, 0, 104, 1680000, 'Tunai'),
(105, 0, 105, 5020000, 'Tunai'),
(106, 0, 106, 490000, 'Tunai'),
(107, 0, 107, 1925000, 'Tunai'),
(108, 0, 108, 8500000, 'Tunai'),
(109, 0, 109, 3420000, 'Tunai'),
(110, 0, 110, 3630000, 'Tunai'),
(111, 0, 111, 2610000, 'Tunai'),
(112, 0, 112, 2590000, 'Tunai'),
(113, 0, 113, 290000, 'Tunai'),
(114, 0, 114, 1780000, 'Tunai'),
(115, 0, 115, 1175000, 'Tunai'),
(116, 0, 116, 3140000, 'Tunai'),
(117, 0, 117, 4600000, 'Tunai'),
(118, 0, 118, 3215000, 'Tunai'),
(119, 0, 119, 3685000, 'Tunai'),
(120, 0, 120, 5515000, 'Tunai'),
(121, 0, 121, 1055000, 'Tunai'),
(122, 0, 122, 3355000, 'Tunai'),
(123, 0, 123, 2660000, 'Tunai'),
(124, 0, 124, 5245000, 'Tunai'),
(125, 0, 126, 1420000, 'Tunai'),
(126, 0, 127, 1730000, 'Tunai'),
(127, 0, 128, 1660000, 'Tunai'),
(128, 0, 129, 2530000, 'Tunai'),
(129, 0, 130, 150000, 'Tunai'),
(130, 0, 131, 3855000, 'Tunai'),
(131, 0, 132, 1740000, 'Tunai'),
(132, 0, 133, 3130000, 'Tunai'),
(133, 0, 134, 400000, 'Tunai'),
(134, 0, 135, 4750000, 'Tunai'),
(135, 0, 136, 2585000, 'Tunai'),
(136, 0, 137, 3955000, 'Card'),
(137, 0, 138, 1865000, 'Tunai'),
(138, 0, 139, 2025000, 'Tunai'),
(139, 0, 140, 1310000, 'Tunai'),
(140, 0, 141, 1710000, 'Tunai'),
(141, 0, 142, 1675000, 'Tunai'),
(142, 0, 143, 4065000, 'Tunai'),
(143, 0, 147, 2160000, 'Tunai'),
(144, 0, 148, 4765000, 'Tunai'),
(145, 0, 149, 4660000, 'Tunai'),
(146, 0, 150, 2640000, 'Tunai'),
(147, 0, 151, 5650000, 'Tunai'),
(148, 0, 152, 3010000, 'Tunai'),
(149, 0, 153, 1000000, 'Tunai'),
(150, 0, 154, 2360000, 'Tunai'),
(151, 0, 155, 940000, 'Tunai'),
(152, 0, 156, 1635000, 'Tunai'),
(153, 0, 157, 2465000, 'Tunai'),
(154, 0, 158, 2280000, 'Tunai'),
(155, 0, 159, 4115000, 'Tunai'),
(156, 0, 160, 1700000, 'Tunai'),
(157, 0, 161, 5945000, 'Tunai'),
(158, 0, 162, 4495000, 'Tunai'),
(159, 0, 163, 6030000, 'Tunai'),
(160, 0, 164, 1510000, 'Tunai'),
(161, 0, 165, 3440000, 'Tunai'),
(162, 0, 166, 1750000, 'Tunai'),
(163, 0, 167, 2540000, 'Tunai'),
(164, 0, 168, 5970000, 'Tunai'),
(165, 0, 169, 6210000, 'Tunai'),
(166, 0, 170, 2270000, 'Tunai'),
(167, 0, 171, 1950000, 'Tunai'),
(168, 0, 172, 150000, 'Tunai'),
(169, 0, 173, 3220000, 'Tunai'),
(170, 0, 174, 1330000, 'Tunai'),
(171, 0, 175, 1155000, 'Tunai'),
(172, 0, 176, 360000, 'Tunai'),
(173, 0, 177, 2320000, 'Tunai'),
(174, 0, 178, 60000, 'Tunai'),
(175, 0, 179, 600000, 'Tunai'),
(176, 0, 180, 230000, 'Tunai'),
(177, 0, 181, 150000, 'Tunai'),
(178, 0, 182, 460000, 'Tunai'),
(179, 0, 183, 2030000, 'Tunai'),
(180, 0, 184, 2490000, 'Tunai'),
(181, 0, 185, 400000, 'Tunai'),
(182, 0, 186, 2810000, 'Tunai'),
(183, 0, 187, 5100000, 'Tunai'),
(184, 0, 188, 4250000, 'Tunai'),
(185, 0, 189, 4550000, 'Tunai'),
(186, 0, 190, 4900000, 'Tunai'),
(187, 0, 191, 1200000, 'Tunai'),
(188, 0, 192, 7380000, 'Tunai'),
(189, 0, 193, 2000000, 'Tunai'),
(190, 0, 194, 2330000, 'Tunai'),
(191, 0, 195, 2140000, 'Tunai'),
(192, 0, 196, 2210000, 'Tunai'),
(193, 0, 197, 1750000, 'Tunai'),
(194, 0, 198, 1130000, 'Tunai'),
(195, 0, 199, 570000, 'Tunai'),
(196, 0, 200, 1590000, 'Tunai'),
(197, 0, 201, 800000, 'Card'),
(198, 0, 202, 600000, 'Tunai'),
(199, 0, 203, 210000, 'Tunai'),
(200, 0, 204, 140000, 'Tunai'),
(201, 0, 205, 150000, 'Tunai'),
(202, 0, 206, 1170000, 'Tunai'),
(203, 0, 207, 215000, 'Tunai'),
(204, 0, 208, 400000, 'Tunai'),
(205, 0, 209, 60000, 'Tunai'),
(206, 0, 210, 680000, 'Tunai'),
(207, 0, 211, 6600000, 'Tunai'),
(208, 0, 212, 1400000, 'Tunai'),
(209, 0, 213, 630000, 'Tunai'),
(210, 0, 214, 1190000, 'Tunai'),
(211, 0, 215, 320000, 'Tunai'),
(212, 0, 216, 1250000, 'Tunai'),
(213, 0, 217, 210000, 'Tunai'),
(214, 0, 218, 3500000, 'Tunai'),
(215, 0, 219, 1840000, 'Tunai'),
(216, 0, 220, 4250000, 'Tunai'),
(217, 0, 221, 150000, 'Tunai'),
(218, 0, 222, 2750000, 'Tunai'),
(219, 0, 223, 0, 'Tunai'),
(220, 0, 224, 100000, 'Tunai'),
(221, 0, 225, 700000, 'Tunai'),
(222, 0, 226, 2280000, 'Tunai'),
(223, 0, 227, 630000, 'Tunai'),
(224, 0, 228, 390000, 'Card'),
(225, 0, 229, 5700000, 'Tunai'),
(226, 0, 230, 180000, 'Tunai'),
(227, 0, 231, 450000, 'Tunai'),
(228, 0, 232, 300000, 'Tunai'),
(229, 0, 233, 610000, 'Tunai'),
(230, 0, 234, 210000, 'Tunai'),
(231, 0, 235, 380000, 'Tunai'),
(232, 0, 236, 230000, 'Tunai'),
(233, 0, 237, 150000, 'Tunai'),
(234, 0, 238, 250000, 'Tunai'),
(235, 0, 239, 210000, 'Tunai'),
(236, 0, 240, 250000, 'Card'),
(237, 0, 241, 150000, 'Tunai'),
(238, 0, 242, 640000, 'Tunai'),
(239, 0, 243, 150000, 'Card'),
(240, 0, 244, 1010000, 'Tunai'),
(241, 0, 245, 1100000, 'Tunai'),
(242, 0, 246, 450000, 'Tunai'),
(243, 0, 247, 6440000, 'Tunai'),
(244, 0, 248, 690000, 'Tunai'),
(245, 0, 249, 1500000, 'Tunai'),
(246, 0, 250, 1650000, 'Tunai'),
(247, 0, 251, 4755000, 'Tunai'),
(248, 0, 252, 850000, 'Tunai'),
(249, 0, 253, 440000, 'Tunai'),
(250, 0, 254, 4540000, 'Tunai'),
(251, 0, 255, 3560000, 'Tunai'),
(252, 0, 256, 2320000, 'Tunai'),
(253, 0, 257, 1600000, 'Tunai'),
(254, 0, 258, 1820000, 'Tunai'),
(255, 0, 259, 1980000, 'Tunai'),
(256, 0, 260, 4015000, 'Tunai'),
(257, 0, 261, 3760000, 'Tunai'),
(258, 0, 262, 3650000, 'Tunai'),
(259, 0, 263, 7290000, 'Tunai'),
(260, 0, 264, 1700000, 'Tunai'),
(261, 0, 265, 2365000, 'Tunai'),
(262, 0, 266, 2400000, 'Tunai'),
(263, 0, 267, 350000, 'Tunai'),
(264, 0, 268, 1670000, 'Tunai'),
(265, 0, 273, 600000, 'Tunai'),
(266, 0, 274, 1590000, 'Tunai'),
(267, 0, 275, 6800000, 'Tunai'),
(268, 0, 276, 3520000, 'Tunai'),
(269, 0, 277, 590000, 'Tunai'),
(270, 0, 278, 1160000, 'Tunai'),
(271, 0, 279, 980000, 'Tunai'),
(272, 0, 280, 300000, 'Tunai'),
(273, 0, 281, 600000, 'Tunai'),
(274, 0, 282, 300000, 'Tunai'),
(275, 0, 283, 1300000, 'Tunai'),
(276, 0, 284, 710000, 'Tunai'),
(277, 0, 285, 120000, 'Tunai'),
(278, 0, 286, 380000, 'Tunai'),
(279, 0, 287, 2730000, 'Tunai'),
(280, 0, 288, 480000, 'Tunai'),
(281, 0, 289, 830000, 'Tunai'),
(282, 0, 290, 9385000, 'Tunai'),
(283, 0, 291, 180000, 'Tunai'),
(284, 0, 292, 60000, 'Tunai'),
(285, 0, 293, 1050000, 'Tunai'),
(286, 0, 294, 400000, 'Tunai'),
(287, 0, 295, 620000, 'Tunai'),
(288, 0, 296, 2700000, 'Tunai'),
(289, 0, 297, 60000, 'Tunai'),
(290, 0, 298, 300000, 'Tunai'),
(291, 0, 299, 9060000, 'Tunai'),
(292, 0, 300, 380000, 'Tunai'),
(293, 0, 301, 210000, 'Tunai'),
(294, 0, 302, 150000, 'Tunai'),
(295, 0, 303, 1120000, 'Tunai'),
(296, 0, 304, 260000, 'Tunai'),
(297, 0, 305, 700000, 'Tunai'),
(298, 0, 306, 2960000, 'Tunai'),
(299, 0, 307, 80000, 'Tunai'),
(300, 0, 308, 990000, 'Tunai'),
(301, 0, 309, 1350000, 'Tunai'),
(302, 0, 310, 2500000, 'Tunai'),
(303, 0, 311, 230000, 'Tunai'),
(304, 0, 312, 310000, 'Card'),
(305, 0, 313, 2200000, 'Tunai'),
(306, 0, 314, 530000, 'Tunai'),
(307, 0, 315, 360000, 'Tunai'),
(308, 0, 316, 2490000, 'Tunai'),
(309, 0, 317, 1800000, 'Tunai'),
(310, 0, 318, 510000, 'Tunai'),
(311, 0, 319, 1240000, 'Tunai'),
(312, 0, 320, 150000, 'Tunai'),
(313, 0, 321, 290000, 'Tunai'),
(314, 0, 322, 270000, 'Tunai'),
(315, 0, 323, 440000, 'Tunai'),
(316, 0, 324, 150000, 'Tunai'),
(317, 0, 325, 4710000, 'Tunai'),
(318, 0, 326, 80000, 'Tunai'),
(319, 0, 327, 300000, 'Card'),
(320, 0, 328, 210000, 'Tunai'),
(321, 0, 329, 450000, 'Card'),
(322, 0, 330, 150000, 'Card'),
(323, 0, 331, 290000, 'Tunai'),
(324, 0, 332, 300000, 'Tunai'),
(325, 0, 333, 300000, 'Tunai'),
(326, 0, 334, 1140000, 'Card'),
(327, 0, 335, 2150000, 'Card'),
(328, 0, 336, 410000, 'Tunai'),
(329, 0, 337, 150000, 'Card'),
(330, 0, 338, 570000, 'Card'),
(331, 0, 339, 60000, 'Tunai'),
(332, 0, 340, 290000, 'Tunai'),
(333, 0, 341, 300000, 'Tunai'),
(334, 0, 342, 720000, 'Card'),
(335, 0, 343, 300000, 'Card'),
(336, 0, 344, 2260000, 'Card'),
(337, 0, 345, 380000, 'Tunai'),
(338, 0, 346, 150000, 'Card'),
(339, 0, 347, 150000, 'Tunai'),
(340, 0, 348, 6080000, 'Tunai'),
(341, 0, 349, 2180000, 'Card'),
(342, 0, 350, 300000, 'Tunai'),
(343, 0, 351, 230000, 'Tunai'),
(344, 0, 352, 1030000, 'Tunai'),
(345, 0, 353, 360000, 'Card'),
(346, 0, 354, 650000, 'Tunai'),
(347, 0, 355, 80000, 'Tunai'),
(348, 0, 356, 60000, 'Tunai'),
(349, 0, 357, 400000, 'Card'),
(350, 0, 358, 200000, 'Tunai'),
(351, 0, 359, 210000, 'Tunai'),
(352, 0, 360, 120000, 'Card'),
(353, 0, 361, 160000, 'Card'),
(354, 0, 362, 560000, 'Card'),
(355, 0, 363, 400000, 'Card'),
(356, 0, 364, 530000, 'Card'),
(357, 0, 365, 350000, 'Card'),
(358, 0, 366, 80000, 'Card'),
(359, 0, 367, 200000, 'Card'),
(360, 0, 368, 760000, 'Card'),
(361, 0, 369, 1560000, 'Card'),
(362, 0, 370, 3040000, 'Card'),
(363, 0, 371, 905000, 'Card'),
(364, 0, 372, 140000, 'Tunai'),
(365, 0, 373, 210000, 'Card'),
(366, 0, 374, 200000, 'Card'),
(367, 0, 375, 100000, 'Tunai'),
(368, 0, 376, 250000, 'Tunai'),
(369, 0, 377, 60000, 'Tunai'),
(370, 0, 378, 290000, 'Tunai'),
(371, 0, 379, 140000, 'Card'),
(372, 0, 380, 380000, 'Card'),
(373, 0, 381, 660000, 'Tunai'),
(374, 0, 382, 290000, 'Tunai'),
(375, 0, 383, 500000, 'Tunai'),
(376, 0, 384, 380000, 'Tunai'),
(377, 0, 385, 150000, 'Card'),
(378, 0, 386, 80000, 'Card'),
(379, 0, 387, 150000, 'Card'),
(380, 0, 388, 150000, 'Card'),
(381, 0, 389, 355000, 'Tunai'),
(382, 0, 390, 250000, 'Tunai'),
(383, 0, 391, 290000, 'Card'),
(384, 0, 392, 350000, 'Card'),
(385, 0, 393, 350000, 'Card'),
(386, 0, 394, 250000, 'Card'),
(387, 0, 395, 150000, 'Card'),
(388, 0, 396, 150000, 'Card'),
(389, 0, 397, 150000, 'Tunai'),
(390, 0, 398, 80000, 'Card'),
(391, 0, 399, 3480000, 'Card'),
(392, 0, 400, 350000, 'Card'),
(393, 0, 401, 125000, 'Tunai'),
(394, 0, 402, 150000, 'Tunai'),
(395, 0, 403, 230000, 'Tunai'),
(396, 0, 404, 150000, 'Tunai'),
(397, 0, 405, 190000, 'Tunai'),
(398, 0, 406, 450000, 'Tunai'),
(399, 0, 407, 230000, 'Tunai'),
(400, 0, 408, 80000, 'Tunai'),
(401, 0, 409, 150000, 'Tunai'),
(402, 0, 410, 80000, 'Card'),
(403, 0, 411, 625000, 'Tunai'),
(404, 0, 412, 230000, 'Card'),
(405, 0, 413, 65000, 'Card'),
(406, 0, 414, 530000, 'Tunai'),
(407, 0, 415, 300000, 'Tunai'),
(408, 0, 416, 350000, 'Tunai'),
(409, 0, 417, 210000, 'Tunai'),
(410, 0, 418, 270000, 'Card'),
(411, 0, 419, 150000, 'Card'),
(412, 0, 420, 600000, 'Tunai'),
(413, 0, 421, 290000, 'Card'),
(414, 0, 422, 230000, 'Card'),
(415, 0, 423, 210000, 'Card'),
(416, 0, 424, 380000, 'Card'),
(417, 0, 425, 1450000, 'Card'),
(418, 0, 426, 1350000, 'Tunai'),
(419, 0, 427, 215000, 'Tunai'),
(420, 0, 428, 230000, 'Card'),
(421, 0, 429, 630000, 'Tunai'),
(422, 0, 430, 360000, 'Tunai'),
(423, 0, 431, 150000, 'Tunai'),
(424, 0, 432, 250000, 'Tunai'),
(425, 0, 433, 160000, 'Tunai'),
(426, 0, 434, 150000, 'Card'),
(427, 0, 435, 150000, 'Tunai'),
(428, 0, 436, 320000, 'Card'),
(429, 0, 437, 530000, 'Card'),
(430, 0, 438, 300000, 'Card'),
(431, 0, 439, 150000, 'Card'),
(432, 0, 440, 230000, 'Tunai'),
(433, 0, 441, 150000, 'Tunai'),
(434, 0, 442, 3575000, 'Card'),
(435, 0, 443, 230000, 'Card'),
(436, 0, 444, 140000, 'Card'),
(437, 0, 445, 100000, 'Tunai'),
(438, 0, 446, 490000, 'Tunai'),
(439, 0, 447, 150000, 'Tunai'),
(440, 0, 448, 260000, 'Tunai'),
(441, 0, 449, 160000, 'Tunai'),
(442, 0, 450, 450000, 'Card'),
(443, 0, 451, 440000, 'Card'),
(444, 0, 452, 105000, 'Card'),
(445, 0, 453, 210000, 'Card'),
(446, 0, 454, 600000, 'Card'),
(447, 0, 455, 230000, 'Card'),
(448, 0, 456, 300000, 'Tunai'),
(449, 0, 457, 600000, 'Tunai'),
(450, 0, 458, 150000, 'Tunai'),
(451, 0, 459, 230000, 'Card'),
(452, 0, 460, 80000, 'Card'),
(453, 0, 461, 80000, 'Tunai'),
(454, 0, 462, 140000, 'Tunai'),
(455, 0, 463, 150000, 'Tunai'),
(456, 0, 464, 380000, 'Tunai'),
(457, 0, 465, 300000, 'Card'),
(458, 0, 466, 295000, 'Tunai'),
(459, 0, 467, 300000, 'Tunai'),
(460, 0, 468, 160000, 'Tunai'),
(461, 0, 469, 160000, 'Tunai'),
(462, 0, 470, 300000, 'Tunai'),
(463, 0, 471, 80000, 'Tunai'),
(464, 0, 472, 950000, 'Card'),
(465, 0, 473, 160000, 'Card'),
(466, 0, 474, 290000, 'Tunai'),
(467, 0, 475, 150000, 'Tunai'),
(468, 0, 476, 200000, 'Card'),
(469, 0, 477, 380000, 'Card'),
(470, 0, 478, 150000, 'Card'),
(471, 0, 479, 290000, 'Card'),
(472, 0, 480, 380000, 'Card'),
(473, 0, 481, 290000, 'Card'),
(474, 0, 482, 150000, 'Card'),
(475, 0, 483, 160000, 'Card'),
(476, 0, 484, 230000, 'Card'),
(477, 0, 485, 80000, 'Card'),
(478, 0, 486, 150000, 'Card'),
(479, 0, 487, 380000, 'Card'),
(480, 0, 488, 300000, 'Card'),
(481, 0, 489, 150000, 'Card'),
(482, 0, 490, 5195000, 'Card'),
(483, 0, 491, 300000, 'Card'),
(484, 0, 492, 300000, 'Card'),
(485, 0, 493, 80000, 'Card'),
(486, 0, 494, 290000, 'Card'),
(487, 0, 495, 530000, 'Card'),
(488, 0, 496, 150000, 'Card'),
(489, 0, 497, 150000, 'Card'),
(490, 0, 498, 300000, 'Card'),
(491, 0, 499, 30000, 'Card'),
(492, 0, 500, 210000, 'Card'),
(493, 0, 501, 400000, 'Card'),
(494, 0, 502, 150000, 'Card'),
(495, 0, 503, 440000, 'Card'),
(496, 0, 504, 300000, 'Card'),
(497, 0, 505, 350000, 'Card'),
(498, 0, 506, 230000, 'Card'),
(499, 0, 507, 210000, 'Card'),
(500, 0, 508, 300000, 'Card'),
(501, 0, 509, 355000, 'Card'),
(502, 0, 510, 230000, 'Card'),
(503, 0, 511, 290000, 'Tunai'),
(504, 0, 512, 120000, 'Card'),
(505, 0, 513, 80000, 'Tunai'),
(506, 0, 514, 440000, 'Card'),
(507, 0, 515, 290000, 'Card'),
(508, 0, 516, 1180000, 'Card'),
(509, 0, 517, 80000, 'Card'),
(510, 0, 518, 355000, 'Card'),
(511, 0, 519, 210000, 'Card'),
(512, 0, 520, 100000, 'Card'),
(513, 0, 521, 485000, 'Card'),
(514, 0, 522, 640000, 'Card'),
(515, 0, 523, 300000, 'Card'),
(516, 0, 524, 380000, 'Card'),
(517, 0, 525, 640000, 'Tunai'),
(518, 0, 526, 310000, 'Card'),
(519, 0, 527, 150000, 'Card'),
(520, 0, 528, 60000, 'Card'),
(521, 0, 529, 60000, 'Card'),
(522, 0, 530, 150000, 'Tunai'),
(523, 0, 531, 200000, 'Tunai'),
(524, 0, 532, 215000, 'Tunai'),
(525, 0, 533, 50000, 'Tunai'),
(526, 0, 534, 150000, 'Tunai'),
(527, 0, 538, 1610000, 'Tunai'),
(528, 0, 539, 210000, 'Card'),
(529, 0, 540, 60000, 'Card'),
(530, 0, 541, 60000, 'Card'),
(531, 0, 542, 0, 'Card'),
(532, 0, 543, 150000, 'Card'),
(533, 0, 544, 210000, 'Card'),
(534, 0, 545, 150000, 'Card'),
(535, 0, 546, 200000, 'Card'),
(536, 0, 547, 230000, 'Card'),
(537, 0, 548, 380000, 'Tunai'),
(538, 0, 549, 300000, 'Tunai'),
(539, 0, 550, 400000, 'Card'),
(540, 0, 551, 300000, 'Card'),
(541, 0, 552, 230000, 'Card'),
(542, 0, 553, 290000, 'Card'),
(543, 0, 554, 310000, 'Card'),
(544, 0, 555, 290000, 'Card'),
(545, 0, 556, 295000, 'Card'),
(546, 0, 557, 125000, 'Card'),
(547, 0, 558, 290000, 'Card'),
(548, 0, 559, 700000, 'Tunai'),
(549, 0, 560, 300000, 'Card'),
(550, 0, 561, 80000, 'Tunai'),
(551, 0, 562, 150000, 'Tunai'),
(552, 0, 563, 60000, 'Card'),
(553, 0, 564, 80000, 'Card'),
(554, 0, 565, 60000, 'Tunai'),
(555, 0, 566, 80000, 'Tunai'),
(556, 0, 567, 230000, 'Tunai'),
(557, 0, 568, 275000, 'Tunai'),
(558, 0, 569, 140000, 'Card'),
(559, 0, 570, 300000, 'Card'),
(560, 0, 571, 300000, 'Card'),
(561, 0, 572, 160000, 'Card'),
(562, 0, 573, 125000, 'Card'),
(563, 0, 574, 4830000, 'Card'),
(564, 0, 575, 60000, 'Card'),
(565, 0, 576, 80000, 'Tunai'),
(566, 0, 577, 120000, 'Tunai'),
(567, 0, 578, 80000, 'Card'),
(568, 0, 579, 140000, 'Card'),
(569, 0, 580, 185000, 'Tunai'),
(570, 0, 581, 450000, 'Tunai'),
(571, 0, 582, 180000, 'Tunai'),
(572, 0, 583, 160000, 'Tunai'),
(573, 0, 584, 550000, 'Tunai'),
(574, 0, 585, 210000, 'Tunai'),
(575, 0, 586, 140000, 'Card'),
(576, 0, 587, 150000, 'Card'),
(577, 0, 588, 50000, 'Card'),
(578, 0, 589, 150000, 'Card'),
(579, 0, 590, 150000, 'Card'),
(580, 0, 591, 590000, 'Card'),
(581, 0, 592, 445000, 'Card'),
(582, 0, 593, 300000, 'Card'),
(583, 0, 594, 150000, 'Card'),
(584, 0, 595, 80000, 'Card'),
(585, 0, 596, 2105000, 'Card'),
(586, 0, 597, 530000, 'Tunai'),
(587, 0, 598, 150000, 'Tunai'),
(588, 0, 599, 450000, 'Card'),
(589, 0, 600, 365000, 'Tunai'),
(590, 0, 601, 80000, 'Card'),
(591, 0, 602, 150000, 'Card'),
(592, 0, 603, 290000, 'Card'),
(593, 0, 604, 40000, 'Card'),
(594, 0, 605, 60000, 'Tunai'),
(595, 0, 606, 150000, 'Tunai'),
(596, 0, 607, 210000, 'Tunai'),
(597, 0, 608, 2865000, 'Card'),
(598, 0, 609, 140000, 'Card'),
(599, 0, 610, 530000, 'Card'),
(600, 0, 611, 290000, 'Card'),
(601, 0, 612, 410000, 'Card'),
(602, 0, 613, 355000, 'Card'),
(603, 0, 614, 230000, 'Card'),
(604, 0, 615, 150000, 'Card'),
(605, 0, 616, 150000, 'Card'),
(606, 0, 617, 150000, 'Card'),
(607, 0, 618, 150000, 'Card'),
(608, 0, 619, 290000, 'Card'),
(609, 0, 620, 290000, 'Card'),
(610, 0, 621, 480000, 'Card'),
(611, 0, 622, 350000, 'Card'),
(612, 0, 623, 380000, 'Card'),
(613, 0, 624, 290000, 'Card'),
(614, 0, 625, 550000, 'Card'),
(615, 0, 626, 480000, 'Card'),
(616, 0, 627, 60000, 'Card'),
(617, 0, 628, 230000, 'Card'),
(618, 0, 629, 365000, 'Card'),
(619, 0, 630, 360000, 'Card'),
(620, 0, 631, 380000, 'Card'),
(621, 0, 632, 200000, 'Card'),
(622, 0, 633, 300000, 'Card'),
(623, 0, 634, 290000, 'Card'),
(624, 0, 635, 80000, 'Card'),
(625, 0, 636, 80000, 'Card'),
(626, 0, 637, 380000, 'Card'),
(627, 0, 638, 60000, 'Card'),
(628, 0, 639, 215000, 'Card'),
(629, 0, 640, 380000, 'Card'),
(630, 0, 641, 60000, 'Card'),
(631, 0, 642, 230000, 'Card'),
(632, 0, 643, 230000, 'Tunai'),
(633, 0, 644, 290000, 'Card'),
(634, 0, 645, 80000, 'Tunai'),
(635, 0, 646, 1000000, 'Tunai'),
(636, 0, 647, 1105000, 'Card'),
(637, 0, 648, 480000, 'Card'),
(638, 0, 649, 400000, 'Card'),
(639, 0, 650, 40000, 'Card'),
(640, 0, 651, 210000, 'Card'),
(641, 0, 652, 800000, 'Card'),
(642, 0, 653, 250000, 'Card'),
(643, 0, 654, 530000, 'Card'),
(644, 0, 655, 300000, 'Card'),
(645, 0, 656, 30000, 'Card'),
(646, 0, 657, 60000, 'Card'),
(647, 0, 658, 210000, 'Card'),
(648, 0, 659, 2340000, 'Card'),
(649, 0, 660, 130000, 'Card'),
(650, 0, 661, 530000, 'Tunai'),
(651, 0, 662, 760000, 'Card'),
(652, 0, 663, 290000, 'Card'),
(653, 0, 664, 665000, 'Card'),
(654, 0, 665, 65000, 'Card'),
(655, 0, 666, 0, 'Tunai');

-- --------------------------------------------------------

--
-- Table structure for table `pengeluaran`
--

CREATE TABLE `pengeluaran` (
  `id` int(11) NOT NULL,
  `waktu` datetime NOT NULL DEFAULT CURRENT_TIMESTAMP,
  `keterangan` varchar(500) NOT NULL,
  `pengambil` varchar(120) NOT NULL,
  `jumlah` int(11) NOT NULL
) ENGINE=MyISAM DEFAULT CHARSET=latin1;

--
-- Dumping data for table `pengeluaran`
--

INSERT INTO `pengeluaran` (`id`, `waktu`, `keterangan`, `pengambil`, `jumlah`) VALUES
(1, '2017-01-03 12:31:55', 'Bayar Listrik', 'PLN', 1263325),
(2, '2017-01-30 13:20:02', 'Driver', 'Novi', 2000000),
(3, '2017-01-30 13:25:06', 'Bayar gaji ', 'Dokter, Apoteker, Suster, Admin', 10800000),
(4, '2017-01-03 13:30:19', 'Bayar PDAM', 'PDAM', 33000),
(5, '2017-01-25 13:42:35', 'Internet', 'My Republik, Indi home', 1150000),
(6, '2017-01-27 13:46:20', 'Keamanan dan kebersihan', 'Satpam, cak Mat, Slamet\'s pool', 1600000),
(7, '2017-01-02 13:47:08', 'Cetak stiker', 'percetakan', 500000),
(8, '2017-01-30 13:48:51', 'Angsuran alat klinik', 'Pak ', 19000000),
(9, '2017-01-31 13:49:38', 'Operasional kendaraan', 'Novi', 4000000),
(10, '2017-01-31 13:51:22', 'Cleaning service, perawatan taman', 'Pak Amat', 1000000),
(11, '2017-01-02 14:12:35', 'Clinika gel, Fungitrazol', 'Apotik Efata', 1833040),
(12, '2017-01-16 14:13:51', 'Av Mls Wash, Av Faza Acne', 'Apotik Efata', 8958400),
(13, '2017-01-25 14:14:55', 'Improface Miracle ', 'Apotik Efata', 968000),
(14, '2017-01-25 14:16:49', 'Zoloral, Clinika Gel', 'Apotik Efata', 1990560),
(15, '2017-01-27 14:17:57', 'Clinika Gel, Fungitrazol', 'Apotik Efata', 4762560),
(16, '2017-01-30 14:19:04', 'Alernitis', 'Apotik Efata', 924000),
(17, '2017-01-07 14:23:44', 'Glycore', 'Apotek Pradhana', 792000),
(18, '2017-01-07 14:25:10', 'Parasol gel', 'Apotek Belung Sehat', 866360),
(19, '2017-01-02 14:26:46', 'Ultra V Lift ', 'PT. Regenesis Indonesia', 2730000),
(20, '2017-01-14 14:28:14', 'Restylane Lidocane', 'PT. Mensa Binasukses', 13200000),
(21, '2017-01-20 11:26:55', 'Quadro cream', 'Cynthia Dewi', 990000),
(22, '2017-01-17 11:28:20', 'Soothing Toner', 'PT. Illene Indonesia', 1065000),
(23, '2017-01-19 11:29:27', 'Complexion-6', 'Annes', 3200000),
(24, '2017-01-25 11:31:57', 'Keine BB Cream', 'PT. Illene Indonesia', 3415500),
(25, '2017-01-19 14:01:19', 'Sunscreen cream', 'PT. Imortal Cosmedika', 3388000),
(26, '2017-01-02 12:16:32', 'Serum whitening, BB ream', 'PT. INNI', 4098600),
(27, '2017-01-16 10:06:51', 'Acne malam', 'Apotek Ayin', 2500000),
(28, '2017-01-23 10:08:07', 'Gderm FC Gel', 'Apotek Belung Sehat', 2695275),
(29, '2017-01-27 10:09:20', 'Gderm FC Gel', 'Apotek Sari Indah', 5210865),
(30, '2017-01-27 10:16:15', 'Kloderma Oint', 'Apotek Belung Sehat', 2117500),
(31, '2017-02-01 11:41:28', 'Kirim Krim', 'TIKI', 173100),
(32, '2017-02-01 11:45:08', 'Tagihan Listrik', 'PLN', 140187),
(33, '2017-02-01 11:48:02', 'Body wash ', 'Nixie ', 331500),
(34, '2017-02-04 11:49:05', 'Bayar PDAM', 'PDAM', 40600),
(35, '2017-02-04 11:50:07', 'Pembayaran Telkom', 'Telkom', 612060),
(36, '2017-02-04 12:41:57', 'HTM551', 'Trial', 2900000),
(37, '2017-02-08 12:45:01', 'Rejuvenating & Prone Skin Powder Mask', 'Fahmi Andi Waluya', 633000),
(38, '2017-02-13 12:46:22', 'Sunblock Double Action', 'SPN', 5650000),
(39, '2017-02-13 09:24:02', 'Devinos, C Spray, Afasnail, Youth Serum, Eye Complex', 'DHI', 5378500),
(40, '2017-02-13 09:25:08', 'Eye Treatment', 'PT. DBI', 610500),
(41, '2017-02-13 09:26:34', 'Eye Treatment, Cleanser Spray', 'PT. DBI', 1749000),
(42, '2017-02-17 09:27:27', 'Body Lotion', 'PT. INNI', 2750000),
(43, '2017-02-17 09:28:35', 'Acanthe SPF 30', 'Apotek Bunul Farma', 1267200),
(44, '2017-02-17 09:29:58', 'Acne Cream', 'Kitochain', 907200),
(45, '2017-02-19 09:33:28', 'H7 Putih', 'Edy Muliono', 480000),
(46, '2017-02-22 09:34:47', 'Acne Malam', 'Apotek Ayin', 4500000),
(47, '2017-02-22 09:35:47', 'Quadro Cream', 'Cyntia Dewi', 990000),
(48, '2017-02-27 09:36:38', 'C Spray', 'DHI', 2640000),
(49, '2017-02-28 09:38:19', 'Kirim Krim Febuari', 'TIKI', 52500),
(50, '2017-02-28 09:57:10', 'Bayar Gaji Febuari', 'Dokter, Apoteker, Suster, Admin, Sopir', 12800000),
(51, '2017-02-28 09:57:54', 'Angsuran Alat Klinik', 'Pak', 19000000),
(52, '2017-02-28 09:59:30', 'Keamanan dan Kebersihan', 'Satpam, Cak Mat, Slamet', 2600000),
(53, '2017-02-28 10:00:30', 'Operasional Kendaraan', 'Novi', 4000000),
(54, '2017-03-03 13:45:53', 'Pemabayaran Tagihan Listrik', 'PLN', 1390458),
(55, '2017-03-03 13:46:44', 'Bayar PDAM', 'PDAM', 49800),
(56, '2017-03-03 13:48:39', 'Lightening Cream, Anti Aging', 'PT. Illene Indonesia', 13405000),
(57, '2017-03-01 13:51:04', 'Rejuvenation & Prone Skin Powder Mask', 'Fahmi Andi Wijaya', 1313100),
(58, '2017-03-03 13:52:14', 'C Spray', 'DHI', 5280000),
(59, '2017-03-03 13:53:43', 'Z Fill Countour', 'PT. I Tech Lafacos', 3334100),
(60, '2017-03-06 13:55:02', 'Serum Moisturizer', 'PT. INNI', 2079000),
(61, '2017-03-06 13:55:59', 'Gderm FC Gel', 'Apotek Belung Sehat', 6720219),
(62, '2017-03-07 13:56:53', 'Kloderma Oint', 'Apotek Belung Sehat', 2117500),
(63, '2017-03-10 13:58:00', 'Z Fill Refresh ', 'PT. I Tech Lafacos', 2090000),
(64, '2017-03-11 14:09:46', 'Mls Wash, Improface Mask', 'Apotek Efata', 7590000),
(65, '2017-03-11 14:11:01', 'Mls Wash', 'Apotek Efata', 2750000),
(66, '2017-03-15 14:12:34', 'Glikoderm SOL', 'Apotek Bunul', 261800),
(67, '2017-03-15 14:13:24', 'Z Fill Refresh', 'PT. I Tech Lafacos', 2090000),
(68, '2017-03-18 14:14:48', 'Moisturizing Cream', 'PT. Immortal Cosmedika ', 830500),
(69, '2017-03-20 14:16:40', 'Acne & Prone Mask, Soothing & Sensitive Mask', 'Fahmi Andi Wijaya', 1266200),
(70, '2017-03-23 14:17:40', 'Follicure Serum', 'SPN', 3090000),
(71, '2017-03-24 14:19:07', 'Sunscreen Cream', 'PT. Immortal Cosmedika ', 3388000),
(72, '2017-03-27 14:20:07', 'Gderm FC Gel', 'Apotek Teman Sehat', 609295),
(73, '2017-03-31 14:21:50', 'Nomika, Bactoderm', 'Apotek Efata', 1356960),
(74, '2017-03-31 14:22:40', 'Cetak Stiker', 'Superstar', 630000),
(75, '2017-03-31 14:26:36', 'Kirim Krim Bulan Maret', 'TIKI', 348000),
(76, '2017-03-31 14:35:08', 'Bayar Gaji Maret', 'Dokter, Suster, Apoteker, Admin, Sopir', 12800000),
(77, '2017-03-31 14:39:20', 'Angsuran Alat Klinik', 'Pak', 19000000),
(78, '2017-03-31 14:40:14', 'Keamanan & Kebersihan', 'Satpam, Cak Mat, Slamet', 2600000),
(79, '2017-03-31 14:40:48', 'Operasional Kendaraan', 'Novi', 4000000),
(80, '2017-08-15 14:49:06', 'Retur Praktek Semeru  Gold Serum', 'Elbe Clinic', 700000),
(81, '2017-04-02 14:38:06', 'Serum Whitening', 'PT. INNI', 3415500),
(82, '2017-04-03 14:44:33', 'HTM551', 'Trial', 2900000),
(83, '2017-04-04 14:46:15', 'Glycore Cream', 'Apotek Pradhana', 792000),
(84, '2017-04-05 14:48:27', 'Parasol Gel', 'Apotek Bunul', 866360),
(85, '2017-04-05 14:50:05', 'Atopiclair, Sebclair', 'Apotek Efata', 1634634),
(86, '2017-04-03 14:52:00', 'Tagihan Listrik Bulan April', 'PLN', 2122263),
(87, '2017-04-03 14:54:00', 'Internet', 'My Republic', 401500),
(88, '2017-04-05 14:55:18', 'Bayar PDAM Bulan April', 'PDAM', 109600),
(89, '2017-04-05 14:56:29', 'Pembayaran Telkom Bulan April', 'TELKOM', 699000),
(90, '2017-04-07 14:59:29', 'Glikoderm Clarifying', 'Apotek Pradhana', 4061970),
(91, '2017-04-14 18:08:05', 'Glycore Cream', 'Apotek Pradhana', 795000),
(92, '2017-04-16 18:09:13', 'Sunblock DA', 'SPN', 4400000),
(93, '2017-04-20 18:10:13', 'Service Kendaraan', 'Sumber Alam', 701000),
(94, '2017-04-20 18:11:13', 'Cetak Stiker', 'Maestro', 117500),
(95, '2017-04-21 18:12:31', 'Lifting & Rejuvenation', 'Fahmi Andi Wijaya', 1428000),
(96, '2017-04-23 18:13:34', 'Clinika Gel', 'Apotek Efata', 443520),
(97, '2017-04-28 18:14:39', 'Lifting & Rejuvenation', 'Fahmi Andi Wijaya', 969100),
(98, '2017-04-30 18:16:17', 'Mazthion', 'PT. Mazta Farma', 2970000),
(99, '2017-04-30 18:19:38', 'Kirim Krim Bulan April', 'TIKI', 118000),
(100, '2017-04-30 18:21:19', 'Bayar Gaji Bulan April', 'Dokter, Suster, Apoteker, Admin, Sopir', 12800000),
(101, '2017-04-30 18:23:01', 'Angsuran Alat Klinik', 'Bison', 19000000),
(102, '2017-04-30 18:24:04', 'Keamanan & Kebersihan Bulan April', 'Satpam, Cak Mat, Slamet', 2600000),
(103, '2017-04-30 18:24:54', 'Operasional Kendaraan', 'Novi', 4000000),
(104, '2017-05-02 13:25:48', 'Estesia Cream', 'Apotek Pradhana', 493800),
(105, '2017-05-03 13:27:36', 'Bayar PDAM Bulan Mei', 'PDAM', 109600),
(106, '2017-05-03 13:28:53', 'Pembayaran Listrik Bulan Mei', 'PLN', 2100694),
(107, '2017-05-03 13:30:37', 'Paket Basic + Instalasi', 'PT. MNC', 210000),
(108, '2017-05-04 13:31:25', 'Cillinder Kunci', 'Royal ATK', 60000),
(109, '2017-05-05 13:32:23', 'HTMC 5', 'Trial', 6834000),
(110, '2017-05-06 13:33:37', 'Perawatan Kolam Bulan April', 'Slamet Pool & Spa', 600000),
(111, '2017-05-05 13:35:39', 'Cream H7', 'Edy Muliono ', 583200),
(112, '2017-05-16 13:36:57', 'Stratamed, Strataderm', 'MDI', 643500),
(113, '2017-05-08 13:38:21', 'Mls Wash, Clinika Gel', 'Apotek Efata', 7043520),
(114, '2017-05-10 13:40:49', 'Hair Grow Serum & Shampoo', 'Apotek PMC', 862400),
(115, '2017-05-12 13:42:29', 'Alopros ', 'Apotek Pradhana', 1513500),
(116, '2017-05-18 13:46:05', 'Sunscreen Cream ', 'PT. Immortal Cosmedika ', 3388000),
(117, '2017-05-18 13:47:03', 'Fodera Serum', 'PT. DHI', 2200000),
(118, '2017-05-23 13:51:35', 'A-cr P', 'PT. Estetika Pro', 822000),
(119, '2017-05-24 13:52:35', '6 Dus Cleo', 'Toyo Sakti', 139500),
(120, '2017-05-25 13:55:04', 'BB Cream', 'PT. INNI', 1366200),
(121, '2017-05-27 13:56:10', 'Quadro Cream', 'Cynthia Dewi', 990000),
(122, '2017-05-30 13:57:16', 'Eye Gel', 'PT. DBI', 1221000),
(123, '2017-05-30 13:59:43', 'Kirim Krim Bulan Mei', 'TIKI', 226000),
(124, '2017-05-31 14:06:10', 'Bayar Gaji Bulan Mei', 'Dokter, Suster, Apoteker, Admin, Sopir', 15000000),
(125, '2017-05-31 14:07:26', 'Angsuran Alat Klinik Mei', 'Bison', 19000000),
(126, '2017-05-31 14:09:54', 'Keamanan & Kebersihan', 'Satpam, Cak Mat, Slamet', 2850000),
(127, '2017-05-31 14:10:31', 'Operasional Kendaraan', 'Novi', 4000000),
(128, '2017-05-06 14:21:00', 'Pembayaran Telkom Mei', 'TELKOM', 750000),
(129, '2017-04-15 14:41:02', 'Kloderma Ointment', 'Apotek Bunul', 1210000),
(130, '2017-04-20 14:42:04', 'Kloderma Oint', 'Apotek Belung Sehat', 907500),
(131, '2017-04-27 14:43:01', 'Fillerina Grade 3', 'Apotek Jes', 6300000),
(132, '2017-05-18 14:45:56', 'Acanthe SPF 30', 'Apotek Bunul', 2112000),
(133, '2017-05-19 14:47:59', 'Stratamed & Strataderm', 'Apotek Sejati', 503288),
(134, '2017-05-20 14:48:47', 'Acne Malam', 'Apotek Ayin', 2550000),
(135, '2017-09-12 16:46:11', 'Retur Semeru, Acne Gel, Clear, Sebarec, Sunscreen, Whitening BL, Miracle Mask, Zoloral', 'Elbe Clinic', 2880000),
(136, '2017-06-01 13:39:12', 'Clinika Gel, Dermasolon', 'Apotek Efata', 781440),
(137, '2017-06-02 13:40:28', 'Tagihan Listrik Bulan Juni', 'PLN', 1858813),
(138, '2017-06-02 13:41:17', 'Bayar PDAM Bulan Juni', 'PDAM', 63600),
(139, '2017-06-02 13:42:42', 'Tagihan TOPTV Bulan Juni', 'TOPTV', 61908),
(140, '2017-06-02 13:43:59', 'Cleo', 'Elang', 150000),
(141, '2017-06-02 13:45:38', 'HTM551', 'Trial', 2900000),
(142, '2017-06-04 13:46:34', 'Sunblock DA', 'SPN', 4400000),
(143, '2017-06-04 13:48:28', 'Restylane Lidocaine', 'PT. Mensa Bina Sukses', 4752000),
(144, '2017-06-05 13:49:31', 'Pembayaran Telkom', 'TELKOM', 784965),
(145, '2017-06-05 13:51:13', 'Z Fill Refresh 2, Contour 2', 'PT. I Tech Lafacos', 4290000),
(146, '2017-06-09 13:52:37', 'Glikoderm Peel Neutralizer, Sol 35%', 'Apotek Bunul', 509300),
(147, '2017-06-10 13:54:52', 'Powder N Mask, AC Mask', 'Be White', 500000),
(148, '2017-06-12 13:56:36', 'Restylane Lidocaine', 'PT. Mensa Bina Sukses', 4752000),
(149, '2017-06-13 13:58:19', 'C Spray, Serum Tea Tree', 'PT. DHI', 9680000),
(150, '2017-06-15 13:59:46', 'Glikoderm Clarifying', 'Apotek Bunul', 2030985),
(151, '2017-06-16 14:00:55', 'Mazthione', 'PT. Mazta Farma', 2970000),
(152, '2017-06-16 14:05:35', 'Cleansing Foam, Soft Peeling, Soothing Tonic, PH Serum, Face Massage, Pharaos Mask, Cooling Spray, Exfoliating Mask', 'Neovita Biodroga', 4590000),
(153, '2017-06-18 14:06:45', 'Glikoderm Clarifying', 'Apotek Bunul', 1015493),
(154, '2017-06-19 14:07:37', 'Qutan 10', 'Apotek Efata', 950400),
(155, '2017-06-19 14:08:22', 'Alernitis', 'Apotek Efata', 880000),
(156, '2017-06-19 14:40:12', 'Glikoderm Clarifying, Parasol, Skin Bright', 'Apotek Belung Sehat', 3265366),
(157, '2017-06-19 14:43:14', 'Pepermint & Cucumber Peel Off Mask Powder', 'Dedi Dianto', 715000),
(158, '2017-09-19 14:44:35', 'Dompet, Matras Embos', 'Visual Merchandise', 3100000),
(159, '2017-06-22 14:51:56', 'HTMC5', 'Trial', 17085000),
(160, '2017-06-22 14:54:53', 'Restylane Lidocaine', 'PT. Mensa Bina Sukses', 13200000),
(161, '2017-06-27 14:56:25', 'Soft Peel, Lipscare, Acnova', 'Be White', 2760000),
(162, '2017-06-30 14:57:27', 'Quadro', 'Cynthia Dewi', 990000),
(163, '2017-06-30 14:58:18', 'Seblair', 'Apotek Efata', 1068132),
(164, '2017-06-30 15:00:46', 'Kirim Krim Bulan Juni', 'TIKI', 244000),
(165, '2017-06-30 15:04:38', 'Bayar Gaji Bulan Juni', 'Dokter, Suster, Apoteker, Admin, Sopir', 15000000),
(166, '2017-06-30 15:05:41', 'Angsuran Alat Klinik Bulan Juni', 'Bison', 19000000),
(167, '2017-06-30 15:08:51', 'Keamanan & Kebersihan', 'Satpam, Cak Mat, Slamet', 2850000),
(168, '2017-06-30 15:10:16', 'Operasional Kendaraan', 'Novi', 4000000),
(169, '2017-07-03 13:09:16', 'Tagihan PLN Bulan Juli', 'PLN', 1871220),
(170, '2017-07-03 13:10:17', 'Bayar PDAM Bulan Juli', 'PDAM', 36250),
(171, '2017-07-04 13:11:03', 'Pembayaran Telkom Bulan Juli', 'TELKOM', 802199),
(172, '2017-07-04 13:11:52', 'Cleo', 'Toyo Sakti', 115500),
(173, '2017-07-04 13:12:36', 'Perawatan Kolam Renang', 'Slamet Pool & Spa', 600000),
(174, '2017-09-06 13:13:29', 'Kloderma Oint', 'Apotek Teman Sehat', 2117500),
(175, '2017-07-06 13:16:14', 'Acne Malam', 'Apotek Ayin', 2550000),
(176, '2017-07-08 13:17:41', 'Whitening Cream, Serum Whitening', 'PT. Puppha Mesurine', 2249500),
(177, '2017-07-09 13:18:54', 'Cleanser Spray', 'PT. DBI', 1138500),
(178, '2017-07-13 13:20:15', 'Glycore, Scabicore Cream', 'Apotek Pradhana', 2013000),
(179, '2017-07-15 13:21:44', 'Sunscreen Cream', 'PT. Immortal Cosmedika ', 3388000),
(180, '2017-07-17 13:24:30', 'Glyfolic Night, Ceratopik Liquid', 'Whoto Indonesia Sejahtera', 1082000),
(181, '2017-07-19 13:25:29', 'Mazthione', 'PT. Mazta Farma', 2970000),
(182, '2017-07-21 13:27:13', 'Ultra V Mono 29G', 'PT. Regenesis Indonesia', 2370000),
(183, '2017-07-21 13:32:15', 'Stratamed', 'Apotek Sejati', 1136438),
(184, '2017-07-21 13:33:15', 'Probio-C', 'Apotek Efata', 413894),
(185, '2017-07-22 13:34:02', 'Parasol Gel', 'Apotek Belung Sehat', 433180),
(186, '2017-07-22 13:35:47', 'Acnova, Sebarec', 'Be White', 1385000),
(187, '2017-07-25 13:36:43', 'Anti Aging', 'PT. Illene Indonesia', 6225000),
(188, '2017-07-28 13:37:47', 'Toner, Cleansing Milk', 'PT. Illene Indonesia', 2705000),
(189, '2017-07-31 13:42:21', 'Kirim Krim Bulan Juli', 'TIKI', 418500),
(190, '2017-07-30 14:03:53', 'Angsuran Alat Klinik CO2 Fractional Bulan Juli', 'Bison', 20000000),
(191, '2017-07-31 14:06:22', 'Bayar Gaji Bulan Juli', 'Dokter, Suster, Apoteker, Admin, Sopir', 20000000),
(192, '2017-07-31 14:09:02', 'Tindakan Bulan Juli', 'Dokter, Suster', 5111250),
(193, '2017-07-31 14:10:27', 'Keamanan & Kebersihan Bulan Juli', 'Satpam, Cak Mat, Slamet', 2850000),
(194, '2017-07-31 14:11:24', 'Operasional Kendaraan Bulan Juli', 'Novi', 4000000),
(195, '2017-09-12 14:18:21', 'Retur Semeru Dermasolon, Cleansing Milk', 'Elbe Clinic', 645000),
(196, '2017-09-25 10:03:43', 'Body Scrub Expired', 'Elbe Clinic', 600000),
(197, '2017-08-01 15:10:35', 'Tagihan TOPTV', 'TOPTV', 114900),
(198, '2017-08-01 15:11:55', 'Tagihan Listrik Bulan Agustus', 'PLN', 1798728),
(199, '2017-08-01 15:12:49', 'Bayar PDAM Bulan Agustus', 'PDAM', 247600),
(200, '2017-08-02 15:13:33', 'Qutan-10', 'Apotek Bunul', 950400),
(201, '2017-08-04 15:14:34', 'Pembayaran Telkom Bulan Agustus', 'TELKOM', 828250),
(202, '2017-08-04 15:15:44', 'Kloderma Oint', 'Apotek Teman Sehat', 2117500),
(203, '2017-08-05 15:16:28', 'HTM251', 'Trial', 2900000),
(204, '2017-08-05 15:18:26', 'Cream H7', 'Edy Muliono ', 972000),
(205, '2017-08-05 15:19:55', 'Facial Cleanser Poly HA', 'PT. Puppha Mesurine', 3918750),
(206, '2017-08-10 15:20:44', 'SB Double Action', 'SPN', 4400000),
(207, '2017-08-10 15:21:34', 'Serum Tea Tree', 'PT. DHI', 2200000),
(208, '2017-08-11 15:22:42', 'Perfectha Derm', 'Dedi Dianto', 2420000),
(209, '2017-08-11 15:24:55', 'Sebum Cleaner, Active Reducer, Oilfree Lotion, Clearing Mask', 'PT. Surgika Alkesindo', 1829520),
(210, '2017-08-12 15:25:54', 'Moisturizing Cream', 'PT. Immortal Cosmedika ', 830500),
(211, '2017-08-14 15:26:43', 'Vitiskin', 'PT. Regenesis Indonesia', 788800),
(212, '2017-08-14 15:28:27', 'TCA60 Solution ', 'Apotek Anggun', 526350),
(213, '2017-08-17 15:30:27', 'Serum Brightening', 'PT. Kitoshindo International', 1228500),
(214, '2017-08-20 15:31:07', 'Bactoderm', 'Apotek Efata', 974160),
(215, '2017-08-21 15:32:28', 'Glizigen Spray', 'Apotek Pradhana', 347900),
(216, '2017-08-23 15:33:08', 'Nomika', 'Apotek Efata', 2079000),
(217, '2017-08-24 15:34:29', 'Strataderm', 'Apotek Sejati', 2167425),
(218, '2017-08-25 15:35:13', 'Kloderma Lotion', 'Apotek Teman Sehat', 764500),
(219, '2017-08-31 15:36:03', 'Pot', 'Beauty Pack', 1023000),
(220, '2017-08-31 15:36:46', 'Kirim Krim Bulan Agustus', 'TIKI', 286000),
(221, '2017-08-31 15:37:42', 'Jasa Pelayanan Bulan Agustus', 'Dokter, Suster', 7085000),
(222, '2017-08-31 15:41:26', 'Bayar Gaji Bulan Agustus', 'Dokter, Suster, Apoteker, Admin, Sopir', 20000000),
(223, '2017-08-31 15:42:18', 'Angsuran Agustus Alat Klinik CO2 Fractional', 'Bison', 20000000),
(224, '2017-08-31 15:43:03', 'Keamanan & Kebersihan', 'Satpam, Cak Mat, Slamet', 2850000),
(225, '2017-08-31 15:43:40', 'Operasional Kendaraan Bulan Agustus', 'Novi', 4000000),
(226, '2017-08-16 13:45:32', 'Acnova', 'Be White', 2150000),
(227, '2017-09-01 14:10:40', 'Sunscreen Ceam', 'PT. Immortal Cosmedika ', 3388000),
(228, '2017-09-02 14:13:37', 'Whitening Cream, Serum Whitening', 'PT. Puppha Mesurine', 3520000),
(229, '2017-09-04 14:14:25', 'C Spray', 'PT. DHI', 2640000),
(230, '2017-09-04 14:15:30', 'Tagihan PLN Bulan September', 'PLN', 1633879),
(231, '2017-09-04 14:16:14', 'Tagihan Telkom Bulan September', 'TELKOM', 827478),
(232, '2017-09-04 14:17:00', 'Tagihan PDAM Bulan September', 'PDAM', 609650),
(233, '2017-09-04 14:17:49', 'Tagihan TOPTV Bulan September', 'TOPTV', 109900),
(234, '2017-09-04 14:19:04', 'Intensive Serum', 'PT. Estetika Pro', 5072000),
(235, '2017-09-05 14:20:06', 'Perawatan Kolam Renang Bulan Agustus', 'Slamet Pool & Spa', 600000),
(236, '2017-09-10 14:20:46', 'Probio-C', 'Apotek Efata', 808500),
(237, '2017-09-12 14:21:27', 'Cetak Stiker', 'Maestro', 235900),
(238, '2017-09-12 14:22:15', 'Ultra V Mono', 'PT. Regenesis Indonesia', 1850000),
(239, '2017-09-13 14:23:15', 'Fill Deep, Fill Countour', 'PT. I Tech Lafacos', 3355000),
(240, '2017-09-14 14:24:44', 'Zoloral Cream, Alernitis', 'Apotek Efata', 1302400),
(241, '2017-09-14 14:26:19', 'Kloderma Oint, Anti Aging', 'Apotek Belung Sehat', 8415550),
(242, '2017-09-15 14:28:17', 'Skeyndor Cream Mask', 'Mesologica', 1824000),
(243, '2017-09-16 14:28:47', 'Cetak Stiker', 'Maestro', 32500),
(244, '2017-09-16 14:29:33', 'Ban Pajero', 'Delapan Motor', 385000),
(245, '2017-09-16 14:30:20', 'Bubut Disbrik Pajero', 'Bengkel Siswoyo', 400000),
(246, '2017-09-18 14:31:37', 'Serum Tto', 'PT. DHI', 2200000),
(247, '2017-09-20 14:32:29', 'Probio-C', 'Apotek Efata', 385000),
(248, '2017-09-20 14:33:32', 'Lavender & Tea Tree Peel Off Mask', 'PT. Mazta Farma', 1430000),
(249, '2017-09-21 14:35:39', 'SB Double Action', 'SPN', 4400000),
(250, '2017-09-21 14:36:46', 'CWP', 'Mardiana', 2800000),
(251, '2017-09-25 14:38:15', 'Myocandula Cream', 'Apotek Efata', 964000),
(252, '2017-09-25 14:39:25', 'Facial Cleanser Poly HA', 'PT. Puppha Mesurine', 979688),
(253, '2017-09-27 14:40:17', 'Acnova', 'Be White', 2150000),
(254, '2017-09-27 14:41:09', 'Cream Foot, Cream Underarm, FBG', 'Edy Muliono ', 699840),
(255, '2017-09-28 14:42:37', 'Talkshow 60\"', 'Radio Kosmonita', 1000000),
(256, '2017-09-28 14:44:22', 'HTMC5', 'Trial', 17085000),
(257, '2017-09-28 14:45:35', 'Aphoderma, Foot Cream', 'PT. Immortal Cosmedika ', 487300),
(258, '2017-09-28 14:47:40', 'Lip Cream ', 'PT. Kitoshindo International', 132000),
(259, '2017-09-29 14:48:37', 'Quadro, Scabicore', 'Apotek Efata', 1881000),
(260, '2017-09-29 14:49:15', 'Quadro', 'Cynthia Dewi', 792000),
(261, '2017-09-29 14:49:56', 'Mazthione', 'PT. Mazta Farma', 3300000),
(262, '2017-09-30 14:50:52', 'Facial Cleanser Poly HA', 'PT. Puppha Mesurine', 2939063),
(263, '2017-09-30 14:51:28', 'Kirim Krim Bulan september', 'TIKI', 183000),
(264, '2017-09-30 14:52:09', 'Jasa Pelayanan Bulan September', 'Dokter, Suster', 7975000),
(265, '2017-09-30 14:53:41', 'Gaji Bulan September', 'Dokter, Suster, Apoteker, Admin, Sopir', 20000000),
(266, '2017-09-30 14:54:36', 'Angsuran Alat Klinik CO2 Fractional Bulan September', 'Bison', 20000000),
(267, '2017-09-30 14:55:11', 'Keamanan & Kebersihan', 'Satpam, Cak Mat, Slamet', 2850000),
(268, '2017-09-30 14:55:45', 'Operasional Kendaraan Bulan September', 'Novi', 4000000),
(269, '2017-10-02 15:02:44', '4 Dus Air Mineral', 'Q Mas', 74000),
(270, '2017-10-03 15:03:51', 'Foto Copy', 'Varia', 900000),
(271, '2017-10-03 15:05:28', '18 Mtr Bahan Sprei eLBe', 'Citra', 877500),
(272, '2017-10-03 15:06:44', 'Perawatan Kolam Renang September 2017', 'Slamet Pool & Spa', 600000),
(273, '2017-10-04 15:15:32', 'BB Cream, Whitening Body Lotion', 'PT. INNI', 3927000),
(274, '2017-10-04 15:16:24', 'Tagihan PLN Bulan Oktober', 'PLN', 1578998),
(275, '2017-10-04 15:17:22', 'Tagihan PDAM Bulan Oktober', 'PDAM', 664850),
(276, '2017-10-06 15:18:11', 'Tagihan Telkom Bulan Oktober', 'TELKOM', 826100),
(277, '2017-10-06 15:20:07', 'Perlengkapan Klinik', 'Medilab', 387500),
(278, '2017-10-06 15:20:39', 'Foto Copy', 'Varia', 184000),
(279, '2017-10-06 15:21:32', 'Cetak Stiker', 'Maestro', 34450),
(280, '2017-10-07 15:22:24', 'sebclair', 'Apotek Efata', 1068132),
(281, '2017-10-09 15:23:06', 'Cetak Stiker', 'Maestro', 185000),
(282, '2017-11-11 15:24:39', 'Parasol, Skin Bright', 'Apotek Fortuna Sejahtera', 1903330),
(283, '2017-10-13 15:25:39', 'Perlengkapan Klinik', 'Medilab', 158000),
(284, '2017-10-13 15:27:03', 'Limbah B3 Medis', 'PT. PRIA', 625000),
(285, '2017-10-16 15:34:31', 'Cetak Stiker', 'Maestro', 112500),
(286, '2017-10-18 15:50:34', 'Fresh Out, Hair Grow Shampoo', 'Cynthia Dewi', 1804000),
(287, '2017-10-18 15:51:12', 'Perlengkapan Klinik', 'Medilab', 234000),
(288, '2017-10-14 15:53:36', 'Acne Malam', 'Apotek Ayin', 2560000),
(289, '2017-10-25 15:54:44', 'FBG', 'Edy Muliono ', 858600),
(290, '2017-10-26 15:55:36', 'Perlengkapan Klinik', 'Bipa Medika', 96000),
(291, '2017-10-27 15:56:47', '4 Dus Air Mineral', 'Q Mas', 74000),
(292, '2017-10-29 15:58:38', 'Mls Wash', 'Apotek Efata', 2640000),
(293, '2017-10-29 15:59:55', 'Facial Cleanser Poly HA', 'PT. Puppha Mesurine', 3918750),
(294, '2017-10-30 16:00:40', 'Parasol', 'Apotek Bunul', 866360),
(295, '2017-10-30 16:02:00', 'Kloderma Oint', 'Apotek Narila Farma', 3025000),
(296, '2017-10-30 16:04:50', 'Radical White', 'Cynthia Dewi', 2310000),
(297, '2017-10-31 16:05:26', 'Kirim Krim', 'TIKI', 151000),
(298, '2017-10-31 10:18:58', 'Jasa Pelayanan Bulan Oktober', 'Dokter, Suster', 6910000),
(299, '2017-10-31 10:25:04', 'Gaji Karyawan Bulan Oktober', 'Dokter, Suster, Apoteker, Admin, Sopir', 20000000),
(300, '2017-10-31 10:25:41', 'Keamanan & Kebersihan', 'Satpam, Cak Mat, Slamet', 2850000),
(301, '2017-10-31 10:26:29', 'Angsuran Alat Klinik CO Fractional Bulan Oktober', 'Bison', 20000000),
(302, '2017-10-31 10:27:04', 'Operasional Kendaraan Bulan Oktober', 'Novi', 4000000),
(303, '2017-11-17 14:45:58', 'Retur Praktek Semeru, BB Cream, Sunscreen, Botox, Vitiskin, Acne Serum ', 'Elbe Clinic', 1550000),
(304, '2017-11-01 11:08:54', 'Tagihan PLN Bulan November', 'PLN', 2072965),
(305, '2017-11-01 11:09:41', 'Bayar PDAM Bulan November', 'PDAM', 816400),
(306, '2017-11-01 11:10:51', 'Pembayaran TOP TV Bulan November', 'TOPTV', 114900),
(307, '2017-11-01 11:11:35', 'Perawatan Kolam Bulan November', 'Slamet Pool & Spa', 600000),
(308, '2017-11-03 11:13:29', 'Ongkos Jahit 6 Stel Sprei Klinik', 'Citra', 300000),
(309, '2017-11-03 11:14:00', 'Air Mineral', 'Elang', 32000),
(310, '2017-11-03 11:15:11', 'Dompet eLBe', 'Visual Merchandise', 15700000),
(311, '2017-11-03 11:16:02', 'SB Double Action', 'SPN', 4400000),
(312, '2017-11-03 11:17:14', 'Sunscreen Cream', 'PT. Immortal Cosmedika ', 3388000),
(313, '2017-11-04 11:18:32', 'Dark Circle, Regenerist, Wrinkle', 'Be White', 2680000),
(314, '2017-11-05 11:19:19', 'Myocandula Cream', 'Apotek Efata', 554400),
(315, '2017-11-06 11:20:08', 'AVFaza Acne', 'Apotek Efata', 704000),
(316, '2017-11-07 11:21:05', 'Pembayaran Telkom Bulan November', 'TELKOM', 827500),
(317, '2017-11-07 11:22:24', 'Regristrasi Merk & Produk eLBe Skin Care', 'Arini Prawono', 10700000),
(318, '2017-11-07 11:23:26', 'Bright Two', 'Be White', 2150000),
(319, '2017-11-08 11:24:54', 'Discount 3 Pcs Whitening Body Lotion', 'Pasien', 150000),
(320, '2017-11-09 11:26:01', 'Intensive Serum', 'PT. Estetika Pro', 3240000),
(321, '2017-11-09 11:27:01', 'Serum Whitening', 'PT. Puppha Mesurine', 2117500),
(322, '2017-11-10 11:28:49', 'Pot Ungu, Botol Pet, Pot Obat', 'Beauty Pack', 1854000),
(323, '2017-11-14 11:29:42', 'Cetak Stiker', 'Maestro', 97500),
(324, '2017-11-14 12:08:07', 'Tea Tree & Lavender Peel Off Mask Powder', 'PT. Mazta Farma', 1287000),
(325, '2017-11-15 12:08:55', 'Air Mineral', 'Q Mas', 92500),
(326, '2017-11-15 12:12:03', 'Aloe Peeling+Tonic, Neowhite Lotion+Serum+Mask', 'Neovita Biodroga', 3375000),
(327, '2017-11-15 12:13:13', 'Strataderm Gel', 'Apotek Sejati', 872812),
(328, '2017-11-17 12:14:08', 'Alernitis Tab', 'Apotek Efata', 924000),
(329, '2017-11-18 12:15:07', 'Acnova, Acne Solution', 'Be White', 2800000),
(330, '2017-11-18 12:15:57', 'Pot Kapsul', 'Beauty Pack', 210000),
(331, '2017-11-19 12:17:18', '1 Stel Seragam Tiwik', 'Siti Alimah', 180000),
(332, '2017-11-19 12:18:04', 'FBG', 'Edy Muliono ', 1431000),
(333, '2017-11-20 12:19:06', 'Air Mineral', 'Elang', 32000),
(334, '2017-11-21 12:20:32', 'Glikoderm ', 'Apotek Narila Farma', 130900),
(335, '2017-11-23 12:21:24', 'Trilaks', 'Apotek Sejati', 220000),
(336, '2017-11-25 12:22:19', 'Cetak Stiker', 'Maestro', 87500),
(337, '2017-11-25 12:23:50', 'Plastik Klip', 'Klojen', 31000),
(338, '2017-11-25 12:24:51', 'Tas V-Tec, Allwinz', 'Rachma', 500000),
(339, '2017-11-27 12:27:24', 'Serum Whitening', 'PT. Puppha Mesurine', 2117500),
(340, '2017-11-29 12:29:07', 'No Drop', 'Toko Pembangunan', 45000),
(341, '2017-11-29 12:30:05', 'Kertas F4, A4', 'Royal ATK', 75000),
(342, '2017-11-30 12:30:38', 'Qutan', 'Apotek Efata', 950400),
(343, '2017-11-30 12:32:44', 'Foto Copy', 'Photo Copy', 14400),
(344, '2017-11-30 12:33:53', 'Kirim Krim', 'TIKI', 131000),
(345, '2017-11-30 12:35:42', 'Jasa Pelayanan Bulan November', 'Dokter, Suster', 6155000),
(346, '2017-11-30 12:37:45', 'Gaji Karyawan Bulan November', 'Dokter, Suster, Apoteker, Admin, Sopir', 20000000),
(347, '2017-11-30 12:38:22', 'Keamanan & Kebersihan Bulan November', 'Satpam, Cak Mat, Slamet', 2850000),
(348, '2017-11-30 12:41:08', 'Angsuran Ke-5 Alat Klinik CO2 Fractional Bulan November', 'Bison', 20000000),
(349, '2017-11-30 12:41:46', 'Operasional Kendaraan Bulan November', 'Novi', 4000000),
(350, '2017-12-07 13:14:07', 'FBG Praktek Semeru', 'Praktek Semeru', 600000),
(351, '2017-12-16 08:07:09', 'Retur Praktek Semeru FBG', 'eLBe Clinic', 300000),
(352, '2017-12-29 09:38:17', 'Retur Praktek Semeru Acne Malam, Gold Serum', 'eLBe Clinic', 800000),
(353, '2018-01-02 16:36:54', '2 Botox Cream', 'Praktek Semeru', 600000),
(354, '2017-12-01 16:39:04', 'Perawatan Kolam Renang Bulan November', 'Slamet Pool & Spa', 600000),
(355, '2017-12-01 16:42:50', 'Filocare Serum, Poli SA Peel, AG Peel, Neutral Peel, After Peel ', 'Be White', 2542000),
(356, '2017-12-02 16:43:48', 'Cleanser Foam N', 'Be White', 3040000),
(357, '2017-12-05 16:45:45', 'Air Mineral', 'Q Mas', 92500),
(358, '2017-12-07 16:47:02', 'P2, Infus Set, Introcan 24', 'Medilab', 400000),
(359, '2017-12-07 16:48:33', 'Parasol Gel', 'Apotek Narila Farma', 389862),
(360, '2017-12-08 16:50:07', 'Probio-C, Flason 4', 'Apotek Efata', 1346950),
(361, '2017-12-08 16:50:48', 'Mazthione', 'PT. Mazta Farma', 2970000),
(362, '2017-12-08 16:51:19', 'Cetak Stiker', 'Maestro', 85000),
(363, '2017-12-10 16:52:17', 'HTM5251', 'Trial', 1450000),
(364, '2017-12-13 16:54:53', 'ATK', 'Royal ATK', 17000),
(365, '2017-12-14 16:55:44', 'Kloderma Oint', 'Apotek Narila Farma', 3025000),
(366, '2017-12-15 16:56:57', 'Scabiore', 'Apotek Diponegoro', 1386000),
(367, '2017-12-15 17:03:29', 'Radical White', 'RW', 3240000),
(368, '2017-12-16 13:07:20', 'Perfecta Derm', 'Mazta Farma', 9680000),
(369, '2017-12-17 13:08:24', 'SB Double Action', 'SPN', 4400000),
(370, '2017-12-17 13:09:07', 'Eye Mask', 'RW', 690000),
(371, '2017-12-19 13:10:13', 'DBI Eye Gel', 'PT. DBI', 2035000),
(372, '2017-12-21 13:12:03', 'Sunscreen Cream Oil Free', 'PT. Immortal Cosmedika ', 3438820),
(373, '2017-12-23 13:13:00', 'Cetak Brosur', 'Varia', 350000),
(374, '2017-12-26 13:13:52', 'Acnova, Acne Solution', 'Be White', 2800000),
(375, '2017-12-27 13:14:38', 'Keperluan Kantor', 'Royal ATK', 252900),
(376, '2017-12-28 13:17:20', 'Fungitrazol', 'Apotek Ramadhan Farma', 756800),
(377, '2017-12-29 13:18:13', 'Air Mineral', 'Q Mas', 92500),
(378, '2017-12-30 13:19:19', 'Kirim Krim Bulan Desember', 'TIKI', 182500),
(379, '2017-12-30 13:30:57', 'Jasa Pelayanan Bulan Desember', 'Dokter, Suster', 5100000),
(380, '2017-12-30 13:32:49', 'Gaji Karyawan Bulan Desember', 'Dokter, Suster, Apoteker, Admin, Sopir', 21000000),
(381, '2017-12-30 13:37:28', 'Keamanan & Kebersihan Bulan Desember', 'Satpam, Cak Mat, Slamet', 2850000),
(382, '2017-12-30 13:38:52', 'Angsuran Ke-6 Alat Klinik CO2 Fractional Bulan Desember', 'Bison', 20000000),
(383, '2017-12-30 13:39:32', 'Operasional Kendaraan Bulan Desember ', 'Novi', 4500000),
(384, '2017-12-04 13:46:33', 'Tagihan PLN Bulan Desember', 'PLN', 1681639),
(385, '2017-12-04 13:47:56', 'Bayar PDAM Bulan Desember', 'PDAM', 526600),
(386, '2017-12-04 13:48:50', 'Pembayaran TOPTV Bulan Desember', 'TOPTV', 114900),
(387, '2017-12-04 13:49:43', 'Pembayaran Telkom Bulan Desember', 'TELKOM', 842035),
(388, '2017-12-30 11:10:10', 'Bonus Akhir Tahun Karyawan', 'Dokter, Suster, Apoteker, Admin, Sopir', 18000000);

-- --------------------------------------------------------

--
-- Table structure for table `pilih_layanan`
--

CREATE TABLE `pilih_layanan` (
  `id_pil_layanan` int(11) NOT NULL,
  `id_pasien` int(11) NOT NULL,
  `id_rekam_medis` varchar(15) NOT NULL,
  `id_layanan` int(11) NOT NULL,
  `id_diskon` int(11) NOT NULL,
  `jumlah` int(11) NOT NULL,
  `detail_layanan` text NOT NULL
) ENGINE=InnoDB DEFAULT CHARSET=latin1;

--
-- Dumping data for table `pilih_layanan`
--

INSERT INTO `pilih_layanan` (`id_pil_layanan`, `id_pasien`, `id_rekam_medis`, `id_layanan`, `id_diskon`, `jumlah`, `detail_layanan`) VALUES
(1, 24, 'NGEyZGRmMTQ4', 53, 1, 2, 'Gosok Gigi'),
(2, 41, 'ODA3MTRiMmUx', 54, 0, 3, 'Tambal Gigi'),
(4, 26, 'OGE3MDFiMTc2', 55, 0, 2, 'Tambal Gigi'),
(5, 27, 'ZDQwNjExYWI4', 54, 0, 2, 'Filler Gigi'),
(6, 24, 'YWI2NGM3ZWY4', 54, 0, 4, 'Filler Gigi'),
(7, 39, 'NjJkYjhmNjFl', 55, 1, 3, 'Gosok Gigi'),
(8, 24, 'ZjcxMmMxMjAz', 53, 0, 3, ''),
(9, 43, 'Y2I5YzEwY2Mx', 56, 1, 6, 'Uwuwuwuuw'),
(11, 44, 'YzAxN2RlNGE1', 53, 0, 9, 'Uwuwuwuuw'),
(12, 41, 'ODRhZWVhMjli', 55, 1, 4, 'Uwuwuwuuw'),
(13, 40, 'ODJmYTEyOTQ1', 54, 0, 4, 'Uwuwuwuuw'),
(14, 41, 'Mzc1OWJmZGU4', 54, 0, 6, 'ditotok totok'),
(15, 45, 'OGRlYzM1Zjk0', 55, 0, 3, 'uwuwuuww'),
(16, 42, 'ZmJkOWU3ZDYw', 55, 0, 3, 'Uwuwuwuuw'),
(17, 45, 'ZGUyYTFhMzQ5', 54, 1, 5, 'Uwuwuwuuw'),
(18, 24, 'Njc2ZTc2ODU2', 54, 0, 2, 'dfsc');

-- --------------------------------------------------------

--
-- Table structure for table `profil_pasien`
--

CREATE TABLE `profil_pasien` (
  `id_profile` int(11) NOT NULL,
  `id_user` int(11) NOT NULL,
  `nama_depan` text NOT NULL,
  `nama_belakang` text NOT NULL,
  `tanggal_lahir` varchar(50) NOT NULL,
  `jenis_kelamin` enum('Laki-Laki','Perempuan') NOT NULL,
  `alamat` varchar(50) NOT NULL,
  `email` varchar(50) NOT NULL,
  `no_hp` text NOT NULL
) ENGINE=InnoDB DEFAULT CHARSET=latin1;

--
-- Dumping data for table `profil_pasien`
--

INSERT INTO `profil_pasien` (`id_profile`, `id_user`, `nama_depan`, `nama_belakang`, `tanggal_lahir`, `jenis_kelamin`, `alamat`, `email`, `no_hp`) VALUES
(1, 4, 'Lala', 'Aku', '09/10/1999', 'Perempuan', 'Jl, hahaha', 'rejob4group@gmail.com', '0987654');

-- --------------------------------------------------------

--
-- Table structure for table `rekam_medis`
--

CREATE TABLE `rekam_medis` (
  `id_rekam_medis` varchar(15) NOT NULL,
  `id_booking` varchar(15) NOT NULL,
  `id_pasien` int(11) NOT NULL,
  `tanggal_periksa` date NOT NULL,
  `jam_mulai_periksa` text NOT NULL,
  `jam_selesai_periksa` text NOT NULL,
  `foto` varchar(150) DEFAULT NULL,
  `keluhan_utama` text NOT NULL,
  `diagnosis` text NOT NULL,
  `elemen_gigi` int(12) NOT NULL,
  `keadaan_umum` text NOT NULL,
  `resep` text NOT NULL,
  `status` int(3) NOT NULL,
  `subtotal` int(20) NOT NULL,
  `grandtotal` int(11) NOT NULL
) ENGINE=InnoDB DEFAULT CHARSET=latin1;

--
-- Dumping data for table `rekam_medis`
--

INSERT INTO `rekam_medis` (`id_rekam_medis`, `id_booking`, `id_pasien`, `tanggal_periksa`, `jam_mulai_periksa`, `jam_selesai_periksa`, `foto`, `keluhan_utama`, `diagnosis`, `elemen_gigi`, `keadaan_umum`, `resep`, `status`, `subtotal`, `grandtotal`) VALUES
('asfdsd', 'safss', 50, '2020-11-01', '09:15:20', '11:12:13', NULL, 'sbdgjh', 'hsbgds', 45, 'snhskj', 'kjsnhadjas', 3, 300000, 225000),
('M2NiNzgyMGYz', 'N2ZjYmZmMzJi', 39, '0000-00-00', '', '', NULL, '', '', 0, '', '', 0, 0, 0),
('MGU0NWE4N2Q2', 'MGZmMzliYmJm', 25, '0000-00-00', '', '', NULL, '', '', 0, '', '', 0, 0, 0),
('MjJlOWQ2YjEy', 'MzJiZDQwMzYy', 40, '0000-00-00', '', '', NULL, '', '', 0, '', '', 0, 0, 0),
('MTFkODY3Nzk2', 'YzhmN2U4Y2Y0', 27, '0000-00-00', '', '', NULL, '', '', 0, '', '', 0, 0, 0),
('MWRiNDk0ZTg5', 'MGMwMTg3ZTRh', 28, '0000-00-00', '', '', NULL, '', '', 0, '', '', 0, 0, 0),
('Mzc1OWJmZGU4', 'MTBmYzY3YTM0', 41, '2020-08-21', '09:16:13', '09:18:45', NULL, 'lasidjkasd', 'ini apa ya', 45, 'Sedang', '', 3, 300000, 300000),
('NDVlNzIwMGJk', 'MzMwMjhlMzQz', 24, '0000-00-00', '', '', NULL, '', '', 0, '', '', 0, 0, 0),
('NGEyZGRmMTQ4', 'MzMyM2ZlMTFl', 24, '2020-06-17', '07:02:03', '08:00:20', NULL, 'alias', 'qwertyuiop', 46, 'Baik', '', 3, 450000, 337500),
('Njc2ZTc2ODU2', 'YTgzNDVjM2Ji', 24, '2020-11-22', '09:19:36', '09:22:42', NULL, 'bengkak', 'uahxsadasndius', 0, 'Sedang', '', 3, 100000, 100000),
('NjJkYjhmNjFl', 'OGNmZWRmZjg2', 39, '2020-08-06', '04:00:15', '06:00`:00', NULL, 'asdfghjkl', 'lololalala', 46, 'Sedang', '', 3, 300000, 225000),
('NjJmZGI2NDE1', 'YjZkNDhiNzNi', 43, '0000-00-00', '', '', NULL, '', '', 0, '', '', 0, 0, 0),
('NWE5ZTU0NDE5', 'ZDRmNjlmYWY0', 40, '0000-00-00', '', '', NULL, '', '', 0, '', '', 0, 0, 0),
('NzU4ZGUzZDI0', 'MWJiOGMxNmZk', 25, '0000-00-00', '', '', NULL, '', '', 0, '', '', 0, 0, 0),
('ODA3MTRiMmUx', 'ZDU2MWQyMTMw', 41, '2020-08-06', '10:05:15', '12:00:20', NULL, 'qwertyuiop', 'zxcvbnm', 46, 'Sedang', '', 3, 600000, 600000),
('ODJmYTEyOTQ1', 'NzMxNTdmY2Ew', 40, '2020-08-15', '18:54:13', '18:56:05', NULL, 'uuhuhuhiiijiji', 'ioiuoiuoiu', 43, 'Sedang', '', 3, 200000, 200000),
('ODRhZWVhMjli', 'NTk0MmIwNTk4', 41, '2020-08-15', '18:40:07', '18:42:12', NULL, 'UhuyLalala', 'lolololo', 49, 'Sedang', '', 3, 800000, 600000),
('OGE3MDFiMTc2', 'YjQwNjdmOGFh', 26, '2020-06-30', '07:01:00', '09:00:12', NULL, 'asdfghjkl', 'zxcvbnm', 42, 'Sedang', '', 3, 400000, 400000),
('OGRlYzM1Zjk0', 'MTY5NmE3ZThh', 45, '2020-08-17', '07:00:00', '09:00:00', NULL, 'iiiuuiui', 'Oke Sembuh', 42, 'Sedang', '', 3, 600000, 600000),
('OTc3ZjhiMzNk', 'OWY4MjBhZGY4', 41, '0000-00-00', '', '', NULL, '', '', 0, '', '', 0, 0, 0),
('Y2I5YzEwY2Mx', 'ZmM5OGQ3MmE2', 43, '2020-08-05', '10:05:15', '12:00:20', NULL, 'Sakiiiiiitt', 'OKe Oke', 45, 'Baik', '', 3, 900000, 900000),
('Y2NlYTE2MzUz', 'MDEwZTQwNmRm', 26, '0000-00-00', '', '', NULL, '', '', 0, '', '', 0, 0, 0),
('Y2RkYWE2ZTFh', 'NzI1MjE1ZWQ4', 42, '0000-00-00', '', '', NULL, '', '', 0, '', '', 0, 0, 0),
('YWI2NGM3ZWY4', 'YWRjNGI1MWI0', 24, '2020-07-05', '10:05:10', '12:00:30', NULL, 'zxcvbnm', 'asdfghjkl', 40, 'Buruk', '', 3, 200000, 200000),
('YzAxN2RlNGE1', 'NmFhNzA0ZWNj', 44, '2020-08-10', '07:02:03', '09:00:00', NULL, 'poiiuyytrrew', 'Uhuy', 50, 'Sedang', '', 3, 405000, 405000),
('ZDhhZmJlM2Yw', 'MTMwZGUyN2Uz', 41, '2020-08-25', '13:59:11', '', NULL, '', '', 0, '', '', 1, 0, 0),
('ZDQwNjExYWI4', 'MTExM2Q3YTc2', 27, '2020-07-01', '04:00:15', '06:12:00', NULL, 'qwertyuiop', 'qwertyuiop', 41, 'Baik', '', 3, 100000, 100000),
('ZGUyYTFhMzQ5', 'OGQ3MjM3YzY4', 45, '2020-08-29', '12:00:14', '12:07:04', NULL, 'Holllaai LIlas', 'poaispodisad', 43, 'Baik', '', 3, 250000, 187500),
('ZjcxMmMxMjAz', 'Mjg4NTQ5NDEy', 24, '2020-08-11', '07:02:03', '09:00:12', NULL, 'poipoipoilkjkjlkjlk', 'lolololo', 42, 'Baik', '', 3, 600000, 600000),
('ZmJkOWU3ZDYw', 'YjY3ZDAyYmEx', 42, '2020-08-25', '13:49:33', '13:51:44', NULL, 'Nyeriiii Sekali ', 'Oke Fiks Kebal ', 42, 'Sedang', '', 2, 600000, 600000),
('ZmY3MGVhNDFi', 'YWE0NzU2MDQ2', 27, '0000-00-00', '', '', NULL, '', '', 0, '', '', 0, 0, 0);

-- --------------------------------------------------------

--
-- Table structure for table `rencana`
--

CREATE TABLE `rencana` (
  `id_rcn` int(11) NOT NULL,
  `id_booking` varchar(15) NOT NULL,
  `tanggal_rencana` date NOT NULL,
  `jam_rencana` varchar(50) NOT NULL,
  `tanggal_keluhan` date NOT NULL,
  `keluhan` varchar(100) NOT NULL,
  `id_metode` int(5) NOT NULL,
  `provider` varchar(50) DEFAULT NULL,
  `kategori_asuransi` varchar(50) DEFAULT NULL,
  `nomor_asuransi` varchar(50) DEFAULT NULL,
  `foto_asuransi` varchar(50) DEFAULT NULL
) ENGINE=InnoDB DEFAULT CHARSET=latin1;

--
-- Dumping data for table `rencana`
--

INSERT INTO `rencana` (`id_rcn`, `id_booking`, `tanggal_rencana`, `jam_rencana`, `tanggal_keluhan`, `keluhan`, `id_metode`, `provider`, `kategori_asuransi`, `nomor_asuransi`, `foto_asuransi`) VALUES
(41, 'MzMyM2ZlMTFl', '2020-06-17', '07:00:00-09:00:00', '2020-06-10', 'huyy', 1, NULL, NULL, 'dfg', NULL),
(43, 'YjQwNjdmOGFh', '2020-06-30', '07:00:00-09:00:00', '2020-06-27', 'hgytf', 1, NULL, NULL, '123456789765', NULL),
(44, 'MTExM2Q3YTc2', '2020-07-01', '04:00:00-06:00:00', '2020-06-17', 'fghj', 1, NULL, NULL, 'dfg', NULL),
(45, 'NzFkZDliNDhm', '2020-07-14', '04:00:00-06:00:00', '2020-07-12', 'dfghj', 1, NULL, NULL, '', NULL),
(46, 'YWRjNGI1MWI0', '2020-07-05', '10:00:00-12:00:00', '2020-07-26', 'g', 3, 'inhealth', 'Gold', '1234567890', 'elecomp.png'),
(47, 'OGNmZWRmZjg2', '2020-08-06', '04:00:00-06:00:00', '2020-07-25', 'ws', 1, NULL, NULL, '', NULL),
(48, 'ZDU2MWQyMTMw', '2020-08-06', '10:00:00-12:00:00', '2020-07-31', 'Gatal -gatal', 1, NULL, NULL, '', NULL),
(50, 'ZmM5OGQ3MmE2', '2020-08-05', '10:00:00-12:00:00', '2020-08-05', 'flu', 1, NULL, NULL, '', NULL),
(53, 'YTliZDc4ZDJm', '2020-08-07', '10:00:00-12:00:00', '2020-08-05', '123asd', 1, NULL, NULL, '', NULL),
(54, 'NmFhNzA0ZWNj', '2020-08-10', '07:00:00-09:00:00', '2020-08-04', '213qwe', 1, NULL, NULL, '', NULL),
(63, 'MTY5NmE3ZThh', '2020-08-17', '07:00:00-09:00:00', '2020-08-10', 'poipoipo', 1, NULL, NULL, '', NULL),
(64, 'NTI4MmM3YjFm', '2020-08-14', '04:00:00-06:00:00', '2020-08-11', 'opoiuoiu', 2, NULL, NULL, '', NULL),
(65, 'Mjg4NTQ5NDEy', '2020-08-14', '07:00:00-09:00:00', '2020-08-11', 'poipoipoilkjkjlkjlk', 1, NULL, NULL, '', NULL),
(66, 'NTk0MmIwNTk4', '2020-08-14', '04:00:00-06:00:00', '2020-08-12', 'Uhuy', 1, NULL, NULL, '', NULL),
(67, 'NzMxNTdmY2Ew', '2020-08-11', '04:00:00-06:00:00', '2020-08-04', 'uuhuhuh', 2, NULL, NULL, '', NULL),
(68, 'MTBmYzY3YTM0', '2020-06-10', '10:00:00-12:00:00', '2020-06-02', 'piuiuoiuo', 2, NULL, NULL, '', NULL),
(69, 'YjY3ZDAyYmEx', '2020-06-01', '10:00:00-12:00:00', '2020-05-27', 'Nyeriiii', 2, NULL, NULL, '', NULL),
(70, 'OGQ3MjM3YzY4', '2020-08-21', '10:00:00-12:00:00', '2020-08-15', 'Holllaai', 2, NULL, NULL, '123456789', NULL),
(71, 'ZDRmNjlmYWY0', '2020-07-21', '10:00:00-12:00:00', '2020-07-06', 'Poiuytr', 3, 'inhealth', 'Gold', '123456789', 'elecomp.png'),
(72, 'MGMwMTg3ZTRh', '2020-08-21', '10:00:00-12:00:00', '2020-08-13', 'poioirpwoer', 1, NULL, NULL, '', NULL),
(74, 'MTMwZGUyN2Uz', '2020-07-08', '04:00:00-06:00:00', '2020-07-01', 'qwerty123456', 2, NULL, NULL, '', NULL),
(75, 'YjZkNDhiNzNi', '2020-08-22', '07:00:00-09:00:00', '2020-08-19', 'pokok', 3, 'Provider Astra-Admedika', 'Asuransi Kesehatan', '08765746346876', NULL),
(76, 'M2Q4NGRiZjE3', '2020-08-22', '07:00:00-09:00:00', '2020-08-20', 'g', 2, NULL, NULL, '', NULL),
(77, 'ZDJlNDA0YjU0', '2020-11-21', '10:00:00-12:00:00', '2020-11-01', 'sakit bagian gusi', 1, NULL, NULL, '', NULL),
(78, 'MGMwM2NlNGNi', '2020-11-21', '', '2020-11-01', 'zdaSAxa', 2, NULL, NULL, '', NULL),
(79, 'YTgzNDVjM2Ji', '2020-11-22', '04:00:00-06:00:00', '2020-11-01', 'bengkak', 2, NULL, NULL, '', NULL),
(80, 'NDgxMjYzODU0', '2020-11-22', '10:00:00-12:00:00', '2020-11-01', 'cfzsdx', 2, NULL, NULL, '', NULL),
(81, 'NDcxYzk2YWZi', '2020-11-21', '', '2020-11-02', 'bajnasj', 1, NULL, NULL, '', NULL),
(82, 'N2ZjYmZmMzJi', '2020-11-24', '10:00:00-12:00:00', '2020-11-02', 'abshdbj', 1, NULL, NULL, '', NULL),
(83, 'MzJiZDQwMzYy', '2020-11-25', '07:00:00-09:00:00', '2020-11-03', 'axsaadsa', 1, NULL, NULL, '', NULL),
(84, 'OTA3N2NlNTVi', '2020-11-26', '07:00:00-09:00:00', '2020-11-03', 'ajkNHXA', 2, NULL, NULL, '', NULL),
(85, 'NDQ5NmJkOTI5', '2020-11-26', '', '2020-11-03', 'Zzcszsfddzs', 2, NULL, NULL, '', NULL),
(86, 'OWY4MjBhZGY4', '2020-11-27', '07:00:00-09:00:00', '2020-11-03', 'dztbgxcfgfcbg', 2, NULL, NULL, '', NULL),
(87, 'NzI1MjE1ZWQ4', '2020-11-30', '07:00:00-09:00:00', '2020-11-04', 'shjfdsjj', 2, NULL, NULL, '', NULL),
(88, 'MzMwMjhlMzQz', '2020-12-01', '10:00:00-12:00:00', '2020-11-05', 'jsndkjsa', 2, NULL, NULL, '', NULL),
(89, 'MGZmMzliYmJm', '2020-11-25', '07:00:00-09:00:00', '2020-11-06', 'kldkjkdxndkj', 1, NULL, NULL, '', NULL),
(90, 'MDEwZTQwNmRm', '2020-11-25', '07:00:00-09:00:00', '2020-11-05', 'jzcjxbcjsz', 1, NULL, NULL, '', NULL),
(91, 'YzhmN2U4Y2Y0', '2020-12-04', '07:00:00-09:00:00', '2020-11-07', 'kdhkjdks', 1, NULL, NULL, '', NULL),
(92, 'YWE0NzU2MDQ2', '2020-12-03', '10:00:00-12:00:00', '2020-11-08', 'zcxvdvd', 2, NULL, NULL, '', NULL),
(93, 'NDE2NGY4NDFi', '2020-11-26', '07:00:00-09:00:00', '2020-11-01', 'gfxgf', 2, NULL, NULL, '', NULL);

-- --------------------------------------------------------

--
-- Table structure for table `survey`
--

CREATE TABLE `survey` (
  `id_survey` int(11) NOT NULL,
  `id_pasien` int(11) NOT NULL,
  `survey1` varchar(50) NOT NULL,
  `survey2` varchar(50) NOT NULL,
  `survey3` varchar(50) NOT NULL,
  `survey4` varchar(50) NOT NULL
) ENGINE=InnoDB DEFAULT CHARSET=latin1;

--
-- Dumping data for table `survey`
--

INSERT INTO `survey` (`id_survey`, `id_pasien`, `survey1`, `survey2`, `survey3`, `survey4`) VALUES
(39, 24, '1', 'Sosial Media', 'Whatsapp', 'Ya'),
(40, 25, '1', 'Sosial Media', 'Whatsapp', 'Ya'),
(41, 26, '1', 'Sosial Media', 'Whatsapp', 'Ya'),
(42, 27, '1', 'Sosial Media', 'Whatsapp', 'Ya'),
(44, 24, '1', 'Sosial Media', 'Whatsapp', 'Ya'),
(45, 24, '1', 'Sosial Media', 'Whatsapp', 'Ya'),
(46, 28, '1', 'Sosial Media', 'Whatsapp', 'Ya'),
(47, 24, '1', 'Sosial Media', 'Whatsapp', 'Ya'),
(48, 39, '1', 'Sosial Media', 'Whatsapp', 'Ya'),
(49, 41, '1', 'Rekomendasi Teman', 'Whatsapp', 'Ya'),
(50, 42, '1', 'Sosial Media', 'Whatsapp', 'Ya'),
(51, 43, '1', 'Sosial Media', 'Whatsapp', 'Ya'),
(52, 43, '1', 'Sosial Media', 'Whatsapp', 'Ya'),
(53, 42, '1', 'Sosial Media', 'Whatsapp', 'Ya'),
(54, 30, '1', 'Sosial Media', 'Whatsapp', 'Ya'),
(55, 44, '1', 'Sosial Media', 'Whatsapp', 'Ya'),
(56, 27, '1', 'Sosial Media', 'Whatsapp', 'Ya'),
(57, 45, '1', 'Sosial Media', 'Whatsapp', 'Ya'),
(58, 24, '1', 'Sosial Media', 'Whatsapp', 'Ya'),
(59, 24, '1', 'Sosial Media', 'Whatsapp', 'Ya'),
(60, 24, '1', 'Sosial Media', 'Whatsapp', 'Ya'),
(61, 44, '1', 'Sosial Media', 'Whatsapp', 'Ya'),
(62, 44, '1', 'Sosial Media', 'Whatsapp', 'Ya'),
(63, 44, '1', 'Sosial Media', 'Whatsapp', 'Ya'),
(64, 44, '1', 'Sosial Media', 'Whatsapp', 'Ya'),
(65, 44, '1', 'Sosial Media', 'Whatsapp', 'Ya'),
(66, 44, '1', 'Sosial Media', 'Whatsapp', 'Ya'),
(67, 45, '1', 'Sosial Media', 'Whatsapp', 'Ya'),
(68, 24, '1', 'Sosial Media', 'Whatsapp', 'Ya'),
(69, 24, '3', 'Rekomendasi Teman', 'Whatsapp', 'Ya'),
(70, 41, '1', 'Sosial Media', 'Whatsapp', 'Tidak'),
(71, 40, '7', 'Sosial Media', 'Whatsapp', 'Ya'),
(72, 41, '1', 'Sosial Media', 'Whatsapp', 'Ya'),
(73, 42, '1', 'Sosial Media', 'SMS', 'Ya'),
(74, 45, '1', 'Sosial Media', 'Whatsapp', 'Ya'),
(75, 40, '1', 'Sosial Media', 'Whatsapp', 'Ya'),
(76, 28, '1', 'Sosial Media', 'Whatsapp', 'Ya'),
(77, 25, '1', 'Sosial Media', 'Whatsapp', 'Ya'),
(78, 41, '1', 'Sosial Media', 'Telegram', 'Ya'),
(79, 43, '7', 'Sosial Media', 'Telegram', 'Ya'),
(80, 28, '1', 'Sosial Media', 'Whatsapp', 'Ya'),
(81, 26, '1', 'Sosial Media', 'Whatsapp', 'Ya'),
(82, 24, '1', 'Sosial Media', 'Whatsapp', 'Ya'),
(83, 24, '1', 'Sosial Media', 'Whatsapp', 'Ya'),
(84, 26, '1', 'Sosial Media', 'Whatsapp', 'Ya'),
(85, 25, '1', 'Sosial Media', 'Whatsapp', 'Ya'),
(86, 39, '1', 'Sosial Media', 'Whatsapp', 'Ya'),
(87, 40, '1', 'Sosial Media', 'Whatsapp', 'Ya'),
(88, 41, '1', 'Sosial Media', 'Whatsapp', 'Ya'),
(89, 41, '1', 'Sosial Media', 'Whatsapp', 'Ya'),
(90, 41, '1', 'Sosial Media', 'Whatsapp', 'Ya'),
(91, 42, '1', 'Sosial Media', 'Whatsapp', 'Ya'),
(92, 24, '1', 'Sosial Media', 'Whatsapp', 'Ya'),
(93, 25, '1', 'Sosial Media', 'Whatsapp', 'Ya'),
(94, 26, '1', 'Sosial Media', 'Whatsapp', 'Ya'),
(95, 27, '1', 'Sosial Media', 'Whatsapp', 'Ya'),
(96, 27, '1', 'Sosial Media', 'Whatsapp', 'Ya'),
(97, 24, '1', 'Sosial Media', 'Whatsapp', 'Ya');

-- --------------------------------------------------------

--
-- Table structure for table `tokens`
--

CREATE TABLE `tokens` (
  `id_token` int(11) NOT NULL,
  `token` varchar(255) NOT NULL,
  `email` varchar(50) NOT NULL,
  `no_hp` text NOT NULL,
  `date_created` int(11) NOT NULL
) ENGINE=InnoDB DEFAULT CHARSET=latin1;

--
-- Dumping data for table `tokens`
--

INSERT INTO `tokens` (`id_token`, `token`, `email`, `no_hp`, `date_created`) VALUES
(7, 'Zjc2ODlhNzBlY2RkMWIzNmM3YTc5NTMyMWVmMjlm', 'pashaneesa0901@gmail.com', '', 1593501325),
(8, '1234', '', '081252405242', 1593501896),
(9, 'MmYzMTE3ZWJkNDQxMzc0NjVlZWI0MTgwNTg3Nzdh', 'pashaneesa0901@gmail.com', '', 1593501990),
(10, 'YzMyOGY4NTAwNWJmZGY2OGFkZDQwNGUyMTA3ZjQ4', 'pashaneesa0901@gmail.com', '', 1593502005),
(11, 'YmE3NzE3ODkzNDE5NTUyYzlhY2Y2NDllOGE2YTg3', 'pashaneesa0901@gmail.com', '', 1593502056),
(12, 'MDFkZTM3MzNmMTczYWFiMjA2YzVlMDUzOTc1MGM1', 'pashaneesa0901@gmail.com', '', 1593502104),
(13, 'MTcyZTc1NDFkYTgzM2U1NmE0OTY2ODk4ZmM5N2Fm', 'pashaneesa0901@gmail.com', '', 1593523967),
(14, 'MWMwYzYzYjIxYmRlNTZiNjczYWZhOWU0MmY5MWY4', 'pashaneesa0901@gmail.com', '', 1593524048),
(15, 'MmEyODQ2NWE4MDBlOTgxYmU1ODdhYjgwYWEzYzc3', 'pashaneesa0901@gmail.com', '', 1593524353),
(16, 'MTk3MWQ2NjU0OTJiYTEyMTU5YjU0NDIyNzk2N2Qx', 'pashaneesa0901@gmail.com', '', 1593524420),
(17, '1234', '', '081252405242', 1593660418),
(18, '1234', '', '081252405242', 1593673155),
(19, '1234', '', '081252405242', 1593673286),
(20, '1234', '', '081252405242', 1593673499),
(21, '1234', '', '081252405242', 1593673565),
(22, 'NGIwMmRhZmVkODM0ZTk1YThlODM2MWM1NDQyYWEx', 'pashaneesa0901@gmail.com', '', 1593673794),
(23, '1234', '', '081252405242', 1593677243),
(24, '1234', '', '081252405242', 1593677631),
(25, '1234', '', '081252405242', 1593836649);

-- --------------------------------------------------------

--
-- Table structure for table `transaksi`
--

CREATE TABLE `transaksi` (
  `id_transaksi` int(11) NOT NULL,
  `id_rekam_medis` int(11) NOT NULL,
  `status` int(11) NOT NULL,
  `waktu` varchar(20) NOT NULL,
  `total` int(11) NOT NULL,
  `saldo` int(11) NOT NULL,
  `metode_bayar` varchar(100) NOT NULL
) ENGINE=InnoDB DEFAULT CHARSET=latin1;

--
-- Dumping data for table `transaksi`
--

INSERT INTO `transaksi` (`id_transaksi`, `id_rekam_medis`, `status`, `waktu`, `total`, `saldo`, `metode_bayar`) VALUES
(1, 5, 1, '2017-08-13 12:14:47', 0, 0, 'Card'),
(2, 3, 1, '2017-09-03 11:03:54', 0, 0, 'Card'),
(3, 1, 1, ' 13:45:05', 0, 0, ''),
(4, 2, 1, '2017-07-03 13:59:52', 125000, 0, 'Tunai'),
(5, 8, 1, '2017-02-14 15:19:06', 350000, 0, 'Tunai'),
(6, 18, 1, '2017-07-12 13:27:10', 540000, 0, 'Tunai'),
(7, 20, 1, '2017-07-17 11:59:54', 650000, 0, 'Tunai'),
(8, 21, 1, '2017-07-25 14:44:42', 260000, 0, 'Tunai'),
(9, 22, 1, '2017-07-25 14:45:21', 200000, 0, 'Tunai'),
(10, 23, 1, '2017-07-17 15:36:36', 540000, 0, 'Tunai'),
(11, 24, 1, '2017-07-17 16:20:31', 400000, 0, 'Tunai'),
(12, 25, 1, '2017-07-17 16:30:27', 670000, 0, 'Tunai'),
(13, 26, 1, '2017-07-17 16:35:41', 500000, 0, 'Tunai'),
(14, 27, 1, '2017-07-17 17:08:08', 200000, 0, 'Tunai'),
(15, 28, 1, '2017-07-17 17:11:23', 440000, 0, 'Tunai'),
(16, 29, 1, '2017-07-18 16:49:42', 1290000, 0, 'Tunai'),
(17, 31, 1, '2017-07-18 17:29:51', 560000, 0, 'Tunai'),
(18, 30, 1, '2017-07-18 17:46:52', 1940000, 0, 'Tunai'),
(19, 32, 1, '2017-07-19 17:33:23', 150000, 0, 'Tunai'),
(20, 33, 1, '2017-07-19 17:37:27', 790000, 0, 'Tunai'),
(21, 34, 1, '2017-07-19 17:39:30', 220000, 0, 'Tunai'),
(22, 35, 1, '2017-07-20 17:18:08', 2750000, 0, 'Tunai'),
(23, 36, 1, '2017-09-03 11:03:18', 0, 0, 'Card'),
(24, 37, 1, '2017-09-03 11:02:41', 0, 0, 'Card'),
(25, 40, 1, '2017-07-20 17:35:35', 350000, 0, 'Tunai'),
(26, 41, 1, '2017-07-20 17:39:14', 750000, 0, 'Tunai'),
(27, 39, 1, '2017-07-20 17:55:50', 400000, 0, 'Tunai'),
(28, 42, 1, '2017-07-21 09:53:08', 755000, 0, 'Tunai'),
(29, 43, 1, '2017-07-21 09:59:08', 400000, 0, 'Tunai'),
(30, 44, 1, '2017-07-22 13:27:06', 1100000, 0, 'Tunai'),
(31, 45, 1, '2017-07-24 17:20:05', 1250000, 0, 'Tunai'),
(32, 46, 1, '2017-07-24 17:26:31', 650000, 0, 'Tunai'),
(33, 47, 1, '2017-07-24 17:29:37', 750000, 0, 'Tunai'),
(34, 50, 1, '2017-07-24 17:33:23', 560000, 0, 'Tunai'),
(35, 51, 1, '2017-07-24 17:38:31', 440000, 0, 'Tunai'),
(36, 52, 1, '2017-07-24 17:55:34', 290000, 0, 'Tunai'),
(37, 49, 1, '2017-07-24 18:05:49', 290000, 0, 'Tunai'),
(38, 55, 1, '2017-07-25 16:57:36', 400000, 0, 'Tunai'),
(39, 48, 1, '2017-07-25 17:19:30', 250000, 0, 'Tunai'),
(40, 54, 1, '2017-07-25 17:22:38', 650000, 0, 'Tunai'),
(41, 58, 1, '2017-08-13 12:13:53', 0, 0, 'Card'),
(42, 53, 1, '2017-07-25 17:57:59', 250000, 0, 'Tunai'),
(43, 56, 1, '2017-07-25 18:02:26', 140000, 0, 'Tunai'),
(44, 57, 1, '2017-07-25 18:04:06', 210000, 0, 'Tunai'),
(45, 60, 1, '2017-07-26 16:58:41', 220000, 0, 'Tunai'),
(46, 61, 1, '2017-07-26 16:57:48', 550000, 0, 'Tunai'),
(47, 62, 1, '2017-07-26 16:57:00', 470000, 0, 'Tunai'),
(48, 63, 1, '2017-07-26 16:56:08', 650000, 0, 'Tunai'),
(49, 64, 1, '2017-07-27 18:30:36', 4900000, 0, 'Tunai'),
(50, 65, 1, '2017-07-28 16:40:39', 250000, 0, 'Tunai'),
(51, 67, 1, '2017-07-28 16:41:47', 300000, 0, 'Tunai'),
(52, 68, 1, '2017-07-28 16:43:42', 250000, 0, 'Tunai'),
(53, 69, 1, '2017-07-28 17:07:00', 440000, 0, 'Tunai'),
(54, 70, 1, '2017-07-28 17:07:55', 150000, 0, 'Tunai'),
(55, 71, 1, '2017-07-28 17:15:35', 950000, 0, 'Tunai'),
(56, 73, 1, '2017-07-31 17:01:52', 350000, 0, 'Tunai'),
(57, 74, 1, '2017-07-31 17:45:05', 450000, 0, 'Tunai'),
(58, 75, 1, '2017-07-31 17:43:53', 220000, 0, 'Tunai'),
(59, 76, 1, '2017-08-01 16:02:04', 220000, 0, 'Tunai'),
(60, 72, 1, '2017-08-01 16:10:19', 660000, 0, 'Tunai'),
(61, 77, 1, '2017-08-01 16:29:26', 440000, 0, 'Tunai'),
(62, 78, 1, '2017-08-01 16:35:01', 100000, 0, 'Tunai'),
(63, 80, 1, '2017-08-01 17:20:20', 700000, 0, 'Tunai'),
(64, 81, 1, '2017-08-01 17:24:31', 450000, 0, 'Tunai'),
(65, 83, 1, '2017-08-01 18:24:35', 1000000, 0, 'Tunai'),
(66, 79, 1, '2017-08-01 18:19:22', 4560000, 0, 'Tunai'),
(67, 84, 1, '2017-08-01 18:23:40', 400000, 0, 'Tunai'),
(68, 19, 1, '2017-08-01 18:27:01', 180000, 0, 'Tunai'),
(69, 86, 1, '2017-08-02 16:41:56', 900000, 0, 'Tunai'),
(70, 87, 1, '2017-08-02 17:03:51', 470000, 0, 'Tunai'),
(71, 88, 1, '2017-08-02 17:15:25', 220000, 0, 'Tunai'),
(72, 89, 1, '2017-08-02 17:34:08', 450000, 0, 'Tunai'),
(73, 100, 1, '2017-08-03 13:55:20', 800000, 0, 'Tunai'),
(74, 101, 1, '2017-08-03 15:42:08', 350000, 0, 'Tunai'),
(75, 102, 1, '2017-08-03 15:40:35', 200000, 0, 'Tunai'),
(76, 103, 1, '2017-08-03 16:38:34', 1500000, 0, 'Tunai'),
(77, 104, 1, '2017-08-03 16:36:20', 200000, 0, 'Tunai'),
(78, 105, 1, '2017-08-03 16:37:31', 380000, 0, 'Tunai'),
(79, 106, 1, '2017-08-03 16:51:41', 300000, 0, 'Tunai'),
(80, 107, 1, '2017-08-03 17:19:58', 350000, 0, 'Tunai'),
(81, 108, 1, '2017-02-16 15:21:06', 350000, 0, 'Tunai'),
(82, 91, 1, '2017-02-20 14:47:47', 750000, 0, 'Tunai'),
(83, 109, 1, '2017-02-21 10:25:27', 200000, 0, 'Tunai'),
(84, 110, 1, '2017-02-22 15:25:32', 350000, 0, 'Tunai'),
(85, 111, 1, '2017-02-22 15:27:56', 650000, 0, 'Tunai'),
(86, 112, 1, '2017-02-24 13:22:45', 500000, 0, 'Tunai'),
(87, 93, 1, '2017-02-26 13:18:56', 500000, 0, 'Tunai'),
(88, 94, 1, '2017-02-27 15:45:26', 125000, 0, 'Tunai'),
(89, 95, 1, '2017-02-28 15:41:27', 500000, 0, 'Tunai'),
(90, 113, 1, '2017-08-04 17:09:48', 300000, 0, 'Tunai'),
(91, 116, 1, '2017-08-04 17:00:29', 450000, 0, 'Tunai'),
(92, 118, 1, '2017-08-04 17:07:25', 1910000, 0, 'Tunai'),
(93, 117, 1, '2017-08-04 17:27:26', 250000, 0, 'Tunai'),
(94, 119, 1, '2017-08-04 17:26:01', 750000, 0, 'Tunai'),
(95, 114, 1, '2017-08-04 17:24:47', 500000, 0, 'Tunai'),
(96, 120, 1, '2017-08-04 17:58:11', 750000, 0, 'Tunai'),
(97, 121, 1, '2017-08-07 16:40:35', 530000, 0, 'Tunai'),
(98, 123, 1, '2017-08-07 16:39:43', 630000, 0, 'Tunai'),
(99, 124, 1, '2017-08-07 16:35:29', 120000, 0, 'Tunai'),
(100, 125, 1, '2017-08-07 16:59:40', 540000, 0, 'Tunai'),
(101, 122, 1, ' 17:11:50', 2280000, 0, ''),
(102, 126, 1, '2017-08-07 17:51:42', 40000, 0, 'Tunai'),
(103, 127, 1, '2017-08-07 17:50:13', 60000, 0, 'Tunai'),
(104, 128, 1, '2017-08-07 17:49:11', 300000, 0, 'Tunai'),
(105, 129, 1, '2017-08-08 13:16:38', 390000, 0, 'Card'),
(106, 130, 1, '2017-08-08 15:45:42', 860000, 0, 'Card'),
(107, 131, 1, '2017-08-08 17:00:54', 300000, 0, 'Tunai'),
(108, 132, 1, '2017-08-08 16:59:56', 850000, 0, 'Tunai'),
(109, 135, 1, '2017-08-08 16:58:54', 150000, 0, 'Tunai'),
(110, 134, 1, '2017-08-08 17:15:57', 600000, 0, 'Tunai'),
(111, 136, 1, '2017-08-08 17:23:58', 1000000, 0, 'Tunai'),
(112, 133, 1, '2017-08-08 17:55:28', 4590000, 0, 'Tunai'),
(113, 137, 1, '2017-08-08 18:13:16', 790000, 0, 'Tunai'),
(114, 138, 1, '2017-08-08 10:14:02', 400000, 0, 'Tunai'),
(115, 139, 1, '2017-08-09 16:49:46', 570000, 0, 'Tunai'),
(116, 140, 1, '2017-08-09 16:48:38', 440000, 0, 'Tunai'),
(117, 141, 1, '2017-08-09 17:12:19', 550000, 0, 'Tunai'),
(118, 142, 1, '2017-08-09 17:56:28', 1500000, 0, 'Tunai'),
(119, 143, 1, '2017-08-09 17:55:34', 300000, 0, 'Tunai'),
(120, 144, 1, '2017-08-10 11:02:40', 420000, 0, 'Tunai'),
(121, 145, 1, '2017-08-10 12:19:53', 350000, 0, 'Card'),
(122, 146, 1, '2017-08-10 16:09:50', 350000, 0, 'Tunai'),
(123, 147, 1, '2017-08-10 16:06:38', 290000, 0, 'Card'),
(124, 59, 1, '2017-08-10 17:52:21', 150000, 0, 'Tunai'),
(125, 148, 1, '2017-08-10 17:56:46', 1790000, 0, 'Tunai'),
(126, 160, 1, '2017-08-11 12:33:39', 400000, 0, 'Tunai'),
(127, 168, 1, '2017-08-11 08:56:59', 250000, 0, 'Tunai'),
(128, 169, 1, '2017-08-11 09:02:08', 500000, 0, 'Tunai'),
(129, 175, 1, '2017-08-14 17:17:54', 260000, 0, 'Tunai'),
(130, 171, 1, '2017-08-14 17:23:53', 210000, 0, 'Tunai'),
(131, 172, 1, '2017-08-14 17:30:25', 750000, 0, 'Tunai'),
(132, 173, 1, '2017-08-14 18:15:46', 380000, 0, 'Tunai'),
(133, 177, 1, '2017-08-14 18:21:13', 120000, 0, 'Tunai'),
(134, 176, 1, '2017-08-14 18:20:23', 390000, 0, 'Tunai'),
(135, 178, 1, '2017-08-14 18:42:39', 450000, 0, 'Tunai'),
(136, 179, 1, '2017-08-14 18:41:36', 1210000, 0, 'Tunai'),
(137, 174, 1, '2017-08-14 18:39:45', 300000, 0, 'Tunai'),
(138, 181, 1, '2017-08-14 18:46:11', 300000, 0, 'Tunai'),
(139, 150, 1, '2017-03-01 12:16:29', 500000, 0, 'Tunai'),
(140, 97, 1, '2017-03-01 12:46:41', 200000, 0, 'Tunai'),
(141, 98, 1, '2017-03-01 12:46:05', 400000, 0, 'Tunai'),
(142, 99, 1, '2017-03-01 12:23:20', 200000, 0, 'Tunai'),
(143, 152, 1, '2017-03-06 12:25:27', 500000, 0, 'Tunai'),
(144, 153, 1, '2017-03-06 12:27:05', 200000, 0, 'Tunai'),
(145, 154, 1, '2017-03-07 12:37:34', 125000, 0, 'Card'),
(146, 155, 1, '2017-03-08 12:38:42', 350000, 0, 'Tunai'),
(147, 156, 1, '2017-03-10 12:40:16', 125000, 0, 'Tunai'),
(148, 157, 1, '2017-03-10 12:41:41', 100000, 0, 'Tunai'),
(149, 9, 1, '2017-03-08 12:42:53', 400000, 0, 'Tunai'),
(150, 189, 1, '2017-08-15 16:27:55', 1900000, 0, 'Tunai'),
(151, 188, 1, '2017-08-15 16:30:25', 250000, 0, 'Tunai'),
(152, 190, 1, '2017-08-15 16:28:53', 3000000, 0, 'Tunai'),
(153, 191, 1, '2017-08-15 17:47:01', 1500000, 0, 'Tunai'),
(154, 192, 1, '2017-08-15 17:46:00', 250000, 0, 'Tunai'),
(155, 193, 1, '2017-08-15 17:44:46', 1550000, 0, 'Tunai'),
(156, 194, 1, '2017-08-15 17:54:32', 830000, 0, 'Tunai'),
(157, 197, 1, '2017-08-15 18:38:37', 100000, 0, 'Tunai'),
(158, 196, 1, '2017-08-15 18:37:34', 440000, 0, 'Tunai'),
(159, 199, 1, '2017-08-15 18:36:40', 750000, 0, 'Tunai'),
(160, 198, 1, '2017-08-15 18:35:34', 480000, 0, 'Tunai'),
(161, 200, 1, '2017-08-15 18:41:51', 520000, 0, 'Tunai'),
(162, 201, 1, '2017-08-16 16:48:51', 360000, 0, 'Tunai'),
(163, 202, 1, '2017-08-16 16:48:02', 1250000, 0, 'Tunai'),
(164, 205, 1, '2017-08-16 16:56:50', 450000, 0, 'Tunai'),
(165, 204, 1, '2017-09-03 11:01:57', 0, 0, 'Card'),
(166, 203, 1, '2017-08-16 17:09:19', 400000, 0, 'Tunai'),
(167, 207, 1, '2017-08-18 16:07:04', 340000, 0, 'Tunai'),
(168, 208, 1, '2017-08-18 16:18:43', 350000, 0, 'Tunai'),
(169, 209, 1, '2017-08-18 17:34:25', 270000, 0, 'Tunai'),
(170, 211, 1, '2017-08-18 17:33:30', 640000, 0, 'Tunai'),
(171, 210, 1, '2017-08-18 17:32:34', 500000, 0, 'Tunai'),
(172, 206, 1, '2017-08-18 17:31:42', 700000, 0, 'Tunai'),
(173, 215, 1, '2017-08-18 17:30:50', 840000, 0, 'Tunai'),
(174, 214, 1, '2017-08-18 17:28:04', 510000, 0, 'Tunai'),
(175, 212, 1, '2017-08-18 17:26:49', 260000, 0, 'Tunai'),
(176, 217, 1, '2017-08-18 17:43:58', 310000, 0, 'Tunai'),
(177, 213, 1, '2017-08-18 17:42:56', 150000, 0, 'Tunai'),
(178, 216, 1, ' 17:42:01', 1350000, 0, ''),
(179, 218, 1, '2017-08-18 18:08:43', 100000, 0, 'Tunai'),
(180, 219, 1, '2017-08-21 15:58:46', 320000, 0, 'Tunai'),
(181, 220, 1, '2017-08-21 16:26:05', 520000, 0, 'Tunai'),
(182, 222, 1, '2017-08-21 17:00:53', 700000, 0, 'Tunai'),
(183, 221, 1, '2017-08-21 16:59:14', 220000, 0, 'Tunai'),
(184, 223, 1, '2017-08-21 17:08:03', 220000, 0, 'Tunai'),
(185, 224, 1, '2017-08-21 17:31:36', 320000, 0, 'Tunai'),
(186, 225, 1, '2017-08-21 17:33:00', 100000, 0, 'Tunai'),
(187, 226, 1, '2017-08-28 17:11:35', 1710000, 0, 'Tunai'),
(188, 233, 1, '2017-08-22 17:25:21', 565000, 0, 'Tunai'),
(189, 234, 1, '2017-08-22 17:26:34', 1480000, 0, 'Tunai'),
(190, 238, 1, '2017-08-22 17:29:11', 250000, 0, 'Tunai'),
(191, 235, 1, '2017-08-22 17:30:17', 590000, 0, 'Tunai'),
(192, 236, 1, '2017-08-22 17:31:29', 1710000, 0, 'Tunai'),
(193, 237, 1, '2017-08-22 17:32:28', 370000, 0, 'Tunai'),
(194, 244, 1, '2017-08-23 17:14:29', 410000, 0, 'Tunai'),
(195, 243, 1, '2017-08-23 17:13:42', 800000, 0, 'Tunai'),
(196, 242, 1, '2017-08-23 17:12:47', 100000, 0, 'Tunai'),
(197, 241, 1, '2017-08-23 17:12:04', 670000, 0, 'Tunai'),
(198, 247, 1, '2017-08-30 10:14:33', 275000, 0, 'Tunai'),
(199, 250, 1, '2017-08-30 10:24:16', 390000, 0, 'Tunai'),
(200, 249, 1, '2017-08-30 10:20:45', 390000, 0, 'Tunai'),
(201, 248, 1, '2017-08-30 10:22:18', 200000, 0, 'Tunai'),
(202, 239, 1, '2017-08-23 17:17:16', 650000, 0, 'Tunai'),
(203, 254, 1, '2017-08-23 17:16:13', 100000, 0, 'Tunai'),
(204, 255, 1, '2017-08-23 17:15:19', 300000, 0, 'Tunai'),
(205, 261, 1, '2017-09-02 09:47:54', 900000, 0, 'Tunai'),
(206, 272, 1, '2017-09-04 17:39:02', 100000, 0, 'Tunai'),
(207, 273, 1, '2017-09-04 17:35:02', 650000, 0, 'Tunai'),
(208, 274, 1, '2017-09-04 17:45:39', 430000, 0, 'Tunai'),
(209, 275, 1, '2017-09-04 17:36:42', 220000, 0, 'Tunai'),
(210, 276, 1, '2017-09-04 17:44:04', 100000, 0, 'Tunai'),
(211, 277, 1, '2017-09-04 17:40:57', 700000, 0, 'Card'),
(212, 259, 1, '2017-09-04 17:44:54', 1000000, 0, 'Tunai'),
(213, 279, 1, '2017-09-04 17:53:48', 2200000, 0, 'Tunai'),
(214, 281, 1, '2017-09-04 17:59:15', 550000, 0, 'Tunai'),
(215, 282, 1, '2017-09-04 17:57:39', 1300000, 0, 'Tunai'),
(216, 258, 1, '2017-08-24 13:34:17', 1000000, 0, 'Tunai'),
(217, 264, 1, '2017-08-24 13:35:30', 250000, 0, 'Tunai'),
(218, 265, 1, '2017-08-24 13:37:47', 300000, 0, 'Tunai'),
(219, 283, 1, '2017-09-05 12:54:59', 400000, 0, 'Tunai'),
(220, 267, 1, '2017-08-24 13:32:47', 250000, 0, 'Tunai'),
(221, 268, 1, '2017-08-24 13:31:35', 250000, 0, 'Tunai'),
(222, 286, 1, '2017-08-28 13:10:20', 300000, 0, 'Tunai'),
(223, 287, 1, '2017-08-28 13:09:28', 300000, 0, 'Tunai'),
(224, 289, 1, '2017-08-29 13:07:24', 300000, 0, 'Tunai'),
(225, 290, 1, '2017-08-29 13:05:04', 750000, 0, 'Tunai'),
(226, 10, 1, '2017-04-01 13:41:01', 200000, 0, 'Tunai'),
(227, 288, 1, '2017-08-28 13:27:17', 3500000, 0, 'Tunai'),
(228, 285, 1, '2017-08-25 13:50:17', 1500000, 0, 'Tunai'),
(229, 11, 1, '2017-04-01 13:52:22', 350000, 0, 'Tunai'),
(230, 12, 1, '2017-04-03 13:55:23', 400000, 0, 'Tunai'),
(231, 284, 1, '2017-04-03 13:57:26', 200000, 0, 'Tunai'),
(232, 280, 1, '2017-04-03 14:07:58', 400000, 0, 'Tunai'),
(233, 271, 1, '2017-04-03 14:08:53', 350000, 0, 'Tunai'),
(234, 246, 1, '2017-09-05 17:15:30', 1800000, 0, 'Tunai'),
(235, 292, 1, '2017-09-05 17:13:06', 50000, 0, 'Card'),
(236, 293, 1, '2017-09-05 17:14:20', 300000, 0, 'Tunai'),
(237, 294, 1, '2017-09-05 17:24:36', 670000, 0, 'Tunai'),
(238, 295, 1, '2017-09-05 17:31:54', 1300000, 0, 'Tunai'),
(239, 296, 1, '2017-09-05 18:10:16', 940000, 0, 'Tunai'),
(240, 297, 1, '2017-09-05 18:14:13', 500000, 0, 'Tunai'),
(241, 298, 1, '2017-09-06 15:42:28', 750000, 0, 'Tunai'),
(242, 299, 1, '2017-09-06 15:39:38', 1000000, 0, 'Tunai'),
(243, 301, 1, '2017-09-07 14:22:58', 510000, 0, 'Tunai'),
(244, 300, 1, '2017-09-07 14:22:22', 290000, 0, 'Tunai'),
(245, 302, 1, '2017-09-06 15:49:43', 440000, 0, 'Card'),
(246, 303, 1, '2017-09-06 15:51:57', 700000, 0, 'Tunai'),
(247, 304, 1, ' 15:56:40', 1500000, 0, ''),
(248, 305, 1, '2017-09-06 16:06:48', 750000, 0, 'Tunai'),
(249, 306, 1, '2017-09-06 16:01:26', 260000, 0, 'Tunai'),
(250, 307, 1, '2017-09-07 16:29:57', 1000000, 0, 'Tunai'),
(251, 308, 1, '2017-09-07 16:34:18', 550000, 0, 'Tunai'),
(252, 309, 1, '2017-09-07 16:59:00', 690000, 0, 'Tunai'),
(253, 310, 1, '2017-09-07 17:21:12', 300000, 0, 'Tunai'),
(254, 311, 1, '2017-09-07 17:10:05', 430000, 0, 'Tunai'),
(255, 312, 1, '2017-09-07 17:35:21', 950000, 0, 'Tunai'),
(256, 313, 1, '2017-09-07 17:34:03', 2450000, 0, 'Tunai'),
(257, 315, 1, '2017-09-07 17:31:36', 200000, 0, 'Tunai'),
(258, 316, 1, '2017-09-07 17:32:58', 700000, 0, 'Tunai'),
(259, 13, 1, '2017-04-04 11:24:11', 125000, 0, 'Tunai'),
(260, 17, 1, '2017-04-04 11:29:41', 525000, 0, 'Tunai'),
(261, 66, 1, '2017-04-04 11:30:20', 200000, 0, 'Tunai'),
(262, 14, 1, '2017-04-13 12:07:16', 200000, 0, 'Tunai'),
(263, 15, 1, '2017-04-10 11:57:11', 125000, 0, 'Tunai'),
(264, 85, 1, '2017-04-13 15:22:11', 400000, 0, 'Tunai'),
(265, 90, 1, '2017-04-13 15:20:58', 400000, 0, 'Tunai'),
(266, 318, 1, '2017-09-08 16:30:24', 800000, 0, 'Tunai'),
(267, 317, 1, '2017-09-08 16:31:56', 400000, 0, 'Tunai'),
(268, 319, 1, '2017-09-08 16:43:17', 1000000, 0, 'Tunai'),
(269, 320, 1, '2017-09-08 17:48:23', 2350000, 0, 'Tunai'),
(270, 321, 1, '2017-09-11 16:16:40', 250000, 0, 'Tunai'),
(271, 322, 1, '2017-09-11 16:38:11', 1000000, 0, 'Tunai'),
(272, 323, 1, '2017-09-11 16:54:05', 530000, 0, 'Tunai'),
(273, 38, 1, '2017-09-11 17:27:29', 650000, 0, 'Tunai'),
(274, 325, 1, '2017-09-11 17:25:51', 250000, 0, 'Tunai'),
(275, 326, 1, '2017-09-11 17:32:44', 290000, 0, 'Tunai'),
(276, 327, 1, '2017-09-12 17:09:20', 440000, 0, 'Tunai'),
(277, 328, 1, '2017-09-12 17:50:30', 230000, 0, 'Tunai'),
(278, 329, 1, '2017-09-12 17:53:19', 50000, 0, 'Tunai'),
(279, 330, 1, '2017-09-12 18:04:23', 1000000, 0, 'Tunai'),
(280, 331, 1, '2017-09-13 16:34:19', 150000, 0, 'Tunai'),
(281, 332, 1, ' 16:36:02', 1840000, 0, ''),
(282, 333, 1, '2017-09-13 17:19:24', 740000, 0, 'Tunai'),
(283, 334, 1, '2017-09-13 17:17:55', 210000, 0, 'Tunai'),
(284, 335, 1, '2017-09-13 17:46:23', 1500000, 0, 'Tunai'),
(285, 338, 1, '2017-09-13 17:57:45', 80000, 0, 'Tunai'),
(286, 336, 1, '2017-09-13 17:56:52', 210000, 0, 'Tunai'),
(287, 339, 1, '2017-09-13 18:25:16', 200000, 0, 'Tunai'),
(288, 337, 1, '2017-09-13 18:24:21', 300000, 0, 'Tunai'),
(289, 340, 1, '2017-09-14 16:16:08', 1000000, 0, 'Tunai'),
(290, 341, 1, '2017-09-14 17:33:00', 690000, 0, 'Tunai'),
(291, 342, 1, '2017-09-14 17:37:18', 550000, 0, 'Tunai'),
(292, 343, 1, '2017-09-14 17:41:43', 440000, 0, 'Tunai'),
(293, 345, 1, '2017-09-14 18:03:18', 630000, 0, 'Tunai'),
(294, 346, 1, '2017-09-14 18:02:27', 930000, 0, 'Tunai'),
(295, 344, 1, '2017-09-14 17:51:12', 200000, 0, 'Tunai'),
(296, 349, 1, '2017-09-15 16:33:24', 120000, 0, 'Tunai'),
(297, 348, 1, '2017-09-15 17:48:21', 2050000, 0, 'Tunai'),
(298, 350, 1, '2017-09-15 17:47:04', 900000, 0, 'Tunai'),
(299, 352, 1, '2017-09-15 17:45:58', 650000, 0, 'Tunai'),
(300, 353, 1, '2017-09-15 17:41:18', 100000, 0, 'Tunai'),
(301, 351, 1, '2017-09-15 17:52:30', 2180000, 0, 'Tunai'),
(302, 354, 1, '2017-09-18 16:00:47', 150000, 0, 'Tunai'),
(303, 355, 1, '2017-09-18 15:59:56', 400000, 0, 'Tunai'),
(304, 356, 1, '2017-09-18 15:58:55', 100000, 0, 'Tunai'),
(305, 358, 1, '2017-09-18 16:09:24', 80000, 0, 'Tunai'),
(306, 357, 1, '2017-09-18 17:36:20', 550000, 0, 'Tunai'),
(307, 363, 1, '2017-09-18 17:50:43', 360000, 0, 'Tunai'),
(308, 314, 1, '2017-09-18 17:49:14', 1650000, 0, 'Tunai'),
(309, 361, 1, '2017-09-18 17:48:32', 440000, 0, 'Tunai'),
(310, 360, 1, '2017-09-18 17:46:52', 740000, 0, 'Tunai'),
(311, 359, 1, '2017-09-18 17:46:08', 650000, 0, 'Tunai'),
(312, 364, 1, '2017-09-18 18:21:57', 2780000, 0, 'Tunai'),
(313, 365, 1, '2017-09-18 18:20:42', 150000, 0, 'Tunai'),
(314, 366, 1, '2017-09-18 18:20:04', 550000, 0, 'Tunai'),
(315, 367, 1, '2017-09-18 18:18:50', 460000, 0, 'Tunai'),
(316, 368, 1, '2017-09-18 18:18:11', 140000, 0, 'Tunai'),
(317, 369, 1, '2017-09-18 18:17:14', 300000, 0, 'Tunai'),
(318, 370, 1, '2017-09-18 18:16:11', 150000, 0, 'Tunai'),
(319, 371, 1, '2017-09-18 18:14:06', 230000, 0, 'Tunai'),
(320, 372, 1, '2017-09-18 18:15:14', 150000, 0, 'Tunai'),
(321, 375, 1, '2017-09-19 16:32:04', 420000, 0, 'Tunai'),
(322, 373, 1, '2017-09-19 16:41:35', 360000, 0, 'Tunai'),
(323, 376, 1, '2017-09-19 16:45:25', 1250000, 0, 'Tunai'),
(324, 377, 1, '2017-09-19 17:12:00', 210000, 0, 'Tunai'),
(325, 184, 1, '2017-09-19 17:11:15', 2150000, 0, 'Tunai'),
(326, 378, 1, '2017-09-19 17:33:54', 80000, 0, 'Tunai'),
(327, 374, 1, '2017-09-19 17:36:40', 1280000, 0, 'Tunai'),
(328, 380, 1, '2017-09-20 16:18:03', 1220000, 0, 'Tunai'),
(329, 383, 1, '2017-09-20 16:41:11', 300000, 0, 'Tunai'),
(330, 382, 1, '2017-09-20 16:40:25', 590000, 0, 'Tunai'),
(331, 381, 1, '2017-09-20 16:39:40', 1000000, 0, 'Tunai'),
(332, 384, 1, '2017-09-20 17:27:39', 100000, 0, 'Tunai'),
(333, 16, 1, '2017-04-13 09:51:32', 800000, 0, 'Tunai'),
(334, 82, 1, '2017-04-17 14:44:34', 200000, 0, 'Tunai'),
(335, 92, 1, '2017-04-17 15:20:17', 200000, 0, 'Tunai'),
(336, 96, 1, '2017-04-17 14:34:32', 400000, 0, 'Tunai'),
(337, 115, 1, '2017-04-17 13:01:54', 125000, 0, 'Tunai'),
(338, 151, 1, '2017-04-17 12:47:39', 200000, 0, 'Tunai'),
(339, 385, 1, '2017-09-22 13:33:21', 530000, 0, 'Tunai'),
(340, 158, 1, '2017-04-18 15:19:04', 200000, 0, 'Tunai'),
(341, 159, 1, '2017-04-19 15:18:14', 525000, 0, 'Tunai'),
(342, 161, 1, '2017-04-19 15:17:17', 200000, 0, 'Tunai'),
(343, 163, 1, '2017-04-20 15:16:25', 125000, 0, 'Tunai'),
(344, 164, 1, '2017-04-21 15:15:00', 500000, 0, 'Tunai'),
(345, 165, 1, '2017-04-22 15:13:46', 400000, 0, 'Tunai'),
(346, 166, 1, '2017-04-25 15:12:54', 250000, 0, 'Tunai'),
(347, 167, 1, '2017-04-25 15:11:56', 125000, 0, 'Tunai'),
(348, 195, 1, '2017-04-25 15:11:01', 200000, 0, 'Tunai'),
(349, 227, 1, '2017-04-25 15:10:03', 125000, 0, 'Tunai'),
(350, 228, 1, '2017-04-25 15:08:35', 400000, 0, 'Card'),
(351, 229, 1, '2017-04-25 15:07:58', 400000, 0, 'Tunai'),
(352, 230, 1, '2017-04-25 15:06:57', 400000, 0, 'Tunai'),
(353, 231, 1, '2017-04-25 15:06:19', 200000, 0, 'Tunai'),
(354, 387, 1, '2017-09-22 16:29:32', 210000, 0, 'Tunai'),
(355, 386, 1, '2017-09-22 16:14:00', 1510000, 0, 'Tunai'),
(356, 389, 1, '2017-09-22 16:15:37', 100000, 0, 'Tunai'),
(357, 388, 1, '2017-09-22 16:22:01', 450000, 0, 'Tunai'),
(358, 391, 1, '2017-09-22 16:28:50', 400000, 0, 'Tunai'),
(359, 399, 1, ' 17:46:44', 150000, 0, ''),
(360, 397, 1, '2017-09-22 17:47:21', 210000, 0, 'Tunai'),
(361, 398, 1, '2017-09-22 17:49:19', 830000, 0, 'Tunai'),
(362, 394, 1, '2017-09-22 17:50:20', 300000, 0, 'Tunai'),
(363, 390, 1, '2017-09-22 18:15:22', 500000, 0, 'Tunai'),
(364, 396, 1, '2017-09-22 18:45:58', 1830000, 0, 'Tunai'),
(365, 393, 1, ' 18:46:02', 2250000, 0, ''),
(366, 392, 1, '2017-09-22 18:43:56', 1500000, 0, 'Tunai'),
(367, 400, 1, '2017-09-25 10:34:42', 500000, 0, 'Tunai'),
(368, 401, 1, '2017-09-25 10:33:45', 400000, 0, 'Card'),
(369, 408, 1, '2017-09-25 16:12:20', 590000, 0, 'Tunai'),
(370, 409, 1, '2017-09-25 16:31:15', 1000000, 0, 'Tunai'),
(371, 410, 1, '2017-09-25 17:19:43', 150000, 0, 'Tunai'),
(372, 411, 1, '2017-09-25 17:47:13', 690000, 0, 'Tunai'),
(373, 418, 1, '2017-09-26 11:05:56', 200000, 0, 'Tunai'),
(374, 420, 1, '2017-09-27 11:29:57', 500000, 0, 'Tunai'),
(375, 419, 1, '2017-09-27 11:31:22', 430000, 0, 'Tunai'),
(376, 413, 1, '2017-09-26 11:47:03', 1000000, 0, 'Tunai'),
(377, 415, 1, '2017-09-26 11:44:25', 250000, 0, 'Tunai'),
(378, 414, 1, '2017-09-26 11:40:06', 300000, 0, 'Tunai'),
(379, 421, 1, '2017-09-27 16:58:35', 1140000, 0, 'Tunai'),
(380, 423, 1, '2017-09-27 16:57:32', 600000, 0, 'Tunai'),
(381, 422, 1, '2017-09-27 17:08:24', 1090000, 0, 'Tunai'),
(382, 424, 1, '2017-09-27 17:40:02', 410000, 0, 'Tunai'),
(383, 425, 1, '2017-09-27 09:58:44', 640000, 0, 'Tunai'),
(384, 426, 1, '2017-09-27 10:01:55', 840000, 0, 'Tunai'),
(385, 427, 1, '2017-09-28 16:27:14', 700000, 0, 'Tunai'),
(386, 428, 1, '2017-09-28 16:32:38', 150000, 0, 'Tunai'),
(387, 429, 1, '2017-09-28 16:45:54', 100000, 0, 'Tunai'),
(388, 430, 1, '2017-09-28 16:50:48', 300000, 0, 'Tunai'),
(389, 431, 1, '2017-09-28 17:06:18', 290000, 0, 'Tunai'),
(390, 432, 1, '2017-09-29 12:51:39', 1400000, 0, 'Tunai'),
(391, 434, 1, '2017-09-29 16:09:15', 210000, 0, 'Tunai'),
(392, 435, 1, '2017-09-29 16:16:55', 250000, 0, 'Tunai'),
(393, 436, 1, '2017-09-29 16:16:08', 300000, 0, 'Tunai'),
(394, 437, 1, '2017-09-29 16:38:56', 60000, 0, 'Tunai'),
(395, 438, 1, '2017-09-29 16:49:53', 125000, 0, 'Tunai'),
(396, 440, 1, '2017-09-29 16:59:13', 60000, 0, 'Tunai'),
(397, 439, 1, '2017-09-29 17:00:04', 400000, 0, 'Tunai'),
(398, 441, 1, '2017-09-29 17:24:51', 250000, 0, 'Tunai'),
(399, 442, 1, '2017-10-02 14:52:24', 1150000, 0, 'Tunai'),
(400, 444, 1, '2017-10-02 17:27:17', 200000, 0, 'Tunai'),
(401, 443, 1, '2017-10-02 17:26:19', 800000, 0, 'Tunai'),
(402, 445, 1, '2017-10-02 17:18:06', 250000, 0, 'Tunai'),
(403, 446, 1, '2017-10-02 17:15:38', 1400000, 0, 'Tunai'),
(404, 447, 1, '2017-10-02 17:23:54', 1950000, 0, 'Tunai'),
(405, 448, 1, '2017-10-02 17:22:23', 150000, 0, 'Tunai'),
(406, 449, 1, '2017-10-03 17:08:33', 80000, 0, 'Tunai'),
(407, 269, 1, '2017-10-04 17:56:34', 150000, 0, 'Tunai'),
(408, 256, 1, '2017-10-04 16:00:36', 800000, 0, 'Tunai'),
(409, 453, 1, '2017-10-04 16:07:09', 1400000, 0, 'Tunai'),
(410, 454, 1, '2017-10-04 17:57:15', 1250000, 0, 'Tunai'),
(411, 452, 1, '2017-10-04 18:24:38', 1140000, 0, 'Tunai'),
(412, 455, 1, '2017-10-04 18:23:23', 540000, 0, 'Tunai'),
(413, 457, 1, '2017-10-04 18:22:30', 140000, 0, 'Tunai'),
(414, 459, 1, ' 18:20:37', 1855000, 0, ''),
(415, 458, 1, '2017-10-04 18:18:31', 800000, 0, 'Tunai'),
(416, 460, 1, '2017-10-04 18:16:40', 230000, 0, 'Tunai'),
(417, 456, 1, '2017-10-04 18:21:18', 300000, 0, 'Tunai'),
(418, 462, 1, '2017-10-04 18:31:59', 1000000, 0, 'Tunai'),
(419, 463, 1, '2017-10-04 18:35:38', 690000, 0, 'Tunai'),
(420, 467, 1, '2017-10-05 16:36:11', 220000, 0, 'Tunai'),
(421, 466, 1, '2017-10-05 16:36:41', 1200000, 0, 'Tunai'),
(422, 468, 1, '2017-10-05 17:10:02', 1900000, 0, 'Tunai'),
(423, 469, 1, '2017-10-05 17:32:54', 300000, 0, 'Tunai'),
(424, 461, 1, '2017-10-04 17:34:19', 300000, 0, 'Tunai'),
(425, 470, 1, '2017-10-05 17:57:02', 150000, 0, 'Tunai'),
(426, 472, 1, '2017-10-06 11:41:57', 150000, 0, 'Tunai'),
(427, 471, 1, '2017-10-06 11:41:09', 360000, 0, 'Tunai'),
(428, 473, 1, '2017-10-06 16:58:41', 180000, 0, 'Tunai'),
(429, 478, 1, '2017-10-06 16:57:47', 150000, 0, 'Tunai'),
(430, 477, 1, '2017-10-06 16:56:27', 1130000, 0, 'Tunai'),
(431, 480, 1, '2017-10-06 17:48:12', 250000, 0, 'Tunai'),
(432, 481, 1, '2017-10-07 15:14:48', 1625000, 0, 'Tunai'),
(433, 488, 1, '2017-10-07 15:30:46', 330000, 0, 'Tunai'),
(434, 487, 1, ' 15:33:52', 290000, 0, ''),
(435, 485, 1, '2017-10-07 15:28:16', 150000, 0, 'Tunai'),
(436, 484, 1, '2017-10-07 15:27:33', 1200000, 0, 'Tunai'),
(437, 483, 1, '2017-10-07 15:25:00', 1340000, 0, 'Tunai'),
(438, 482, 1, '2017-10-07 15:19:46', 500000, 0, 'Tunai'),
(439, 486, 1, '2017-10-07 15:23:55', 1200000, 0, 'Tunai'),
(440, 240, 1, '2017-10-07 15:23:03', 1000000, 0, 'Tunai'),
(441, 251, 1, '2017-10-07 15:34:22', 200000, 0, 'Tunai'),
(442, 489, 1, '2017-10-07 15:39:26', 290000, 0, 'Tunai'),
(443, 490, 1, '2017-10-09 13:34:23', 150000, 0, 'Tunai'),
(444, 491, 1, '2017-10-09 13:33:07', 600000, 0, 'Tunai'),
(445, 492, 1, '2017-10-09 13:32:35', 580000, 0, 'Tunai'),
(446, 245, 1, '2017-10-09 13:31:38', 530000, 0, 'Tunai'),
(447, 232, 1, '2017-10-09 13:31:10', 630000, 0, 'Tunai'),
(448, 493, 1, '2017-10-09 15:39:04', 80000, 0, 'Tunai'),
(449, 494, 1, '2017-10-09 16:53:29', 1400000, 0, 'Tunai'),
(450, 497, 1, '2017-10-09 16:58:00', 150000, 0, 'Tunai'),
(451, 498, 1, '2017-10-09 16:57:09', 440000, 0, 'Tunai'),
(452, 499, 1, '2017-10-09 16:54:30', 290000, 0, 'Tunai'),
(453, 500, 1, '2017-10-09 17:11:26', 610000, 0, 'Tunai'),
(454, 496, 1, '2017-10-09 17:09:19', 500000, 0, 'Tunai'),
(455, 495, 1, '2017-10-09 17:07:51', 450000, 0, 'Tunai'),
(456, 260, 1, '2017-10-09 17:14:47', 60000, 0, 'Tunai'),
(457, 501, 1, '2017-10-09 17:17:35', 850000, 0, 'Tunai'),
(458, 503, 1, '2017-10-09 18:25:41', 500000, 0, 'Tunai'),
(459, 504, 1, '2017-10-09 18:24:52', 1210000, 0, 'Tunai'),
(460, 506, 1, '2017-10-09 18:29:11', 790000, 0, 'Tunai'),
(461, 505, 1, ' 18:36:35', 380000, 0, ''),
(462, 507, 1, '2017-10-09 18:36:56', 430000, 0, 'Tunai'),
(463, 510, 1, '2017-10-10 13:18:18', 1200000, 0, 'Tunai'),
(464, 511, 1, '2017-10-10 13:21:19', 450000, 0, 'Tunai'),
(465, 512, 1, '2017-10-10 16:21:50', 1200000, 0, 'Tunai'),
(466, 513, 1, '2017-10-10 16:19:10', 790000, 0, 'Tunai'),
(467, 514, 1, '2017-10-10 17:45:45', 1180000, 0, 'Tunai'),
(468, 515, 1, '2017-10-10 17:51:19', 100000, 0, 'Tunai'),
(469, 516, 1, '2017-10-10 17:50:04', 250000, 0, 'Tunai'),
(470, 517, 1, '2017-10-11 16:31:56', 380000, 0, 'Tunai'),
(471, 518, 1, '2017-10-11 16:41:55', 1200000, 0, 'Tunai'),
(472, 519, 1, '2017-10-11 16:41:00', 1940000, 0, 'Tunai'),
(473, 522, 1, '2017-10-11 17:41:59', 1200000, 0, 'Tunai'),
(474, 524, 1, '2017-10-11 17:40:51', 150000, 0, 'Tunai'),
(475, 525, 1, '2017-10-11 17:39:33', 290000, 0, 'Tunai'),
(476, 521, 1, '2017-10-11 17:49:12', 850000, 0, 'Tunai'),
(477, 520, 1, '2017-10-11 17:47:28', 850000, 0, 'Tunai'),
(478, 523, 1, '2017-10-11 17:56:03', 760000, 0, 'Tunai'),
(479, 526, 1, '2017-10-12 11:24:10', 290000, 0, 'Tunai'),
(480, 527, 1, '2017-10-12 14:44:11', 240000, 0, 'Tunai'),
(481, 528, 1, '2017-10-12 16:26:41', 480000, 0, 'Tunai'),
(482, 529, 1, '2017-10-12 16:53:26', 740000, 0, 'Tunai'),
(483, 530, 1, '2017-10-12 16:52:22', 200000, 0, 'Tunai'),
(484, 406, 1, '2017-10-12 16:50:57', 280000, 0, 'Tunai'),
(485, 531, 1, '2017-10-12 17:32:53', 460000, 0, 'Tunai'),
(486, 532, 1, '2017-10-12 17:29:55', 210000, 0, 'Tunai'),
(487, 533, 1, '2017-10-12 17:50:06', 3450000, 0, 'Tunai'),
(488, 534, 1, '2017-10-12 16:21:59', 270000, 0, 'Tunai'),
(489, 535, 1, '2017-10-11 16:29:51', 80000, 0, 'Tunai'),
(490, 537, 1, '2017-10-13 17:12:02', 250000, 0, 'Tunai'),
(491, 539, 1, '2017-10-13 17:11:12', 290000, 0, 'Tunai'),
(492, 538, 1, '2017-10-13 17:01:51', 250000, 0, 'Tunai'),
(493, 542, 1, '2017-10-13 17:10:27', 1400000, 0, 'Tunai'),
(494, 541, 1, '2017-10-13 17:08:54', 290000, 0, 'Tunai'),
(495, 540, 1, '2017-10-13 17:04:47', 150000, 0, 'Tunai'),
(496, 450, 1, '2017-10-13 17:25:47', 150000, 0, 'Tunai'),
(497, 544, 1, '2017-10-13 17:24:55', 1090000, 0, 'Tunai'),
(498, 475, 1, '2017-10-16 16:35:52', 650000, 0, 'Tunai'),
(499, 547, 1, '2017-10-16 16:38:23', 680000, 0, 'Tunai'),
(500, 548, 1, '2017-10-16 16:39:09', 750000, 0, 'Tunai'),
(501, 549, 1, '2017-10-16 16:39:59', 150000, 0, 'Tunai'),
(502, 550, 1, '2017-10-16 16:47:18', 150000, 0, 'Tunai'),
(503, 551, 1, '2017-10-16 16:50:17', 150000, 0, 'Tunai'),
(504, 552, 1, '2017-10-16 17:14:19', 460000, 0, 'Tunai'),
(505, 554, 1, '2017-10-16 17:39:08', 610000, 0, 'Tunai'),
(506, 556, 1, '2017-10-16 17:43:10', 210000, 0, 'Tunai'),
(507, 555, 1, '2017-10-16 17:43:54', 2600000, 0, 'Tunai'),
(508, 557, 1, '2017-10-17 16:50:05', 320000, 0, 'Tunai'),
(509, 558, 1, '2017-10-17 16:50:56', 250000, 0, 'Tunai'),
(510, 559, 1, '2017-10-17 16:51:53', 120000, 0, 'Tunai'),
(511, 561, 1, '2017-10-17 16:52:40', 100000, 0, 'Tunai'),
(512, 562, 1, '2017-10-17 16:53:25', 150000, 0, 'Tunai'),
(513, 563, 1, '2017-10-17 16:57:14', 1600000, 0, 'Tunai'),
(514, 564, 1, '2017-10-17 17:02:01', 300000, 0, 'Tunai'),
(515, 560, 1, '2017-10-17 17:04:51', 650000, 0, 'Tunai'),
(516, 565, 1, '2017-10-18 16:20:17', 290000, 0, 'Tunai'),
(517, 566, 1, '2017-10-18 16:22:04', 800000, 0, 'Tunai'),
(518, 567, 1, '2017-10-18 16:45:29', 2150000, 0, 'Tunai'),
(519, 568, 1, '2017-10-18 17:56:39', 200000, 0, 'Tunai'),
(520, 569, 1, '2017-10-18 17:57:52', 280000, 0, 'Tunai'),
(521, 570, 1, '2017-10-18 17:58:33', 800000, 0, 'Tunai'),
(522, 571, 1, '2017-10-17 10:35:40', 1690000, 0, 'Tunai'),
(523, 572, 1, '2017-10-17 10:36:15', 380000, 0, 'Tunai'),
(524, 257, 1, '2017-05-02 16:53:38', 250000, 0, 'Tunai'),
(525, 266, 1, '2017-05-19 16:42:52', 525000, 0, 'Tunai'),
(526, 270, 1, '2017-05-02 16:54:24', 400000, 0, 'Tunai'),
(527, 347, 1, '2017-05-02 16:55:18', 400000, 0, 'Tunai'),
(528, 402, 1, '2017-05-04 16:56:18', 250000, 0, 'Tunai'),
(529, 403, 1, '2017-05-06 16:59:46', 400000, 0, 'Tunai'),
(530, 404, 1, '2017-05-06 17:01:52', 200000, 0, 'Tunai'),
(531, 405, 1, '2017-05-06 17:02:57', 125000, 0, 'Tunai'),
(532, 407, 1, '2017-05-06 17:03:57', 1250000, 0, 'Tunai'),
(533, 412, 1, '2017-05-06 16:50:39', 525000, 0, 'Tunai'),
(534, 416, 1, '2017-05-06 16:48:56', 750000, 0, 'Tunai'),
(535, 417, 1, '2017-05-08 16:47:59', 200000, 0, 'Tunai'),
(536, 433, 1, '2017-05-09 16:43:54', 200000, 0, 'Tunai'),
(537, 464, 1, '2017-05-12 16:25:00', 100000, 0, 'Tunai'),
(538, 465, 1, '2017-05-12 16:26:23', 100000, 0, 'Tunai'),
(539, 474, 1, '2017-05-12 16:28:29', 450000, 0, 'Tunai'),
(540, 476, 1, '2017-05-12 16:32:03', 750000, 0, 'Tunai'),
(541, 508, 1, '2017-05-12 16:33:32', 200000, 0, 'Tunai'),
(542, 509, 1, '2017-05-15 16:35:17', 125000, 0, 'Tunai'),
(543, 545, 1, '2017-05-16 16:38:06', 400000, 0, 'Tunai'),
(544, 546, 1, '2017-05-17 16:39:59', 200000, 0, 'Tunai'),
(545, 553, 1, '2017-05-17 16:41:46', 200000, 0, 'Tunai'),
(546, 573, 1, '2017-10-19 13:48:00', 400000, 0, 'Tunai'),
(547, 574, 1, '2017-10-19 14:02:40', 200000, 0, 'Tunai'),
(548, 575, 1, '2017-10-19 14:01:25', 1250000, 0, 'Tunai'),
(549, 576, 1, '2017-10-19 16:22:20', 400000, 0, 'Tunai'),
(550, 577, 1, '2017-10-19 17:37:10', 300000, 0, 'Tunai'),
(551, 579, 1, '2017-10-20 14:43:52', 400000, 0, 'Tunai'),
(552, 580, 1, '2017-10-20 14:42:08', 210000, 0, 'Tunai'),
(553, 581, 1, '2017-10-20 14:41:11', 450000, 0, 'Card'),
(554, 584, 1, '2017-10-20 16:51:00', 380000, 0, 'Tunai'),
(555, 582, 1, '2017-10-20 17:35:48', 500000, 0, 'Tunai'),
(556, 583, 1, '2017-10-20 18:08:45', 380000, 0, 'Tunai'),
(557, 588, 1, '2017-10-20 18:07:42', 100000, 0, 'Tunai'),
(558, 587, 1, '2017-10-20 18:06:31', 4680000, 0, 'Tunai'),
(559, 585, 1, '2017-10-20 18:05:42', 1660000, 0, 'Tunai'),
(560, 591, 1, '2017-10-21 12:07:42', 1000000, 0, 'Tunai'),
(561, 593, 1, '2017-10-21 12:06:52', 1325000, 0, 'Tunai'),
(562, 595, 1, '2017-10-21 12:05:42', 210000, 0, 'Tunai'),
(563, 596, 1, '2017-10-21 12:03:17', 450000, 0, 'Tunai'),
(564, 594, 1, '2017-10-21 12:02:06', 4100000, 0, 'Tunai'),
(565, 597, 1, ' 11:58:22', 80000, 0, ''),
(566, 598, 1, '2017-10-21 11:54:32', 80000, 0, 'Tunai'),
(567, 599, 1, ' 11:55:48', 380000, 0, ''),
(568, 600, 1, '2017-10-21 11:50:17', 950000, 0, 'Card'),
(569, 602, 1, ' 11:48:16', 530000, 0, ''),
(570, 601, 1, ' 11:49:50', 450000, 0, ''),
(571, 603, 1, '2017-10-21 11:44:29', 210000, 0, 'Tunai'),
(572, 604, 1, '2017-10-21 11:43:47', 690000, 0, 'Card'),
(573, 589, 1, '2017-10-23 11:42:14', 550000, 0, 'Tunai'),
(574, 605, 1, '2017-10-21 11:43:13', 230000, 0, 'Tunai'),
(575, 606, 1, '2017-10-21 11:59:02', 450000, 0, 'Tunai'),
(576, 607, 1, '2017-10-21 12:01:14', 530000, 0, 'Tunai'),
(577, 608, 1, '2017-10-21 12:17:46', 450000, 0, 'Tunai'),
(578, 609, 1, '2017-10-21 12:16:10', 380000, 0, 'Tunai'),
(579, 612, 1, '2017-10-23 16:57:37', 220000, 0, 'Tunai'),
(580, 592, 1, '2017-10-23 17:00:25', 290000, 0, 'Tunai'),
(581, 610, 1, '2017-10-23 14:10:25', 1230000, 0, 'Card'),
(582, 611, 1, ' 14:11:21', 430000, 0, ''),
(583, 615, 1, '2017-10-24 12:56:46', 300000, 0, 'Tunai'),
(584, 613, 1, '2017-10-24 12:55:43', 120000, 0, 'Tunai'),
(585, 614, 1, '2017-10-24 12:59:11', 600000, 0, 'Card'),
(586, 616, 1, '2017-05-26 17:25:40', 350000, 0, 'Tunai'),
(587, 617, 1, '2017-05-26 17:33:24', 125000, 0, 'Tunai'),
(588, 618, 1, '2017-05-26 17:31:45', 350000, 0, 'Tunai'),
(589, 619, 1, '2017-05-26 17:30:21', 200000, 0, 'Tunai'),
(590, 620, 1, '2017-05-26 17:29:04', 400000, 0, 'Tunai'),
(591, 621, 1, '2017-05-26 17:27:42', 800000, 0, 'Tunai'),
(592, 623, 1, '2017-10-24 17:26:31', 400000, 0, 'Tunai'),
(593, 627, 1, '2017-10-24 17:23:52', 800000, 0, 'Tunai'),
(594, 625, 1, '2017-10-24 17:22:56', 800000, 0, 'Tunai'),
(595, 626, 1, '2017-10-24 17:22:05', 790000, 0, 'Tunai'),
(596, 628, 1, '2017-10-24 17:50:34', 540000, 0, 'Tunai'),
(597, 586, 1, '2017-06-09 13:57:51', 125000, 0, 'Card'),
(598, 629, 1, '2017-06-10 13:57:19', 400000, 0, 'Card'),
(599, 590, 1, '2017-06-10 13:56:48', 400000, 0, 'Card'),
(600, 631, 1, '2017-06-14 13:56:14', 300000, 0, 'Card'),
(601, 632, 1, '2017-06-14 13:54:52', 200000, 0, 'Card'),
(602, 633, 1, '2017-06-15 13:54:21', 250000, 0, 'Card'),
(603, 634, 1, '2017-06-15 13:53:48', 200000, 0, 'Card'),
(604, 635, 1, '2017-06-16 13:53:15', 300000, 0, 'Card'),
(605, 622, 1, '2017-06-16 13:52:40', 125000, 0, 'Card'),
(606, 636, 1, '2017-06-16 13:52:01', 200000, 0, 'Card'),
(607, 637, 1, '2017-06-16 13:50:26', 800000, 0, 'Card'),
(608, 638, 1, '2017-06-16 13:49:35', 200000, 0, 'Card'),
(609, 640, 1, '2017-06-17 13:49:01', 400000, 0, 'Card'),
(610, 624, 1, '2017-06-17 13:48:26', 400000, 0, 'Card'),
(611, 642, 1, '2017-06-17 13:47:51', 300000, 0, 'Card'),
(612, 643, 1, '2017-06-21 13:47:14', 300000, 0, 'Card'),
(613, 644, 1, '2017-06-21 13:46:35', 400000, 0, 'Card'),
(614, 645, 1, '2017-06-23 13:44:59', 200000, 0, 'Card'),
(615, 646, 1, '2017-06-23 13:44:24', 300000, 0, 'Card'),
(616, 647, 1, '2017-06-23 13:43:54', 300000, 0, 'Card'),
(617, 648, 1, '2017-06-28 13:43:14', 200000, 0, 'Card'),
(618, 649, 1, '2017-06-28 13:42:42', 500000, 0, 'Card'),
(619, 650, 1, '2017-06-28 13:09:08', 200000, 0, 'Card'),
(620, 651, 1, '2017-06-28 12:46:51', 200000, 0, 'Card'),
(621, 652, 1, '2017-06-28 12:46:16', 200000, 0, 'Card'),
(622, 653, 1, '2017-06-28 12:44:40', 200000, 0, 'Card'),
(623, 663, 1, '2017-06-28 12:41:36', 250000, 0, 'Card'),
(624, 654, 1, '2017-06-28 12:36:25', 1250000, 0, 'Card'),
(625, 655, 1, '2017-06-29 12:35:21', 200000, 0, 'Card'),
(626, 656, 1, '2017-06-29 12:34:50', 750000, 0, 'Card'),
(627, 657, 1, '2017-06-29 12:31:38', 500000, 0, 'Card'),
(628, 658, 1, '2017-06-29 12:28:23', 950000, 0, 'Card'),
(629, 659, 1, '2017-06-29 12:27:16', 200000, 0, 'Card'),
(630, 660, 1, '2017-06-29 12:24:08', 300000, 0, 'Card'),
(631, 639, 1, '2017-06-29 12:21:52', 1250000, 0, 'Card'),
(632, 662, 1, '2017-06-30 12:19:49', 200000, 0, 'Tunai'),
(633, 664, 1, '2017-06-30 10:59:09', 325000, 0, 'Tunai'),
(634, 661, 1, '2017-06-30 17:43:53', 325000, 0, 'Tunai'),
(635, 665, 1, '2017-06-30 17:43:04', 750000, 0, 'Tunai'),
(636, 666, 1, '2017-10-25 17:41:36', 750000, 0, 'Tunai'),
(637, 667, 1, '2017-06-30 16:57:19', 200000, 0, 'Tunai'),
(638, 668, 1, '2017-06-30 16:55:50', 200000, 0, 'Tunai'),
(639, 669, 1, '2017-06-30 16:54:32', 125000, 0, 'Tunai'),
(640, 670, 1, '2017-06-30 16:53:00', 125000, 0, 'Tunai'),
(641, 671, 1, '2017-10-25 16:16:06', 620000, 0, 'Tunai'),
(642, 672, 1, '2017-10-25 16:47:15', 125000, 0, 'Tunai'),
(643, 673, 1, '2017-10-25 17:40:34', 100000, 0, 'Tunai'),
(644, 675, 1, '2017-10-25 17:39:47', 300000, 0, 'Tunai'),
(645, 674, 1, '2017-10-25 18:06:27', 850000, 0, 'Tunai'),
(646, 676, 1, '2017-10-26 17:11:47', 100000, 0, 'Tunai'),
(647, 678, 1, '2017-10-26 17:10:39', 1000000, 0, 'Tunai'),
(648, 679, 1, '2017-10-26 17:09:54', 290000, 0, 'Tunai'),
(649, 680, 1, '2017-10-26 17:34:06', 250000, 0, 'Tunai'),
(650, 681, 1, '2017-10-26 17:32:02', 125000, 0, 'Tunai'),
(651, 682, 1, '2017-10-26 18:11:54', 1340000, 0, 'Tunai'),
(652, 683, 1, '2017-10-27 13:06:26', 630000, 0, 'Card'),
(653, 684, 1, '2017-10-27 16:36:41', 300000, 0, 'Tunai'),
(654, 685, 1, '2017-10-27 16:52:01', 730000, 0, 'Tunai'),
(655, 686, 1, '2017-10-27 16:55:04', 290000, 0, 'Tunai'),
(656, 687, 1, '2017-10-30 16:19:37', 550000, 0, 'Tunai'),
(657, 689, 1, '2017-10-30 16:25:25', 540000, 0, 'Tunai'),
(658, 690, 1, '2017-10-30 16:27:09', 300000, 0, 'Tunai'),
(659, 692, 1, '2017-10-30 16:26:24', 150000, 0, 'Tunai'),
(660, 688, 1, '2017-10-30 16:45:56', 300000, 0, 'Tunai'),
(661, 695, 1, '2017-10-30 16:45:17', 150000, 0, 'Tunai'),
(662, 696, 1, '2017-10-30 16:59:42', 150000, 0, 'Tunai'),
(663, 691, 1, '2017-10-30 17:29:46', 1060000, 0, 'Tunai'),
(664, 693, 1, '2017-10-30 17:31:55', 990000, 0, 'Tunai'),
(665, 694, 1, '2017-10-30 17:35:51', 590000, 0, 'Tunai'),
(666, 697, 1, '2017-10-30 17:56:09', 1150000, 0, 'Tunai'),
(667, 698, 1, '2017-10-31 16:36:28', 1900000, 0, 'Tunai'),
(668, 699, 1, '2017-10-31 16:40:08', 400000, 0, 'Tunai'),
(669, 701, 1, '2017-10-31 17:40:39', 250000, 0, 'Tunai'),
(670, 700, 1, '2017-10-31 17:39:40', 1500000, 0, 'Tunai'),
(671, 702, 1, '2017-10-31 17:38:56', 150000, 0, 'Tunai'),
(672, 703, 1, '2017-10-31 18:13:40', 200000, 0, 'Tunai'),
(673, 704, 1, '2017-10-31 18:14:28', 440000, 0, 'Tunai'),
(674, 706, 1, '2017-11-01 11:18:42', 200000, 0, 'Tunai'),
(675, 707, 1, '2017-11-01 11:19:44', 200000, 0, 'Tunai'),
(676, 705, 1, '2017-11-01 12:03:58', 690000, 0, 'Tunai'),
(677, 708, 1, '2017-11-01 16:00:28', 250000, 0, 'Tunai'),
(678, 709, 1, '2017-11-01 16:08:56', 250000, 0, 'Tunai'),
(679, 710, 1, '2017-11-01 16:50:24', 2780000, 0, 'Tunai'),
(680, 711, 1, '2017-11-01 16:14:50', 400000, 0, 'Tunai'),
(681, 712, 1, '2017-11-01 16:51:30', 80000, 0, 'Tunai'),
(682, 714, 1, '2017-11-01 18:19:51', 350000, 0, 'Tunai'),
(683, 713, 1, '2017-11-01 18:18:47', 1450000, 0, 'Tunai'),
(684, 718, 1, '2017-11-01 18:23:06', 380000, 0, 'Tunai'),
(685, 716, 1, '2017-11-01 18:28:55', 500000, 0, 'Tunai'),
(686, 715, 1, '2017-11-01 18:30:46', 580000, 0, 'Tunai'),
(687, 717, 1, '2017-11-01 18:34:18', 450000, 0, 'Tunai'),
(688, 719, 1, '2017-11-02 12:19:18', 400000, 0, 'Tunai'),
(689, 720, 1, '2017-11-02 17:04:15', 300000, 0, 'Tunai'),
(690, 721, 1, '2017-11-02 17:04:57', 230000, 0, 'Tunai'),
(691, 722, 1, '2017-11-02 17:06:38', 650000, 0, 'Tunai'),
(692, 723, 1, '2017-11-02 17:28:08', 400000, 0, 'Tunai'),
(693, 725, 1, '2017-11-02 18:05:35', 80000, 0, 'Tunai'),
(694, 724, 1, '2017-11-02 18:27:06', 740000, 0, 'Tunai'),
(695, 726, 1, '2017-11-03 13:07:33', 450000, 0, 'Tunai'),
(696, 727, 1, '2017-11-03 13:11:05', 380000, 0, 'Tunai'),
(697, 729, 1, '2017-11-03 16:51:05', 290000, 0, 'Tunai'),
(698, 730, 1, '2017-11-03 16:52:15', 400000, 0, 'Tunai'),
(699, 731, 1, '2017-11-03 16:54:44', 710000, 0, 'Tunai'),
(700, 732, 1, '2017-11-03 17:48:00', 690000, 0, 'Tunai'),
(701, 733, 1, '2017-11-03 18:03:16', 440000, 0, 'Tunai'),
(702, 736, 1, '2017-11-04 13:50:03', 600000, 0, 'Card'),
(703, 737, 1, '2017-11-04 13:49:16', 1500000, 0, 'Card'),
(704, 738, 1, '2017-11-04 13:48:50', 900000, 0, 'Card'),
(705, 739, 1, '2017-11-04 13:47:52', 1200000, 0, 'Card'),
(706, 740, 1, '2017-11-04 13:47:18', 500000, 0, 'Card'),
(707, 741, 1, '2017-11-04 13:46:38', 450000, 0, 'Card'),
(708, 742, 1, '2017-11-04 13:45:55', 500000, 0, 'Card'),
(709, 728, 1, '2017-11-04 13:44:55', 300000, 0, 'Card'),
(710, 743, 1, '2017-11-04 13:44:13', 2500000, 0, 'Card'),
(711, 734, 1, '2017-11-04 13:43:30', 500000, 0, 'Card'),
(712, 744, 1, '2017-11-04 13:42:50', 375000, 0, 'Card'),
(713, 746, 1, '2017-11-06 13:55:49', 400000, 0, 'Tunai'),
(714, 747, 1, '2017-11-06 13:55:20', 210000, 0, 'Card'),
(715, 748, 1, '2017-11-06 17:29:43', 1530000, 0, 'Tunai'),
(716, 749, 1, '2017-11-06 17:34:16', 680000, 0, 'Tunai'),
(717, 751, 1, '2017-11-07 16:24:09', 210000, 0, 'Tunai'),
(718, 750, 1, '2017-11-07 16:22:53', 290000, 0, 'Tunai'),
(719, 752, 1, '2017-11-07 17:00:11', 1050000, 0, 'Tunai'),
(720, 753, 1, '2017-11-08 13:56:19', 700000, 0, 'Tunai'),
(721, 754, 1, '2017-11-08 17:00:15', 625000, 0, 'Tunai'),
(722, 755, 1, '2017-11-08 17:05:13', 150000, 0, 'Tunai'),
(723, 756, 1, '2017-11-08 17:04:17', 150000, 0, 'Tunai'),
(724, 757, 1, '2017-11-08 17:14:54', 500000, 0, 'Tunai'),
(725, 759, 1, '2017-11-08 17:16:04', 400000, 0, 'Tunai'),
(726, 761, 1, '2017-11-08 17:16:54', 250000, 0, 'Tunai'),
(727, 760, 1, '2017-11-08 17:21:35', 690000, 0, 'Tunai'),
(728, 758, 1, '2017-11-08 17:44:45', 465000, 0, 'Tunai'),
(729, 762, 1, '2017-11-08 18:11:43', 230000, 0, 'Tunai'),
(730, 765, 1, '2017-11-08 18:10:23', 1000000, 0, 'Tunai'),
(731, 763, 1, '2017-11-08 18:11:01', 200000, 0, 'Tunai'),
(732, 764, 1, '2017-11-08 18:13:55', 550000, 0, 'Tunai'),
(733, 766, 1, '2017-11-08 18:26:17', 150000, 0, 'Tunai'),
(734, 767, 1, '2017-11-08 10:54:49', 125000, 0, 'Card'),
(735, 768, 1, '2017-11-09 16:58:19', 150000, 0, 'Tunai'),
(736, 769, 1, '2017-11-09 16:59:33', 250000, 0, 'Tunai'),
(737, 770, 1, '2017-11-09 17:08:34', 100000, 0, 'Tunai'),
(738, 773, 1, '2017-11-09 17:12:26', 150000, 0, 'Tunai'),
(739, 772, 1, '2017-11-09 17:13:17', 150000, 0, 'Tunai'),
(740, 774, 1, '2017-11-09 17:24:46', 450000, 0, 'Tunai'),
(741, 771, 1, '2017-11-09 17:27:18', 540000, 0, 'Tunai'),
(742, 775, 1, '2017-11-09 17:30:06', 680000, 0, 'Tunai'),
(743, 776, 1, '2017-11-09 17:52:05', 690000, 0, 'Tunai'),
(744, 778, 1, '2017-11-10 20:03:28', 1400000, 0, 'Card'),
(745, 777, 1, '2017-11-10 20:03:01', 1655000, 0, 'Card'),
(746, 779, 1, '2017-11-10 20:02:32', 300000, 0, 'Card'),
(747, 781, 1, '2017-11-10 20:01:59', 590000, 0, 'Card'),
(748, 787, 1, '2017-11-10 20:00:39', 1190000, 0, 'Card'),
(749, 782, 1, '2017-11-10 19:57:59', 150000, 0, 'Card'),
(750, 783, 1, '2017-11-10 19:57:14', 560000, 0, 'Card'),
(751, 784, 1, '2017-11-10 19:56:49', 150000, 0, 'Card'),
(752, 785, 1, '2017-11-10 19:56:19', 1730000, 0, 'Card'),
(753, 786, 1, '2017-11-10 19:55:46', 520000, 0, 'Card'),
(754, 788, 1, '2017-11-10 19:55:03', 2200000, 0, 'Card'),
(755, 789, 1, '2017-11-10 20:22:09', 560000, 0, 'Card'),
(756, 790, 1, '2017-11-10 20:21:22', 150000, 0, 'Card'),
(757, 793, 1, '2017-11-13 16:53:37', 100000, 0, 'Tunai'),
(758, 792, 1, '2017-11-13 13:56:11', 0, 0, 'Card'),
(759, 794, 1, '2017-11-13 17:24:47', 840000, 0, 'Tunai'),
(760, 797, 1, '2017-11-13 17:25:26', 140000, 0, 'Tunai'),
(761, 799, 1, '2017-11-13 17:30:27', 500000, 0, 'Tunai'),
(762, 798, 1, '2017-11-13 17:48:09', 1200000, 0, 'Tunai'),
(763, 795, 1, '2017-11-13 17:46:57', 2150000, 0, 'Tunai'),
(764, 800, 1, '2017-11-13 17:54:29', 2300000, 0, 'Tunai'),
(765, 801, 1, '2017-11-13 18:54:09', 150000, 0, 'Tunai'),
(766, 803, 1, '2017-11-14 17:45:00', 150000, 0, 'Tunai'),
(767, 802, 1, '2017-11-14 17:47:51', 500000, 0, 'Tunai'),
(768, 804, 1, '2017-11-14 17:44:19', 515000, 0, 'Tunai'),
(769, 805, 1, '2017-11-14 17:42:46', 440000, 0, 'Tunai'),
(770, 806, 1, '2017-11-14 18:05:30', 350000, 0, 'Tunai'),
(771, 807, 1, '2017-11-15 12:12:15', 1490000, 0, 'Card'),
(772, 810, 1, '2017-11-15 17:06:37', 590000, 0, 'Tunai'),
(773, 809, 1, '2017-11-15 17:05:13', 710000, 0, 'Tunai'),
(774, 811, 1, '2017-11-15 16:53:43', 250000, 0, 'Tunai'),
(775, 812, 1, '2017-11-15 17:04:02', 140000, 0, 'Tunai'),
(776, 813, 1, '2017-11-15 17:37:07', 915000, 0, 'Tunai'),
(777, 814, 1, '2017-11-15 17:43:35', 210000, 0, 'Tunai'),
(778, 815, 1, '2017-11-15 18:40:41', 330000, 0, 'Tunai'),
(779, 816, 1, '2017-11-17 15:30:27', 400000, 0, 'Card'),
(780, 817, 1, '2017-11-17 15:29:07', 60000, 0, 'Card'),
(781, 818, 1, '2017-11-17 15:28:32', 420000, 0, 'Card'),
(782, 819, 1, '2017-11-17 17:05:43', 670000, 0, 'Tunai'),
(783, 820, 1, '2017-11-17 17:04:14', 500000, 0, 'Tunai'),
(784, 821, 1, '2017-11-17 17:04:59', 500000, 0, 'Tunai'),
(785, 822, 1, '2017-11-18 13:54:58', 940000, 0, 'Card'),
(786, 823, 1, '2017-11-18 13:52:11', 500000, 0, 'Card'),
(787, 824, 1, '2017-11-18 13:53:49', 450000, 0, 'Card'),
(788, 825, 1, '2017-11-18 14:37:23', 1000000, 0, 'Card'),
(789, 826, 1, '2017-11-18 11:28:19', 1250000, 0, 'Card'),
(790, 827, 1, '2017-11-20 14:05:09', 400000, 0, 'Card'),
(791, 828, 1, '2017-11-20 14:11:22', 150000, 0, 'Card'),
(792, 829, 1, '2017-11-20 14:36:36', 555000, 0, 'Card'),
(793, 830, 1, '2017-11-20 17:49:36', 365000, 0, 'Tunai'),
(794, 831, 1, '2017-11-20 17:29:48', 200000, 0, 'Tunai'),
(795, 832, 1, '2017-11-20 17:56:38', 595000, 0, 'Tunai'),
(796, 833, 1, '2017-11-21 16:20:31', 1130000, 0, 'Tunai'),
(797, 834, 1, '2017-11-21 16:23:12', 400000, 0, 'Tunai'),
(798, 835, 1, '2017-11-21 16:34:29', 335000, 0, 'Tunai'),
(799, 836, 1, '2017-11-21 16:58:10', 1030000, 0, 'Tunai'),
(800, 837, 1, '2017-11-21 16:53:08', 550000, 0, 'Tunai'),
(801, 838, 1, '2017-11-21 14:10:32', 300000, 0, 'Card'),
(802, 839, 1, '2017-11-21 14:04:49', 150000, 0, 'Card'),
(803, 840, 1, '2017-11-21 14:04:12', 730000, 0, 'Card'),
(804, 841, 1, '2017-11-21 14:03:18', 300000, 0, 'Card'),
(805, 842, 1, '2017-11-22 14:38:11', 300000, 0, 'Card'),
(806, 843, 1, '2017-11-22 16:17:56', 150000, 0, 'Tunai'),
(807, 847, 1, '2017-11-22 16:50:29', 250000, 0, 'Tunai'),
(808, 848, 1, '2017-11-23 13:04:33', 0, 0, 'Card'),
(809, 849, 1, '2017-11-22 16:40:09', 250000, 0, 'Tunai'),
(810, 844, 1, '2017-11-22 16:49:41', 445000, 0, 'Tunai'),
(811, 846, 1, '2017-11-22 16:48:33', 100000, 0, 'Tunai'),
(812, 845, 1, '2017-11-22 16:46:57', 200000, 0, 'Tunai'),
(813, 851, 1, '2017-11-22 16:47:55', 100000, 0, 'Tunai'),
(814, 852, 1, '2017-11-22 17:23:54', 1000000, 0, 'Tunai'),
(815, 853, 1, '2017-11-22 17:22:19', 450000, 0, 'Tunai'),
(816, 854, 1, '2017-11-23 13:02:34', 150000, 0, 'Card'),
(817, 855, 1, '2017-11-23 13:00:24', 150000, 0, 'Card'),
(818, 856, 1, '2017-11-23 14:29:51', 440000, 0, 'Card'),
(819, 858, 1, '2017-11-23 17:54:39', 900000, 0, 'Card'),
(820, 859, 1, '2017-11-23 17:57:03', 300000, 0, 'Tunai'),
(821, 860, 1, ' 17:56:38', 850000, 0, ''),
(822, 861, 1, '2017-11-23 18:11:10', 640000, 0, 'Tunai'),
(823, 862, 1, '2017-11-23 18:15:38', 440000, 0, 'Tunai'),
(824, 863, 1, '2017-11-23 18:50:43', 380000, 0, 'Tunai'),
(825, 864, 1, '2017-11-23 18:51:37', 400000, 0, 'Tunai'),
(826, 857, 1, '2017-11-24 14:08:31', 1580000, 0, 'Card'),
(827, 865, 1, '2017-11-24 14:32:14', 800000, 0, 'Card'),
(828, 866, 1, '2017-11-24 16:19:56', 230000, 0, 'Tunai'),
(829, 867, 1, '2017-11-24 16:15:21', 360000, 0, 'Tunai'),
(830, 868, 1, '2017-11-24 16:19:08', 1140000, 0, 'Tunai'),
(831, 869, 1, '2017-11-24 16:17:30', 200000, 0, 'Tunai'),
(832, 871, 1, '2017-11-24 16:55:17', 1550000, 0, 'Tunai'),
(833, 872, 1, '2017-11-24 16:57:27', 350000, 0, 'Tunai'),
(834, 873, 1, '2017-11-24 17:10:54', 250000, 0, 'Tunai'),
(835, 874, 1, '2017-11-25 10:52:19', 650000, 0, 'Card'),
(836, 875, 1, '2017-11-27 16:00:35', 450000, 0, 'Tunai'),
(837, 877, 1, '2017-11-27 16:05:44', 150000, 0, 'Tunai'),
(838, 881, 1, '2017-11-27 16:44:16', 150000, 0, 'Tunai'),
(839, 879, 1, ' 16:50:44', 250000, 0, ''),
(840, 878, 1, '2017-11-27 16:52:05', 150000, 0, 'Tunai'),
(841, 880, 1, '2017-11-27 16:54:54', 250000, 0, 'Tunai'),
(842, 884, 1, '2017-11-27 17:10:41', 500000, 0, 'Tunai'),
(843, 885, 1, '2017-11-27 17:24:44', 150000, 0, 'Tunai'),
(844, 883, 1, '2017-11-27 17:49:23', 370000, 0, 'Tunai'),
(845, 886, 1, '2017-11-28 16:36:46', 850000, 0, 'Tunai'),
(846, 887, 1, '2017-11-28 16:35:46', 400000, 0, 'Tunai'),
(847, 889, 1, '2017-11-28 16:33:23', 745000, 0, 'Tunai'),
(848, 890, 1, '2017-11-28 16:32:25', 730000, 0, 'Tunai'),
(849, 891, 1, '2017-11-28 16:51:52', 360000, 0, 'Tunai'),
(850, 892, 1, '2017-11-28 16:50:14', 510000, 0, 'Tunai'),
(851, 893, 1, '2017-11-28 16:53:18', 700000, 0, 'Tunai'),
(852, 896, 1, '2017-11-28 17:00:07', 380000, 0, 'Tunai'),
(853, 895, 1, '2017-11-28 16:57:32', 80000, 0, 'Tunai'),
(854, 894, 1, '2017-11-28 16:58:03', 60000, 0, 'Tunai'),
(855, 897, 1, '2017-11-28 17:09:19', 505000, 0, 'Tunai'),
(856, 898, 1, '2017-11-28 17:11:59', 120000, 0, 'Tunai'),
(857, 899, 1, '2017-11-28 17:45:15', 900000, 0, 'Tunai'),
(858, 902, 1, '2017-11-29 17:40:59', 1000000, 0, 'Tunai'),
(859, 901, 1, '2017-11-29 17:23:57', 500000, 0, 'Tunai'),
(860, 903, 1, '2017-11-29 17:04:59', 150000, 0, 'Tunai'),
(861, 907, 1, '2017-11-29 17:16:07', 860000, 0, 'Tunai'),
(862, 906, 1, '2017-11-29 17:21:09', 550000, 0, 'Tunai'),
(863, 905, 1, '2017-11-29 17:25:22', 500000, 0, 'Tunai'),
(864, 908, 1, '2017-11-29 17:28:52', 250000, 0, 'Tunai'),
(865, 904, 1, '2017-11-29 17:29:17', 940000, 0, 'Tunai'),
(866, 909, 1, '2017-11-29 17:44:41', 625000, 0, 'Tunai'),
(867, 910, 1, '2017-11-29 17:41:42', 80000, 0, 'Tunai'),
(868, 911, 1, '2017-11-30 16:01:14', 550000, 0, 'Tunai'),
(869, 912, 1, '2017-11-30 15:55:09', 680000, 0, 'Tunai'),
(870, 913, 1, '2017-11-30 16:48:59', 300000, 0, 'Tunai'),
(871, 914, 1, '2017-11-30 17:09:56', 0, 0, 'Card'),
(872, 916, 1, '2017-11-30 16:57:51', 100000, 0, 'Tunai'),
(873, 915, 1, '2017-11-30 17:08:20', 645000, 0, 'Tunai'),
(874, 917, 1, '2017-11-30 17:42:17', 150000, 0, 'Tunai'),
(875, 918, 1, '2017-12-02 10:31:35', 1050000, 0, 'Card'),
(876, 919, 1, '2017-12-02 10:51:16', 275000, 0, 'Card'),
(877, 921, 1, '2017-12-02 11:55:57', 580000, 0, 'Card'),
(878, 922, 1, '2017-12-02 11:58:47', 215000, 0, 'Card'),
(879, 923, 1, '2017-12-02 11:57:42', 300000, 0, 'Card'),
(880, 926, 1, '2017-12-04 11:38:40', 150000, 0, 'Card'),
(881, 925, 1, '2017-12-04 11:37:14', 250000, 0, 'Card'),
(882, 924, 1, '2017-12-04 11:34:53', 640000, 0, 'Card'),
(883, 927, 1, '2017-12-04 17:11:20', 150000, 0, 'Tunai'),
(884, 928, 1, '2017-12-04 17:10:52', 590000, 0, 'Tunai'),
(885, 930, 1, '2017-12-04 17:09:01', 300000, 0, 'Tunai'),
(886, 931, 1, '2017-12-04 17:08:09', 250000, 0, 'Tunai'),
(887, 929, 1, '2017-12-04 17:07:13', 150000, 0, 'Tunai'),
(888, 932, 1, '2017-12-04 17:21:18', 600000, 0, 'Tunai'),
(889, 934, 1, '2017-12-04 17:57:31', 600000, 0, 'Tunai'),
(890, 935, 1, '2017-12-05 16:20:02', 610000, 0, 'Tunai'),
(891, 936, 1, '2017-12-05 16:25:37', 300000, 0, 'Tunai'),
(892, 937, 1, '2017-12-05 16:32:02', 150000, 0, 'Tunai'),
(893, 938, 1, '2017-12-05 16:41:33', 230000, 0, 'Tunai'),
(894, 939, 1, '2017-12-05 16:42:32', 500000, 0, 'Tunai'),
(895, 940, 1, '2017-12-05 16:43:00', 300000, 0, 'Tunai'),
(896, 942, 1, '2017-12-05 17:21:52', 1430000, 0, 'Tunai'),
(897, 944, 1, '2017-12-05 17:36:42', 1965000, 0, 'Tunai'),
(898, 943, 1, '2017-12-05 17:34:41', 1200000, 0, 'Tunai'),
(899, 941, 1, '2017-12-05 17:56:22', 460000, 0, 'Tunai');
INSERT INTO `transaksi` (`id_transaksi`, `id_rekam_medis`, `status`, `waktu`, `total`, `saldo`, `metode_bayar`) VALUES
(900, 945, 1, '2017-12-06 10:25:30', 250000, 0, 'Card'),
(901, 946, 1, '2017-12-07 15:41:20', 300000, 0, 'Tunai'),
(902, 947, 1, '2017-12-07 15:40:40', 665000, 0, 'Tunai'),
(903, 952, 1, '2017-12-07 15:39:45', 680000, 0, 'Tunai'),
(904, 948, 1, '2017-12-07 15:43:27', 300000, 0, 'Tunai'),
(905, 949, 1, '2017-12-07 15:43:11', 200000, 0, 'Tunai'),
(906, 950, 1, '2017-12-07 15:42:53', 190000, 0, 'Tunai'),
(907, 951, 1, '2017-12-07 15:42:35', 740000, 0, 'Tunai'),
(908, 956, 1, '2017-12-07 16:12:49', 210000, 0, 'Tunai'),
(909, 957, 1, '2017-12-07 16:13:45', 60000, 0, 'Tunai'),
(910, 958, 1, '2017-12-07 16:15:12', 300000, 0, 'Tunai'),
(911, 960, 1, '2017-12-07 16:15:55', 230000, 0, 'Tunai'),
(912, 959, 1, '2017-12-07 16:31:48', 1560000, 0, 'Tunai'),
(913, 961, 1, '2017-12-07 16:31:03', 450000, 0, 'Tunai'),
(914, 962, 1, '2017-12-07 16:45:11', 200000, 0, 'Tunai'),
(915, 963, 1, '2017-12-07 17:38:45', 290000, 0, 'Tunai'),
(916, 964, 1, '2017-12-07 17:38:25', 290000, 0, 'Tunai'),
(917, 965, 1, '2017-12-07 17:38:06', 650000, 0, 'Tunai'),
(918, 966, 1, '2017-12-07 17:40:20', 100000, 0, 'Tunai'),
(919, 967, 1, '2017-12-07 18:19:45', 940000, 0, 'Tunai'),
(920, 969, 1, '2017-12-08 16:17:55', 300000, 0, 'Tunai'),
(921, 970, 1, '2017-12-08 17:09:03', 150000, 0, 'Tunai'),
(922, 971, 1, '2017-12-08 17:08:30', 150000, 0, 'Tunai'),
(923, 972, 1, '2017-12-08 17:07:50', 1080000, 0, 'Tunai'),
(924, 973, 1, '2017-12-08 17:07:16', 290000, 0, 'Tunai'),
(925, 976, 1, '2017-12-08 17:32:34', 3530000, 0, 'Tunai'),
(926, 974, 1, '2017-12-08 17:47:39', 480000, 0, 'Tunai'),
(927, 975, 1, ' 17:47:51', 200000, 0, ''),
(928, 977, 1, '2017-12-08 18:21:46', 150000, 0, 'Tunai'),
(929, 978, 1, '2017-12-08 18:28:59', 200000, 0, 'Tunai'),
(930, 980, 1, '2017-12-09 10:22:38', 1030000, 0, 'Card'),
(931, 981, 1, '2017-12-09 10:22:04', 1190000, 0, 'Card'),
(932, 982, 1, '2017-12-11 16:47:03', 380000, 0, 'Tunai'),
(933, 983, 1, '2017-12-11 16:46:08', 530000, 0, 'Tunai'),
(934, 984, 1, '2017-12-11 17:12:35', 600000, 0, 'Tunai'),
(935, 985, 1, '2017-12-11 17:14:07', 260000, 0, 'Tunai'),
(936, 986, 1, '2017-12-11 17:50:45', 600000, 0, 'Tunai'),
(937, 987, 1, '2017-12-11 12:54:54', 800000, 0, 'Card'),
(938, 988, 1, '2017-12-12 13:25:38', 690000, 0, 'Card'),
(939, 989, 1, '2017-12-12 13:28:20', 480000, 0, 'Card'),
(940, 990, 1, '2017-12-12 14:47:03', 400000, 0, 'Card'),
(941, 991, 1, '2017-12-12 14:49:18', 655000, 0, 'Card'),
(942, 992, 1, '2017-12-13 11:46:24', 150000, 0, 'Card'),
(943, 993, 1, '2017-12-14 12:08:58', 350000, 0, 'Card'),
(944, 994, 1, '2017-12-14 16:58:57', 415000, 0, 'Tunai'),
(945, 995, 1, '2017-12-14 17:01:30', 380000, 0, 'Tunai'),
(946, 996, 1, '2017-12-14 17:02:09', 500000, 0, 'Tunai'),
(947, 997, 1, '2017-12-14 17:05:48', 250000, 0, 'Tunai'),
(948, 998, 1, '2017-12-14 17:07:55', 150000, 0, 'Tunai'),
(949, 999, 1, '2017-12-14 17:18:08', 300000, 0, 'Tunai'),
(950, 1000, 1, '2017-12-14 17:18:29', 200000, 0, 'Tunai'),
(951, 1001, 1, '2017-12-15 12:21:23', 500000, 0, 'Card'),
(952, 1003, 1, '2017-12-15 17:30:27', 940000, 0, 'Tunai'),
(953, 1004, 1, '2017-12-15 16:25:35', 265000, 0, 'Tunai'),
(954, 1005, 1, '2017-12-15 16:24:11', 440000, 0, 'Tunai'),
(955, 1006, 1, '2017-12-18 16:00:43', 530000, 0, 'Tunai'),
(956, 1007, 1, '2017-12-18 16:12:54', 210000, 0, 'Tunai'),
(957, 1008, 1, '2017-12-18 16:15:14', 350000, 0, 'Tunai'),
(958, 1009, 1, '2017-12-18 16:42:10', 980000, 0, 'Tunai'),
(959, 1011, 1, '2017-12-18 17:04:52', 140000, 0, 'Tunai'),
(960, 1012, 1, '2017-12-18 17:15:23', 120000, 0, 'Tunai'),
(961, 1010, 1, '2017-12-18 17:18:33', 780000, 0, 'Tunai'),
(962, 1013, 1, '2017-12-19 16:03:03', 250000, 0, 'Tunai'),
(963, 1015, 1, '2017-12-19 16:48:28', 200000, 0, 'Tunai'),
(964, 1014, 1, '2017-12-19 16:49:34', 200000, 0, 'Tunai'),
(965, 1017, 1, '2017-12-19 17:02:40', 210000, 0, 'Tunai'),
(966, 1016, 1, '2017-12-19 17:03:18', 400000, 0, 'Tunai'),
(967, 1018, 1, '2017-12-20 17:42:53', 300000, 0, 'Tunai'),
(968, 1019, 1, '2017-12-20 17:41:51', 230000, 0, 'Tunai'),
(969, 1020, 1, '2017-12-20 17:40:42', 275000, 0, 'Tunai'),
(970, 1021, 1, '2017-12-20 17:40:12', 1500000, 0, 'Tunai'),
(971, 1022, 1, '2017-12-20 17:39:51', 450000, 0, 'Tunai'),
(972, 1023, 1, '2017-12-20 18:27:14', 300000, 0, 'Tunai'),
(973, 1025, 1, '2017-12-20 18:26:58', 500000, 0, 'Tunai'),
(974, 1024, 1, '2017-12-20 18:26:39', 900000, 0, 'Tunai'),
(975, 1026, 1, '2017-12-21 17:10:02', 840000, 0, 'Tunai'),
(976, 1029, 1, '2017-12-21 17:09:05', 680000, 0, 'Tunai'),
(977, 1028, 1, '2017-12-21 17:08:21', 100000, 0, 'Tunai'),
(978, 1027, 1, '2017-12-21 17:07:36', 800000, 0, 'Tunai'),
(979, 1030, 1, '2017-12-21 17:20:11', 690000, 0, 'Tunai'),
(980, 1031, 1, '2017-12-21 17:40:41', 150000, 0, 'Tunai'),
(981, 1032, 1, '2017-12-21 17:54:41', 730000, 0, 'Tunai'),
(982, 1033, 1, '2017-12-21 17:51:55', 680000, 0, 'Tunai'),
(983, 1034, 1, '2017-12-21 17:52:47', 300000, 0, 'Tunai'),
(984, 1035, 1, '2017-12-21 18:02:47', 400000, 0, 'Tunai'),
(985, 1037, 1, '2017-12-22 17:33:22', 550000, 0, 'Tunai'),
(986, 1036, 1, '2017-12-22 17:32:25', 575000, 0, 'Tunai'),
(987, 1038, 1, '2017-12-22 18:00:38', 1000000, 0, 'Tunai'),
(988, 1039, 1, '2017-12-22 18:00:05', 700000, 0, 'Tunai'),
(989, 1040, 1, '2017-12-22 17:50:24', 50000, 0, 'Tunai'),
(990, 1041, 1, '2017-12-22 17:49:30', 1050000, 0, 'Tunai'),
(991, 1042, 1, '2017-12-22 17:57:14', 650000, 0, 'Tunai'),
(992, 1043, 1, '2017-12-22 17:58:13', 300000, 0, 'Tunai'),
(993, 1044, 1, '2017-12-22 17:59:06', 800000, 0, 'Tunai'),
(994, 1045, 1, '2017-12-22 18:08:56', 550000, 0, 'Tunai'),
(995, 1046, 1, '2017-12-22 18:09:44', 315000, 0, 'Tunai'),
(996, 1047, 1, '2017-12-27 15:19:36', 460000, 0, 'Card'),
(997, 1048, 1, '2017-12-27 15:22:35', 0, 0, 'Card'),
(998, 1049, 1, '2017-12-27 15:23:22', 350000, 0, 'Card'),
(999, 1051, 1, '2017-12-27 16:51:59', 295000, 0, 'Tunai'),
(1000, 1050, 1, '2017-12-27 16:51:09', 290000, 0, 'Tunai'),
(1001, 1052, 1, '2017-12-27 16:50:31', 400000, 0, 'Tunai'),
(1002, 1053, 1, '2017-12-27 16:49:40', 580000, 0, 'Tunai'),
(1003, 1054, 1, '2017-12-27 17:06:19', 400000, 0, 'Tunai'),
(1004, 1055, 1, '2017-12-27 17:04:51', 1500000, 0, 'Tunai'),
(1005, 1056, 1, '2017-12-28 11:12:40', 845000, 0, 'Card'),
(1006, 1057, 1, '2017-12-28 13:03:41', 1250000, 0, 'Card'),
(1007, 1058, 1, '2017-12-28 14:50:04', 690000, 0, 'Card'),
(1008, 1062, 1, '2017-12-28 16:56:44', 290000, 0, 'Tunai'),
(1009, 1064, 1, '2017-12-28 16:57:44', 150000, 0, 'Tunai'),
(1010, 1065, 1, '2017-12-28 16:55:53', 450000, 0, 'Tunai'),
(1011, 1066, 1, '2017-12-28 16:55:06', 500000, 0, 'Tunai'),
(1012, 1063, 1, '2017-12-28 16:54:27', 110000, 0, 'Tunai'),
(1013, 1060, 1, '2017-12-28 17:54:34', 930000, 0, 'Tunai'),
(1014, 1059, 1, '2017-12-28 17:57:52', 1100000, 0, 'Tunai'),
(1015, 1061, 1, '2017-12-28 17:58:10', 300000, 0, 'Tunai'),
(1016, 1067, 1, '2017-12-28 18:05:34', 900000, 0, 'Tunai'),
(1017, 1068, 1, '2017-12-28 18:10:15', 900000, 0, 'Tunai'),
(1018, 1069, 1, '2017-12-30 13:06:19', 250000, 0, 'Card'),
(1019, 1070, 1, '2017-12-30 13:04:42', 250000, 0, 'Card'),
(1020, 1071, 1, '2018-01-10 17:02:26', 0, 0, 'Card'),
(1021, 1072, 1, '2017-12-30 13:12:06', 250000, 0, 'Card'),
(1022, 1073, 1, '2017-12-30 13:11:03', 960000, 0, 'Card'),
(1023, 1074, 1, '2017-12-30 13:10:05', 890000, 0, 'Card'),
(1024, 1075, 1, '2017-12-30 13:09:00', 300000, 0, 'Card'),
(1025, 1076, 1, '2017-12-30 13:07:44', 1130000, 0, 'Card'),
(1026, 1077, 1, '2017-12-30 13:18:09', 860000, 0, 'Card'),
(1027, 1078, 1, '2017-12-30 13:17:26', 490000, 0, 'Card'),
(1028, 1079, 1, '2017-12-30 13:16:12', 950000, 0, 'Card'),
(1029, 1080, 1, '2017-12-30 13:14:35', 850000, 0, 'Card'),
(1030, 1081, 1, '2017-12-30 13:13:50', 250000, 0, 'Card'),
(1031, 1082, 1, '2017-12-30 13:12:53', 350000, 0, 'Card'),
(1032, 1083, 1, '2018-01-02 16:33:24', 290000, 0, 'Tunai'),
(1033, 1085, 1, '2018-01-02 16:37:21', 290000, 0, 'Tunai'),
(1034, 1084, 1, '2018-01-02 16:55:35', 200000, 0, 'Tunai'),
(1035, 1086, 1, '2018-01-02 16:56:57', 710000, 0, 'Tunai'),
(1036, 1087, 1, '2018-01-02 16:57:17', 50000, 0, 'Tunai'),
(1037, 1088, 1, '2018-01-02 17:02:43', 590000, 0, 'Tunai'),
(1038, 1089, 1, '2018-01-02 17:03:40', 360000, 0, 'Tunai'),
(1039, 1092, 1, '2018-01-02 17:20:34', 800000, 0, 'Tunai'),
(1040, 1091, 1, '2018-01-02 17:20:20', 200000, 0, 'Tunai'),
(1041, 1090, 1, '2018-01-02 17:17:57', 300000, 0, 'Tunai'),
(1042, 1093, 1, '2018-01-02 18:02:51', 230000, 0, 'Tunai'),
(1043, 1094, 1, '2018-01-02 18:03:40', 290000, 0, 'Tunai'),
(1044, 1095, 1, '2018-01-02 18:21:43', 750000, 0, 'Tunai'),
(1045, 1096, 1, '2018-01-03 11:40:04', 755000, 0, 'Card'),
(1046, 1097, 1, '2018-01-03 18:01:58', 80000, 0, 'Tunai'),
(1047, 1098, 1, '2018-01-03 17:59:04', 300000, 0, 'Tunai'),
(1048, 1099, 1, '2018-01-03 17:57:57', 360000, 0, 'Tunai'),
(1049, 1102, 1, '2018-01-03 17:19:11', 440000, 0, 'Tunai'),
(1050, 1100, 1, '2018-01-03 18:10:38', 500000, 0, 'Tunai'),
(1051, 1101, 1, '2018-01-03 18:06:57', 1500000, 0, 'Tunai'),
(1052, 1103, 1, '2018-01-03 18:10:03', 250000, 0, 'Tunai'),
(1053, 1104, 1, '2018-01-03 18:14:18', 460000, 0, 'Tunai'),
(1054, 1105, 1, '2018-01-03 18:17:44', 380000, 0, 'Tunai'),
(1055, 1106, 1, '2018-01-10 16:59:48', 0, 0, 'Card'),
(1056, 1107, 1, '2018-01-04 16:20:44', 750000, 0, 'Tunai'),
(1057, 1108, 1, '2018-01-04 16:28:24', 100000, 0, 'Tunai'),
(1058, 1109, 1, '2018-01-04 16:32:37', 300000, 0, 'Tunai'),
(1059, 1110, 1, '2018-01-04 16:48:36', 780000, 0, 'Tunai'),
(1060, 1111, 1, '2018-01-04 17:12:27', 360000, 0, 'Tunai'),
(1061, 1112, 1, '2018-01-04 17:49:39', 1290000, 0, 'Tunai'),
(1062, 1113, 1, '2018-01-08 13:41:05', 200000, 0, 'Card'),
(1063, 1114, 1, '2018-01-08 13:38:47', 800000, 0, 'Card'),
(1064, 1115, 1, '2018-01-08 09:38:06', 1340000, 0, 'Card'),
(1065, 1116, 1, '2018-01-08 09:52:40', 505000, 0, 'Card'),
(1066, 1117, 1, '2018-01-08 09:51:27', 790000, 0, 'Card'),
(1067, 1118, 1, '2018-01-08 09:38:46', 850000, 0, 'Card'),
(1068, 1119, 1, '2018-01-08 09:50:38', 2630000, 0, 'Card'),
(1069, 1120, 1, ' 09:50:50', 690000, 0, ''),
(1070, 1121, 1, '2018-01-09 17:49:18', 700000, 0, 'Tunai'),
(1071, 1122, 1, '2018-01-10 16:43:21', 230000, 0, 'Tunai'),
(1072, 1123, 1, '2018-01-10 16:41:16', 1290000, 0, 'Tunai'),
(1073, 1124, 1, '2018-01-10 16:40:06', 690000, 0, 'Tunai'),
(1074, 1125, 1, '2018-01-10 16:42:29', 300000, 0, 'Tunai'),
(1075, 1126, 1, '2018-01-11 13:19:08', 450000, 0, 'Card'),
(1076, 1128, 1, '2018-01-11 16:13:18', 350000, 0, 'Tunai'),
(1077, 1127, 1, '2018-01-11 16:17:52', 700000, 0, 'Tunai'),
(1078, 1129, 1, '2018-01-11 16:36:59', 2150000, 0, 'Tunai'),
(1079, 1130, 1, '2018-01-11 16:36:18', 700000, 0, 'Tunai'),
(1080, 1131, 1, '2018-01-11 16:35:55', 170000, 0, 'Tunai'),
(1081, 1132, 1, '2018-01-11 16:41:03', 800000, 0, 'Tunai'),
(1082, 1133, 1, '2018-01-11 16:45:43', 60000, 0, 'Tunai'),
(1083, 1134, 1, '2018-01-11 16:49:40', 400000, 0, 'Tunai'),
(1084, 1136, 1, '2018-01-11 17:13:32', 230000, 0, 'Tunai'),
(1085, 1135, 1, '2018-01-11 18:07:02', 7440000, 0, 'Tunai'),
(1086, 1137, 1, '2018-01-12 12:01:38', 150000, 0, 'Card'),
(1087, 1138, 1, '2018-01-15 12:49:46', 150000, 0, 'Card'),
(1088, 1139, 1, '2018-01-15 12:49:03', 310000, 0, 'Card'),
(1089, 1140, 1, '2018-01-15 12:52:13', 300000, 0, 'Card'),
(1090, 1141, 1, '2018-01-15 17:11:59', 710000, 0, 'Tunai'),
(1091, 1142, 1, '2018-01-15 17:00:32', 150000, 0, 'Tunai'),
(1092, 1143, 1, '2018-01-15 17:00:18', 300000, 0, 'Tunai'),
(1093, 1144, 1, '2018-01-15 16:58:40', 250000, 0, 'Tunai'),
(1094, 1145, 1, '2018-01-15 16:58:25', 160000, 0, 'Tunai'),
(1095, 1146, 1, '2018-01-15 16:57:00', 60000, 0, 'Tunai'),
(1096, 1147, 1, '2018-01-15 16:57:17', 540000, 0, 'Tunai'),
(1097, 1148, 1, '2018-01-15 17:31:17', 2040000, 0, 'Tunai'),
(1098, 1149, 1, '2018-01-15 17:44:16', 65000, 0, 'Tunai'),
(1099, 1150, 1, '2018-01-15 17:44:30', 160000, 0, 'Tunai'),
(1100, 1151, 1, '2018-01-16 15:07:27', 1600000, 0, 'Card'),
(1101, 1152, 1, '2018-01-16 15:49:24', 290000, 0, 'Tunai'),
(1102, 1153, 1, '2018-01-16 16:28:59', 290000, 0, 'Tunai'),
(1103, 1154, 1, '2018-01-16 17:11:41', 200000, 0, 'Tunai'),
(1104, 1155, 1, '2018-01-16 17:56:34', 380000, 0, 'Card'),
(1105, 1160, 0, '', 0, 0, ''),
(1106, 1175, 0, '', 0, 0, ''),
(1107, 1175, 0, '', 0, 0, ''),
(1108, 1175, 0, '', 0, 0, ''),
(1109, 1, 0, '', 0, 0, ''),
(1110, 20, 0, '', 0, 0, ''),
(1111, 21, 0, '', 0, 0, '');

--
-- Indexes for dumped tables
--

--
-- Indexes for table `antrian`
--
ALTER TABLE `antrian`
  ADD PRIMARY KEY (`no_antrian`);

--
-- Indexes for table `apotik`
--
ALTER TABLE `apotik`
  ADD PRIMARY KEY (`id`);

--
-- Indexes for table `asuransi`
--
ALTER TABLE `asuransi`
  ADD PRIMARY KEY (`id_asuransi`);

--
-- Indexes for table `booking`
--
ALTER TABLE `booking`
  ADD PRIMARY KEY (`id_booking`);

--
-- Indexes for table `cabang`
--
ALTER TABLE `cabang`
  ADD PRIMARY KEY (`id_cabang`);

--
-- Indexes for table `cabang_dokter`
--
ALTER TABLE `cabang_dokter`
  ADD PRIMARY KEY (`id_cbdokter`);

--
-- Indexes for table `ci_sessions`
--
ALTER TABLE `ci_sessions`
  ADD PRIMARY KEY (`id`),
  ADD KEY `ci_sessions_timestamp` (`timestamp`);

--
-- Indexes for table `detail_apotik`
--
ALTER TABLE `detail_apotik`
  ADD PRIMARY KEY (`id`);

--
-- Indexes for table `detail_layanan`
--
ALTER TABLE `detail_layanan`
  ADD PRIMARY KEY (`id`);

--
-- Indexes for table `detail_obat`
--
ALTER TABLE `detail_obat`
  ADD PRIMARY KEY (`id`);

--
-- Indexes for table `detail_sisa_stok_obat`
--
ALTER TABLE `detail_sisa_stok_obat`
  ADD PRIMARY KEY (`id_detail_sisa_stok_obat`);

--
-- Indexes for table `detail_stok_obat`
--
ALTER TABLE `detail_stok_obat`
  ADD PRIMARY KEY (`id`);

--
-- Indexes for table `diskon`
--
ALTER TABLE `diskon`
  ADD PRIMARY KEY (`id_diskon`);

--
-- Indexes for table `dokter`
--
ALTER TABLE `dokter`
  ADD PRIMARY KEY (`id_dokter`);

--
-- Indexes for table `info_orang_terdekat`
--
ALTER TABLE `info_orang_terdekat`
  ADD PRIMARY KEY (`id_iot`);

--
-- Indexes for table `jadwal_dokter`
--
ALTER TABLE `jadwal_dokter`
  ADD PRIMARY KEY (`id_jadwal`);

--
-- Indexes for table `layanan`
--
ALTER TABLE `layanan`
  ADD PRIMARY KEY (`id_layanan`);

--
-- Indexes for table `login_session`
--
ALTER TABLE `login_session`
  ADD PRIMARY KEY (`id_user`);

--
-- Indexes for table `metode_pembayaran`
--
ALTER TABLE `metode_pembayaran`
  ADD PRIMARY KEY (`id_metode`);

--
-- Indexes for table `obat`
--
ALTER TABLE `obat`
  ADD PRIMARY KEY (`id`);

--
-- Indexes for table `pasien`
--
ALTER TABLE `pasien`
  ADD PRIMARY KEY (`id_pasien`);

--
-- Indexes for table `pemasukan`
--
ALTER TABLE `pemasukan`
  ADD PRIMARY KEY (`id`);

--
-- Indexes for table `pemeriksaan_klinis_khusus`
--
ALTER TABLE `pemeriksaan_klinis_khusus`
  ADD PRIMARY KEY (`id_pemeriksaan_khusus`);

--
-- Indexes for table `pemeriksaan_klinis_umum`
--
ALTER TABLE `pemeriksaan_klinis_umum`
  ADD PRIMARY KEY (`id_pemeriksaan_umum`);

--
-- Indexes for table `pemeriksaan_penunjang`
--
ALTER TABLE `pemeriksaan_penunjang`
  ADD PRIMARY KEY (`id_pemeriksaan_penunjang`);

--
-- Indexes for table `pendapatan`
--
ALTER TABLE `pendapatan`
  ADD PRIMARY KEY (`id`);

--
-- Indexes for table `pengeluaran`
--
ALTER TABLE `pengeluaran`
  ADD PRIMARY KEY (`id`);

--
-- Indexes for table `pilih_layanan`
--
ALTER TABLE `pilih_layanan`
  ADD PRIMARY KEY (`id_pil_layanan`);

--
-- Indexes for table `profil_pasien`
--
ALTER TABLE `profil_pasien`
  ADD PRIMARY KEY (`id_profile`);

--
-- Indexes for table `rekam_medis`
--
ALTER TABLE `rekam_medis`
  ADD PRIMARY KEY (`id_rekam_medis`);

--
-- Indexes for table `rencana`
--
ALTER TABLE `rencana`
  ADD PRIMARY KEY (`id_rcn`);

--
-- Indexes for table `survey`
--
ALTER TABLE `survey`
  ADD PRIMARY KEY (`id_survey`);

--
-- Indexes for table `tokens`
--
ALTER TABLE `tokens`
  ADD PRIMARY KEY (`id_token`);

--
-- Indexes for table `transaksi`
--
ALTER TABLE `transaksi`
  ADD PRIMARY KEY (`id_transaksi`);

--
-- AUTO_INCREMENT for dumped tables
--

--
-- AUTO_INCREMENT for table `antrian`
--
ALTER TABLE `antrian`
  MODIFY `no_antrian` int(11) NOT NULL AUTO_INCREMENT, AUTO_INCREMENT=94;

--
-- AUTO_INCREMENT for table `apotik`
--
ALTER TABLE `apotik`
  MODIFY `id` int(11) NOT NULL AUTO_INCREMENT, AUTO_INCREMENT=667;

--
-- AUTO_INCREMENT for table `asuransi`
--
ALTER TABLE `asuransi`
  MODIFY `id_asuransi` int(11) NOT NULL AUTO_INCREMENT;

--
-- AUTO_INCREMENT for table `cabang`
--
ALTER TABLE `cabang`
  MODIFY `id_cabang` int(11) NOT NULL AUTO_INCREMENT, AUTO_INCREMENT=3;

--
-- AUTO_INCREMENT for table `cabang_dokter`
--
ALTER TABLE `cabang_dokter`
  MODIFY `id_cbdokter` int(11) NOT NULL AUTO_INCREMENT, AUTO_INCREMENT=7;

--
-- AUTO_INCREMENT for table `detail_apotik`
--
ALTER TABLE `detail_apotik`
  MODIFY `id` int(11) NOT NULL AUTO_INCREMENT, AUTO_INCREMENT=6956;

--
-- AUTO_INCREMENT for table `detail_layanan`
--
ALTER TABLE `detail_layanan`
  MODIFY `id` int(11) NOT NULL AUTO_INCREMENT, AUTO_INCREMENT=963;

--
-- AUTO_INCREMENT for table `detail_obat`
--
ALTER TABLE `detail_obat`
  MODIFY `id` int(11) NOT NULL AUTO_INCREMENT, AUTO_INCREMENT=1463;

--
-- AUTO_INCREMENT for table `detail_sisa_stok_obat`
--
ALTER TABLE `detail_sisa_stok_obat`
  MODIFY `id_detail_sisa_stok_obat` int(11) NOT NULL AUTO_INCREMENT, AUTO_INCREMENT=3209;

--
-- AUTO_INCREMENT for table `detail_stok_obat`
--
ALTER TABLE `detail_stok_obat`
  MODIFY `id` int(11) NOT NULL AUTO_INCREMENT, AUTO_INCREMENT=1151;

--
-- AUTO_INCREMENT for table `diskon`
--
ALTER TABLE `diskon`
  MODIFY `id_diskon` int(11) NOT NULL AUTO_INCREMENT, AUTO_INCREMENT=3;

--
-- AUTO_INCREMENT for table `dokter`
--
ALTER TABLE `dokter`
  MODIFY `id_dokter` int(11) NOT NULL AUTO_INCREMENT, AUTO_INCREMENT=4;

--
-- AUTO_INCREMENT for table `info_orang_terdekat`
--
ALTER TABLE `info_orang_terdekat`
  MODIFY `id_iot` int(11) NOT NULL AUTO_INCREMENT, AUTO_INCREMENT=99;

--
-- AUTO_INCREMENT for table `jadwal_dokter`
--
ALTER TABLE `jadwal_dokter`
  MODIFY `id_jadwal` int(11) NOT NULL AUTO_INCREMENT, AUTO_INCREMENT=8;

--
-- AUTO_INCREMENT for table `layanan`
--
ALTER TABLE `layanan`
  MODIFY `id_layanan` int(11) NOT NULL AUTO_INCREMENT, AUTO_INCREMENT=57;

--
-- AUTO_INCREMENT for table `login_session`
--
ALTER TABLE `login_session`
  MODIFY `id_user` int(5) NOT NULL AUTO_INCREMENT, AUTO_INCREMENT=45;

--
-- AUTO_INCREMENT for table `metode_pembayaran`
--
ALTER TABLE `metode_pembayaran`
  MODIFY `id_metode` int(11) NOT NULL AUTO_INCREMENT, AUTO_INCREMENT=4;

--
-- AUTO_INCREMENT for table `obat`
--
ALTER TABLE `obat`
  MODIFY `id` int(11) NOT NULL AUTO_INCREMENT, AUTO_INCREMENT=75;

--
-- AUTO_INCREMENT for table `pasien`
--
ALTER TABLE `pasien`
  MODIFY `id_pasien` int(11) NOT NULL AUTO_INCREMENT, AUTO_INCREMENT=46;

--
-- AUTO_INCREMENT for table `pemasukan`
--
ALTER TABLE `pemasukan`
  MODIFY `id` int(11) NOT NULL AUTO_INCREMENT;

--
-- AUTO_INCREMENT for table `pemeriksaan_klinis_khusus`
--
ALTER TABLE `pemeriksaan_klinis_khusus`
  MODIFY `id_pemeriksaan_khusus` int(11) NOT NULL AUTO_INCREMENT, AUTO_INCREMENT=19;

--
-- AUTO_INCREMENT for table `pemeriksaan_klinis_umum`
--
ALTER TABLE `pemeriksaan_klinis_umum`
  MODIFY `id_pemeriksaan_umum` int(11) NOT NULL AUTO_INCREMENT, AUTO_INCREMENT=19;

--
-- AUTO_INCREMENT for table `pemeriksaan_penunjang`
--
ALTER TABLE `pemeriksaan_penunjang`
  MODIFY `id_pemeriksaan_penunjang` int(11) NOT NULL AUTO_INCREMENT, AUTO_INCREMENT=19;

--
-- AUTO_INCREMENT for table `pendapatan`
--
ALTER TABLE `pendapatan`
  MODIFY `id` int(11) NOT NULL AUTO_INCREMENT, AUTO_INCREMENT=656;

--
-- AUTO_INCREMENT for table `pengeluaran`
--
ALTER TABLE `pengeluaran`
  MODIFY `id` int(11) NOT NULL AUTO_INCREMENT, AUTO_INCREMENT=389;

--
-- AUTO_INCREMENT for table `pilih_layanan`
--
ALTER TABLE `pilih_layanan`
  MODIFY `id_pil_layanan` int(11) NOT NULL AUTO_INCREMENT, AUTO_INCREMENT=19;

--
-- AUTO_INCREMENT for table `profil_pasien`
--
ALTER TABLE `profil_pasien`
  MODIFY `id_profile` int(11) NOT NULL AUTO_INCREMENT, AUTO_INCREMENT=2;

--
-- AUTO_INCREMENT for table `rencana`
--
ALTER TABLE `rencana`
  MODIFY `id_rcn` int(11) NOT NULL AUTO_INCREMENT, AUTO_INCREMENT=94;

--
-- AUTO_INCREMENT for table `survey`
--
ALTER TABLE `survey`
  MODIFY `id_survey` int(11) NOT NULL AUTO_INCREMENT, AUTO_INCREMENT=98;

--
-- AUTO_INCREMENT for table `tokens`
--
ALTER TABLE `tokens`
  MODIFY `id_token` int(11) NOT NULL AUTO_INCREMENT, AUTO_INCREMENT=26;

--
-- AUTO_INCREMENT for table `transaksi`
--
ALTER TABLE `transaksi`
  MODIFY `id_transaksi` int(11) NOT NULL AUTO_INCREMENT, AUTO_INCREMENT=1112;
COMMIT;

/*!40101 SET CHARACTER_SET_CLIENT=@OLD_CHARACTER_SET_CLIENT */;
/*!40101 SET CHARACTER_SET_RESULTS=@OLD_CHARACTER_SET_RESULTS */;
/*!40101 SET COLLATION_CONNECTION=@OLD_COLLATION_CONNECTION */;
